"cluster","title","type","polarity","severity","sev_rank","records","readers","readers_unprompted","n_readers_unprompted","families_unprompted","n_families_unprompted","chapters","top_ten_by","category","ids","quotes"
"C003","Rai Stones, Lydian coins and the bill's currency are never explained (Ch3)","confusion","-","stopper","3","3","hostile-1;reluctant-1;skimmer-1","hostile-1;reluctant-1;skimmer-1","3","adversarial;experience","2","Ch3;Ch18","hostile-1;reluctant-1","convergent","reluctant#013;skimmer#025;hostile#017","I've got potential to sell. Lots. | We could settle today, past bills and all, for… a Rai Stone. | thirty Lydian coins"
"C047","Restitution scenes (Ch16) list their items and repeat the point","pacing","-","stopper","3","4","auditor-1;skimmer-1;target-2","auditor-1;skimmer-1;target-2","3","audit;experience","2","Ch16;Ch17","auditor-1;skimmer-1","convergent","target-2#101;skimmer#144;skimmer#145;auditor#016","""Agreed,"" Pathwell said. | Blank archival paper. Storage boxes. Waxed cloth. Two replacement cabinets. Drying racks. | Route copies reconstructed from surviving originals and external copies where they exist."
"C044","Hearts game runs too long and drains the threat (Ch13)","pacing","-","snag","2","5","hostile-1;reluctant-1;rules-1;target-1;target-2","hostile-1;reluctant-1;rules-1;target-1;target-2","5","adversarial;audit;experience","3","Ch13;Ch17","reluctant-1;target-1","convergent","target-1#077;target-2#082;reluctant#065;rules#026;hostile#068","This child is cheating."
"C133","""That was the choice."" line is repeated (Ch4, Ch15)","voice/repetition","-","snag","2","4","hostile-1;prose-1;target-1;target-2","hostile-1;prose-1;target-1;target-2","4","adversarial;craft;experience","3","Ch4;Ch15","prose-1;target-1;target-2","convergent","target-1#022;target-2#022;prose#009;hostile#082","That was the choice. / Everything afterward was consequence. | That was the choice. / Everything else burned afterward. | That was the choice. Everything afterward was consequence."
"C136","Every character speaks in the same dry register (Ch4-18)","voice/repetition","-","snag","2","7","character-1;hostile-1;prose-1;target-1","character-1;hostile-1;prose-1;target-1","4","adversarial;craft;experience","3","Ch4;Ch7;Ch9;Ch11;Ch12;Ch13;Ch15;Ch16;Ch17;Ch18","character-1;prose-1;target-1","convergent","prose#001;prose#002;target-1#114;character#025;character#026;character#027;hostile#086","Don't become decorative. | History has casualties | Important distinction"
"C141","Narrator explains what the scene already showed (Ch4-18)","tone","-","snag","2","6","hostile-1;prose-1;skimmer-1;target-1","hostile-1;prose-1;skimmer-1;target-1","4","adversarial;craft;experience","3","Ch4;Ch7;Ch12;Ch15;Ch18","prose-1;skimmer-1","convergent","skimmer#038;skimmer#071;target-1#070;prose#012;prose#047;hostile#083","A day ago Elizabeth might have missed it: a conversation happening before anyone spoke. | Shade had never been particularly interested in deserving scenes. | She didn't regret the order."
"C147","Diary donation repeats the cookbook donation (Ch4, Ch12)","structure","-","snag","2","4","hostile-1;prose-1;target-1;target-2","hostile-1;prose-1;target-1;target-2","4","adversarial;craft;experience","3","Ch4;Ch12","prose-1;target-1;target-2","convergent","target-1#069;target-2#073;prose#008;hostile#062","Family name? | Store? / Loan? | suspended after the diary left it. Empty"
"C002","What ""He still has it"" refers to (Ch2) is unclear","confusion","-","snag","2","3","auditor-1;hostile-1;skimmer-1","auditor-1;hostile-1;skimmer-1","3","adversarial;audit;experience","3","Ch2;Ch3;Ch4","hostile-1","convergent","skimmer#024;auditor#054;hostile#011","He still has it."
"C033","Elizabeth's own want is thin or unclear (Ch1-18)","motivation","-","snag","2","3","auditor-1;prose-1;target-1","auditor-1;prose-1;target-1","3","audit;craft;experience","3","Ch1;Ch4;Ch17;Ch18;Ch5-16","prose-1","convergent","prose#016;auditor#028;target-1#116","Because she wanted to go. | Work would still contain email"
"C131","Ch8 opens by repeating Ch1's first line (Ch1, Ch8)","voice/repetition","-","snag","2","3","auditor-1;hostile-1;reluctant-1","auditor-1;hostile-1;reluctant-1","3","adversarial;audit;experience","3","Ch1;Ch8","auditor-1;reluctant-1","convergent","auditor#019;hostile#044;reluctant#044","It was the crash that woke her | It was the crash that woke her."
"C134","Milo's falling-sock gag repeats (Ch4-15)","voice/repetition","-","snag","2","3","hostile-1;prose-1;target-1","hostile-1;prose-1;target-1","3","adversarial;craft;experience","3","Ch4;Ch6;Ch12;Ch13;Ch15","prose-1","convergent","target-1#079;prose#005;hostile#060","One sock had surrendered halfway down his calf."
"C012","Stansbury's ""Leo"" and ""big cat"" nicknames are never explained (Ch10)","confusion","-","snag","2","5","auditor-1;reluctant-1;skimmer-1;target-1;target-2","auditor-1;reluctant-1;skimmer-1;target-1;target-2","5","audit;experience","2","Ch10;Ch11","auditor-1;target-2","convergent","target-1#058;target-2#063;reluctant#053;skimmer#097;auditor#017","She is our responsibility, Leo. | She's our responsibility, Leo."
"C048","Ch17 aftermath and recap passages run long","pacing","-","snag","2","4","reluctant-1;rules-1;skimmer-1;target-1","reluctant-1;rules-1;skimmer-1;target-1","4","audit;experience","2","Ch17","reluctant-1;target-1","convergent","target-1#102;reluctant#084;skimmer#158;rules#027","Color is also a dimension. | No debt vanished."
"C057","Who asked Pathwell for help, and what the problem was, is never named (Ch5-17)","promise","-","snag","2","4","reluctant-1;rules-1;target-1;target-2","reluctant-1;rules-1;target-1;target-2","4","audit;experience","2","Ch5;Ch6;Ch10;Ch17;Ch18","rules-1;target-1;target-2","convergent","target-2#062;target-1#059;reluctant#050;rules#004","Someone asked me for help. | They did not ask me to prune. I did not ask whether they wanted me to. | They had a problem. A real one."
"C019","Day-of-week slips (Thursday vs Saturday) are never acknowledged (Ch2-5)","continuity","-","snag","2","3","auditor-1;hostile-1;rules-1","auditor-1;hostile-1;rules-1","3","adversarial;audit","2","Ch2;Ch3;Ch5","rules-1","convergent","auditor#030;rules#009;hostile#026","I don't lie. | It's Saturday, | It's Thursday."
"C022","Why the blob was already at Elizabeth's door is never explained (Ch1-5)","logic","-","snag","2","3","auditor-1;rules-1;target-1","auditor-1;rules-1;target-1","3","audit;experience","2","Ch1;Ch4;Ch5;Ch6;Ch7;Ch15","target-1","convergent","target-1#041;rules#018;auditor#029","It was already at the door before you used the cookbook? | The part that doesn't fit is why it was already at your door"
"C031","Pathwell repeats the same mistake from Ch11 into Ch14","motivation","-","snag","2","3","hostile-1;target-1;target-2","hostile-1;target-1;target-2","3","adversarial;experience","2","Ch10;Ch11;Ch14","target-1","convergent","target-2#072;hostile#059;target-1#067","I can contain this | That's what you said at the museum."
"C051","Why Pathwell was in Elizabeth's flat and why the creature came to her door is never explained (Ch1-17)","promise","-","snag","2","3","auditor-1;target-1;target-2","auditor-1;target-1;target-2","3","audit;experience","2","Ch1;Ch2;Ch5;Ch9;Ch17","auditor-1;target-1","convergent","target-2#029;auditor#001;target-1#028","""Her door,"" Pathwell said. / ""Was it?"" | ""Her door,"" Pathwell said. / Stansbury looked at him. ""Was it?"" | He'd been at the party, talking to everybody"
"C058","The magic has no plain stated rules the reader can judge choices by (Ch1-18)","rule","-","snag","2","3","hostile-1;reluctant-1;skimmer-1","hostile-1;reluctant-1;skimmer-1","3","adversarial;experience","2","Ch3;Ch5;Ch7;Ch9;Ch10;Ch14;Ch15;Ch18;Ch1-18","hostile-1;skimmer-1","convergent","reluctant#025;hostile#099;skimmer#065","Cuts separation into things that don't separate easily."
"C145","Ch17 summary paragraphs restate the arc (Ch17)","tone","-","snag","2","3","hostile-1;target-1;target-2","hostile-1;target-1;target-2","3","adversarial;experience","2","Ch17","hostile-1;target-2","convergent","target-1#105;target-2#106;hostile#092","Because she wanted to go. | No debt vanished. | Shade was still dead. The diary was still ash. Nana's cookbook was still ash."
"C036","The Camp roll call of cunning folk drags (Ch4)","pacing","-","quibble","1","4","prose-1;skimmer-1;target-1;target-2","prose-1;skimmer-1;target-1;target-2","4","craft;experience","2","Ch4","","convergent","target-1#020;target-2#021;skimmer#037;prose#065","Abode of the spaewives and the gwyllion. | Did I say runemasters? | Sanctuary, alcove, holdfast and haunt"
"C008","Bakhtak is mentioned and never explained (Ch5)","confusion","-","quibble","1","3","hostile-1;reluctant-1;target-2","hostile-1;reluctant-1;target-2","3","adversarial;experience","2","Ch5","hostile-1;target-2","convergent","target-2#035;reluctant#029;hostile#030","Bakhtak | a particularly annoying Bakhtak—"
"C010","The ""how much machine she was responsible for"" line is unclear (Ch7)","confusion","-","quibble","1","3","hostile-1;reluctant-1;skimmer-1","hostile-1;reluctant-1;skimmer-1","3","adversarial;experience","2","Ch7","","convergent","reluctant#037;skimmer#072;hostile#041","She had become very aware of how much machine she was responsible for | She had become very aware of how much machine she was responsible for."
"C027","Pathwell calls her ""Lizzy"" before she gives the name (Ch2-3)","knowledge","-","quibble","1","3","rules-1;target-1;target-2","rules-1;target-1;target-2","3","audit;experience","2","Ch2;Ch3","","convergent","target-1#007;target-2#008;rules#019","Isn't that what your grandmother called you?"
"C139","Second-person narrator aside in the town paragraph (Ch5)","voice/repetition","-","quibble","1","3","hostile-1;reluctant-1;target-1","hostile-1;reluctant-1;target-1","3","adversarial;experience","2","Ch5","reluctant-1","convergent","target-1#029;reluctant#032;hostile#029","You would be forgiven for not stopping in the town | You would be forgiven for not stopping in the town as you drove through"
"C148","Milo trapped in the burning archive is a stock peril (Ch14)","structure","-","quibble","1","3","hostile-1;target-1;target-2","hostile-1;target-1;target-2","3","adversarial;experience","2","Ch14","","convergent","target-1#085;target-2#088;hostile#076",""
"C073","Giving up the cookbook page is the book's central cost (Ch4)","strength","+","strong","2","6","hostile-1;reluctant-1;skimmer-1;target-1;target-2","hostile-1;reluctant-1;skimmer-1;target-1;target-2","5","adversarial;experience","2","Ch4","","convergent","target-1#017;target-2#018;reluctant#023;skimmer#040;hostile#024;hostile#100","If I keep holding the rest, I'm going to spend the next ten minutes finding a reason this page is the wrong one. | MORE IF THEY'RE SICK | Not burned. Spent."
"C087","Elizabeth's car speech about becoming the driver (Ch7)","strength","+","strong","2","5","hostile-1;reluctant-1;skimmer-1;target-1;target-2","hostile-1;reluctant-1;skimmer-1;target-1;target-2","5","adversarial;experience","2","Ch7","","convergent","target-1#037;target-2#047;reluctant#039;skimmer#073;hostile#043","But somehow every time we get to the part where somebody explains what the hell is happening, I become the driver. | Whose decision was that? | somehow every time we get to the part where somebody explains what the hell is happening, I become the driver"
"C097","Accession cards and household ledgers show what magic breaks (Ch11)","strength","+","strong","2","6","hostile-1;reluctant-1;skimmer-1;target-1;target-2","hostile-1;reluctant-1;skimmer-1;target-1;target-2","5","adversarial;experience","2","Ch11","","convergent","target-1#060;target-2#064;reluctant#054;skimmer#104;skimmer#105;hostile#057","He complained about socks. | NO. COAT FOUND IN HENRY VALE'S ATTIC, 1978. FAMILY SAYS HIS FATHER WORE IT TO HIS WEDDING AFTER THE WAR. | SAM HOME TODAY. THIN AS A FENCE RAIL. ATE THREE EGGS."
"C127","Merritt cookbook margin note ""RUTH LIED ABOUT THE LARD"" (Ch18)","strength","+","strong","2","5","hostile-1;reluctant-1;skimmer-1;target-1;target-2","hostile-1;reluctant-1;skimmer-1;target-1;target-2","5","adversarial;experience","2","Ch18","skimmer-1","convergent","target-1#108;target-2#114;reluctant#088;skimmer#169;hostile#096","RUTH LIED ABOUT THE LARD. | RUTH LIED ABOUT THE LARD. SHE DID NOT. YOU USED THE WRONG CUP."
"C068","The bookshop of kept lives is the book's best idea (Ch3)","strength","+","strong","2","4","hostile-1;skimmer-1;target-1;target-2","hostile-1;skimmer-1;target-1;target-2","4","adversarial;experience","2","Ch3","","convergent","target-1#012;target-2#011;skimmer#031;hostile#020","Not books — lives. | Not books — lives. Journals with cracked spines, letters bundled in ribbon, recipes on index cards spotted with oil."
"C088","Elizabeth crashes the car on purpose (Ch8)","strength","+","strong","2","4","hostile-1;reluctant-1;target-1;target-2","hostile-1;reluctant-1;target-1;target-2","4","adversarial;experience","2","Ch8","","convergent","target-1#042;target-2#048;reluctant#041;hostile#046","Elizabeth chose the ditch. | Now we're stopped."
"C090","""You were never the point"" refuses the chosen-one move (Ch9)","strength","+","strong","2","5","character-1;hostile-1;skimmer-1;target-1;target-2","hostile-1;skimmer-1;target-1;target-2","4","adversarial;experience","2","Ch9","","convergent","target-1#050;target-2#054;skimmer#089;character#010;hostile#050","You were never the point. | You were never the point... Don't make that sentence larger than it is."
"C094","Pathwell's van confession (Ch10)","strength","+","strong","2","4","hostile-1;reluctant-1;target-1;target-2","hostile-1;reluctant-1;target-1;target-2","4","adversarial;experience","2","Ch10","","convergent","target-1#053;target-2#061;reluctant#048;hostile#053","I built a working around the result I wanted... I paid with mine. | My choice produced the failure he came from. That much is mine. | My choice produced the failure he came from... That much is mine."
"C096","Grocery-list tracking spell and the unsent letter (Ch10)","strength","+","strong","2","4","hostile-1;skimmer-1;target-1;target-2","hostile-1;skimmer-1;target-1;target-2","4","adversarial;experience","2","Ch10","","convergent","target-1#054;target-2#058;skimmer#095;hostile#054","Movement in sequence. Nothing more romantic than errands. | Nothing more romantic than errands | Nothing more romantic than errands."
"C111","The burning archive image (Ch14)","strength","+","strong","2","4","hostile-1;skimmer-1;target-1;target-2","hostile-1;skimmer-1;target-1;target-2","4","adversarial;experience","2","Ch14","","convergent","target-1#086;target-2#087;skimmer#134;hostile#081","Someone laughing at a funeral and hating themselves for it. | Someone writing a daughter's name three times because once had not felt sufficient."
"C115","The cookbook and diary burn with no magical payoff (Ch15)","strength","+","strong","2","4","hostile-1;reluctant-1;skimmer-1;target-1","hostile-1;reluctant-1;skimmer-1;target-1","4","adversarial;experience","2","Ch15","skimmer-1","convergent","target-1#088;reluctant#078;skimmer#142;hostile#084","No spell. / No sacrifice. / No last message. / Just fire. | No spell. No sacrifice. No last message. Just fire."
"C066","Street dislocation: the coffee shop gone and a park that should not be there (Ch2)","strength","+","strong","2","3","hostile-1;skimmer-1;target-2","hostile-1;skimmer-1;target-2","3","adversarial;experience","2","Ch2","","convergent","target-2#007;skimmer#021;hostile#014","A park that shouldn't have been there. | a park that shouldn't have been there"
"C085","""Wet. Heavy."" sting at the end of Ch6 echoes Ch1","strength","+","strong","2","3","hostile-1;skimmer-1;target-2","hostile-1;skimmer-1;target-2","3","adversarial;experience","2","Ch1;Ch6","","convergent","target-2#040;skimmer#063;hostile#039","Wet. Heavy."
"C102","Donor permission card joke (Ch12)","strength","+","strong","2","3","hostile-1;skimmer-1;target-2","hostile-1;skimmer-1;target-2","3","adversarial;experience","2","Ch12","","convergent","target-2#074;skimmer#117;hostile#066","DONOR PERMISSION REQUIRED. PATHWELL IS NOT DONOR."
"C110","Stansbury's responsibility speech states the book's thesis (Ch14)","strength","+","strong","2","3","hostile-1;target-1;target-2","hostile-1;target-1;target-2","3","adversarial;experience","2","Ch14","","convergent","target-1#087;target-2#086;hostile#078","How many times are you going to call that responsibility before you notice the rest of us are still here?"
"C120","Elizabeth refuses to make Pathwell's guilt useful (Ch16)","strength","+","strong","2","3","hostile-1;target-1;target-2","hostile-1;target-1;target-2","3","adversarial;experience","2","Ch16","","convergent","target-1#097;target-2#099;hostile#088","I need you not to make me responsible for whether you become a better person, | I need you not to make me responsible for whether you become a better person."
"C121","Archivist's ledger entry for Shade (Ch16)","strength","+","strong","2","3","hostile-1;target-1;target-2","hostile-1;target-1;target-2","3","adversarial;experience","2","Ch16","","convergent","target-1#093;target-2#097;hostile#090","Archive burned. Categories are temporarily flexible. | LIKED POCKETS. | UNKNOWN"
"C007","Olan and Hess are named with no context (Ch4)","confusion","-","stopper","3","2","reluctant-1;skimmer-1","reluctant-1;skimmer-1","2","experience","1","Ch4;Ch17","","short of convergent","reluctant#021;skimmer#036","Hess has been dead twenty-two years. | Tell Olan he was wrong."
"C025","Shade's death is a convenient exit that the plot did not need (Ch15)","logic","-","stopper","3","2","character-1;target-2","target-2","1","experience","1","Ch15","character-1","short of convergent","target-2#094;character#045","It could just take the fresh spill."
"C013","Reader loses track of who is where in the museum blast (Ch11)","confusion","-","snag","2","2","rules-1;skimmer-1","rules-1;skimmer-1","2","audit;experience","2","Ch11","","short of convergent","skimmer#103;rules#012",""
"C024","Elizabeth's walk to the bar makes no sense (Ch9)","logic","-","snag","2","2","auditor-1;target-2","auditor-1;target-2","2","audit;experience","2","Ch9;Ch10","","short of convergent","target-2#057;auditor#067","She walked toward the bar because it was where the night had started."
"C041","Museum destruction is spectacle, not decision (Ch11)","pacing","-","snag","2","2","rules-1;target-2","rules-1;target-2","2","audit;experience","2","Ch11","rules-1","short of convergent","target-2#069;rules#011","The working tried to make distance physical, and it shoved chairs, signs, the broken barrier"
"C053","Pathwell's promise to answer all questions is never kept (Ch3)","promise","-","snag","2","2","rules-1;skimmer-1","rules-1;skimmer-1","2","audit;experience","2","Ch3","","short of convergent","skimmer#028;rules#017","I can answer all your questions, even the ones you'll have next. | Lizzy, I can answer all your questions, even the ones you'll have next."
"C055","Mirror reflection is wrong and the wrongness is never explained (Ch6-7)","promise","-","snag","2","2","rules-1;skimmer-1","rules-1;skimmer-1","2","audit;experience","2","Ch6;Ch7;Ch8","","short of convergent","skimmer#067;rules#033","wrong in the smallest possible way"
"C060","The waste-creature rule is dropped whenever it is inconvenient (Ch5-15)","rule","-","snag","2","2","hostile-1;rules-1","hostile-1;rules-1","2","adversarial;audit","2","Ch5;Ch15","rules-1","short of convergent","rules#003;hostile#033","If you don't stand between them and what they're after, they're unpleasant rather than murderous. | unpleasant rather than murderous"
"C132","""Perfect."" used as a recurring reply (Ch1, Ch18)","voice/repetition","-","snag","2","2","hostile-1;prose-1","hostile-1;prose-1","2","adversarial;craft","2","Ch1;Ch18","","short of convergent","prose#038;hostile#003","Perfect."
"C137","""Not X. Y."" fragment pairs are overused (Ch4-13)","voice/repetition","-","snag","2","2","prose-1;target-1","prose-1;target-1","2","craft;experience","2","Ch4;Ch7;Ch11;Ch12;Ch13;Ch15","prose-1;target-1","short of convergent","prose#013;target-1#040","Not cruel. Worse. Useful. | Not hidden. Not displayed. Available."
"C001","What the blob is and what ""marked"" means in Ch1 is unclear","confusion","-","snag","2","3","reluctant-1;skimmer-1","reluctant-1;skimmer-1","2","experience","1","Ch1;Ch4;Ch9;Ch15","","short of convergent","reluctant#003;reluctant#004;skimmer#006","Low tide, a long way from any sea. | your house has now been marked, magically speaking | your house has now been marked, magically speaking."
"C009","The pull (and the draw) is never defined (Ch6)","confusion","-","snag","2","2","reluctant-1;skimmer-1","reluctant-1;skimmer-1","2","experience","1","Ch6;Ch6-15","","short of convergent","reluctant#036;skimmer#057","A pull without a destination. A thread caught somewhere behind the ribs and drawn taut at odd intervals. | The tension had direction if I tested it. Barely."
"C011","What Shade is is never stated (Ch8)","confusion","-","snag","2","2","reluctant-1;skimmer-1","reluctant-1;skimmer-1","2","experience","1","Ch8;Ch16","reluctant-1","short of convergent","reluctant#043;skimmer#081","Existing. Pick a word."
"C014","Thumper is introduced without explanation (Ch12)","confusion","-","snag","2","2","reluctant-1;target-2","reluctant-1;target-2","2","experience","1","Ch12;Ch13","target-2","short of convergent","target-2#078;reluctant#058","Thumper was in there too: his six-toed paw print pressed into the center of a page."
"C015","Cookbook pages-used count does not match the card (Ch1-15)","continuity","-","snag","2","2","auditor-1;rules-1","auditor-1;rules-1","2","audit","1","Ch1;Ch4;Ch12;Ch15","auditor-1;rules-1","short of convergent","rules#001;auditor#003","ONE PAGE USED — CHICKEN & DUMPLINGS | ONE PAGE USED — CHICKEN & DUMPLINGS."
"C020","The Cadillac's fate is never tracked after the crash (Ch8-11)","continuity","-","snag","2","3","auditor-1;rules-1","auditor-1;rules-1","2","audit","1","Ch8;Ch10;Ch11","auditor-1","short of convergent","auditor#013;auditor#014;rules#061","My axle is in a drainage culvert. | You broke my car."
"C039","Memory-working set piece runs long (Ch10)","pacing","-","snag","2","3","skimmer-1;target-1","skimmer-1;target-1","2","experience","1","Ch10","target-1","short of convergent","target-1#056;skimmer#093;skimmer#094","A shared experience works best. | Bank it. | Neon in wet pavement."
"C032","Shade's reason for volunteering and for walking into the blob is unstated (Ch15)","motivation","-","snag","2","2","character-1;target-1","target-1","1","experience","1","Ch15","","short of convergent","target-1#092;character#048","I'd like to find out which problem it thinks is biggest | I'd like to find out which problem it thinks is biggest."
"C005","Untranslated Latin in the binding ritual is not glossed (Ch3)","confusion","-","quibble","1","2","hostile-1;reluctant-1","hostile-1;reluctant-1","2","adversarial;experience","2","Ch3","reluctant-1","short of convergent","reluctant#014;hostile#018","Perdat quod esse poterat | Perdat quod esse poterat."
"C006","Who says ""This wheel is new."" is unattributed (Ch4)","confusion","-","quibble","1","2","auditor-1;target-2","auditor-1;target-2","2","audit;experience","2","Ch4","target-2","short of convergent","target-2#023;auditor#040","This wheel is new."
"C017","Pronoun slip when a single cookbook is described (Ch1)","continuity","-","quibble","1","2","auditor-1;prose-1","auditor-1;prose-1","2","audit;craft","2","Ch1","","short of convergent","auditor#055;prose#026","They're… in a box in the kitchen?"
"C018","Coffee shop became a shuttered laundromat, never explained (Ch2-18)","continuity","-","quibble","1","2","auditor-1;target-1","auditor-1;target-1","2","audit;experience","2","Ch2;Ch18","","short of convergent","target-1#010;auditor#081",""
"C021","Thumper's six-toed paw print appears without setup (Ch12)","continuity","-","quibble","1","2","auditor-1;hostile-1","auditor-1;hostile-1","2","adversarial;audit","2","Ch12","hostile-1","short of convergent","auditor#075;hostile#061","Thumper was in there too: his six-toed paw print pressed into the center of a page. | six-toed paw print"
"C056","Bartender's hand moves before the glass and it goes nowhere (Ch6)","promise","-","quibble","1","2","hostile-1;rules-1","hostile-1;rules-1","2","adversarial;audit","2","Ch6","","short of convergent","rules#034;hostile#035","She could have sworn one of them came a hair before his hand did. | could have sworn one of them came a hair before his hand did"
"C130","Ch1's ""Wet thud"" beat is repeated (Ch1, Ch6)","voice/repetition","-","quibble","1","2","prose-1;target-1","prose-1;target-1","2","craft;experience","2","Ch1;Ch6","","short of convergent","target-1#034;prose#077","A wet thud hit from down the hall. | Wet. Heavy."
"C135","""Waited."" used as a repeated beat (Ch4-15)","voice/repetition","-","quibble","1","2","prose-1;reluctant-1","prose-1;reluctant-1","2","craft;experience","2","Ch4;Ch9;Ch12;Ch13;Ch15;Ch18","prose-1","short of convergent","prose#004;reluctant#066","Mama Baga waited. Shade waited. | Waited."
"C138","Stock one-word replies (""Probably."", ""Fair."") repeat (Ch9)","voice/repetition","-","quibble","1","3","prose-1;skimmer-1","prose-1;skimmer-1","2","craft;experience","2","Ch9;Ch12;Ch15;Ch18","","short of convergent","skimmer#086;prose#029;prose#033","Fair enough. | Fair. | Probably."
"C144","Jokes arrive too soon after serious beats (Ch11)","tone","-","quibble","1","2","hostile-1;target-2","hostile-1;target-2","2","adversarial;experience","2","Ch11","","short of convergent","target-2#070;hostile#055","Museums are arguments conducted very slowly. | You have lost museum privileges for the morning."
"C043","Healer scene runs long (Ch12)","pacing","-","quibble","1","4","reluctant-1;skimmer-1;target-1","reluctant-1;skimmer-1;target-1","3","experience","1","Ch12","","short of convergent","target-1#073;reluctant#063;skimmer#110;skimmer#111","Does being ready change anything? | The healer moved Elizabeth's coat and the borrowed blazer aside carefully and examined the shoulder without trying to prove anything about pain tolerance"
"C049","Ch18 five-routes exchange runs long","pacing","-","quibble","1","3","reluctant-1;skimmer-1;target-2","reluctant-1;skimmer-1;target-2","3","experience","1","Ch18","","short of convergent","target-2#118;reluctant#089;skimmer#166","Four without making the Shopkeeper invent anything unpleasant. | The fifth is seasonal. | The first sounded useful. The second sounded beautiful and crowded."
"C004","Camp Cunnan is named with no explanation (Ch3)","confusion","-","quibble","1","2","reluctant-1;skimmer-1","reluctant-1;skimmer-1","2","experience","1","Ch3","","short of convergent","reluctant#012;skimmer#026","Did Camp Cunnan ask you for all of this?"
"C034","Dumpling digression slows Ch2","pacing","-","quibble","1","3","skimmer-1;target-2","skimmer-1;target-2","2","experience","1","Ch2","","short of convergent","target-2#009;skimmer#014;skimmer#015","I'm all about the dumplings, the dumplings are perfect here. | Perfectly crappy | They aren't trying to be anything they're not."
"C040","Parking-lot and breakfast banter delay the museum set piece (Ch11)","pacing","-","quibble","1","2","reluctant-1;skimmer-1","reluctant-1;skimmer-1","2","experience","1","Ch11","reluctant-1","short of convergent","reluctant#055;skimmer#098","I support the arts | Well, I don't want to get towed for parking in a blue spot. What if someone comes along and needs it?"
"C046","Elizabeth's crying list runs one item too long (Ch16)","pacing","-","quibble","1","2","reluctant-1;target-1","reluctant-1;target-1","2","experience","1","Ch16","","short of convergent","target-1#100;reluctant#083","Elizabeth cried for Nana. | For Nana. For the cookbook..."
"C054","The cookbook's weight is never explained (Ch3-4)","promise","-","quibble","1","2","auditor-1;rules-1","auditor-1;rules-1","2","audit","1","Ch3;Ch4","","short of convergent","auditor#032;rules#016","Missing a page should have made it lighter. | The cookbook felt heavier, which was stupid."
"C028","Shade is a mystery whose nature is withheld or over-explained (Ch8)","knowledge","-","quibble","1","2","character-1;target-2","target-2","1","experience","1","Ch8","","short of convergent","target-2#051;character#003","I remember things I did not live"
"C061","Opening image of the stranger reading her diary works (Ch1)","strength","+","strong","2","2","hostile-1;target-2","hostile-1;target-2","2","adversarial;experience","2","Ch1","","short of convergent","target-2#001;hostile#006","reading her diary like a magazine in a waiting room"
"C065","Elizabeth's packed-up life in garbage bags (Ch2)","strength","+","strong","2","2","hostile-1;target-2","hostile-1;target-2","2","adversarial;experience","2","Ch2","","short of convergent","target-2#006;hostile#013","A life she'd packed into garbage bags and moved across the city because staying felt worse than leaving"
"C070","The bookshop sacrifice is the strongest writing so far (Ch3)","strength","+","strong","2","2","hostile-1;reluctant-1","hostile-1;reluctant-1","2","adversarial;experience","2","Ch3","","short of convergent","reluctant#016;hostile#019","Pathwell screamed in a million voices, voices lost to time, burning out to become memories never made."
"C077","Nana's margin note ""MORE IF THEY'RE SICK"" carries her voice (Ch4)","strength","+","strong","2","2","hostile-1;prose-1","hostile-1;prose-1","2","adversarial;craft","2","Ch4;Ch18","","short of convergent","prose#053;hostile#025","MORE IF THEY'RE SICK. THEY WON'T EAT ENOUGH. | RUTH LIED ABOUT THE LARD."
"C082","Stansbury's first definition of waste and failed workings (Ch5)","strength","+","strong","2","2","hostile-1;reluctant-1","hostile-1;reluctant-1","2","adversarial;experience","2","Ch5;Ch15","","short of convergent","reluctant#031;hostile#032","Failed workings. Unsettled messes. | Things like that clean up loose magical waste."
"C083","Elizabeth frees Pathwell with the dagger (Ch7)","strength","+","strong","2","2","hostile-1;target-1","hostile-1;target-1","2","adversarial;experience","2","Ch5;Ch7","","short of convergent","hostile#042;target-1#036","Not flesh. A seam."
"C086","Mirror self-recognition passage (Ch6)","strength","+","strong","2","3","hostile-1;skimmer-1","hostile-1;skimmer-1","2","adversarial;experience","2","Ch6","","short of convergent","skimmer#059;skimmer#060;hostile#037","His own face in the mirror suddenly felt less like evidence than like an accusation. | His reflection leaned closer, perfectly. Of course it did. | like hearing your own voice on a recording and recognizing every word without recognizing the man who said them."
"C092","The diner gives Shade a specific voice and habits (Ch9)","strength","+","strong","2","3","character-1;prose-1;target-1","prose-1;target-1","2","craft;experience","2","Ch9","","short of convergent","target-1#049;character#012;prose#056","For him to stop deciding what I am before I get to. | Try some nouns. | counted out the tip with irritating precision"
"C099","Pathwell's ""I did that."" lands on the destruction (Ch11)","strength","+","strong","2","2","hostile-1;skimmer-1","hostile-1;skimmer-1","2","adversarial;experience","2","Ch11","","short of convergent","skimmer#108;hostile#058","I did that."
"C100","Elizabeth's broken shoulder is a lasting cost (Ch11-17)","strength","+","strong","2","2","rules-1;target-2","rules-1;target-2","2","audit;experience","2","Ch11;Ch12;Ch14;Ch15;Ch17","","short of convergent","target-2#067;rules#053","a shoulder that hurt when rain moved in"
"C105","Shade drinks the coffee and echoes Pathwell (Ch13)","strength","+","strong","2","3","character-1;hostile-1;target-2","hostile-1;target-2","2","adversarial;experience","2","Ch13","character-1","short of convergent","target-2#080;character#030;hostile#070","He was right once | Pathwell said exactly that to me once | Then I don't remember it."
"C107","Shade becomes a person at the card table (Ch13)","strength","+","strong","2","3","character-1;hostile-1;reluctant-1","hostile-1;reluctant-1","2","adversarial;experience","2","Ch13","","short of convergent","reluctant#064;character#032;hostile#069","He would start a motion, pause, and go on only after looking at what his hands were actually doing. | I don't know what I am here."
"C114","""Will you stay?"" / ""No."" exchange (Ch15)","strength","+","strong","2","3","character-1;hostile-1;target-2","hostile-1;target-2","2","adversarial;experience","2","Ch15","","short of convergent","target-2#093;character#043;hostile#085","Will you stay?"
"C118","Mama Baga's restitution scene is the book's thesis (Ch16)","strength","+","strong","2","2","hostile-1;reluctant-1","hostile-1;reluctant-1","2","adversarial;experience","2","Ch16","","short of convergent","reluctant#081;hostile#089","Stop naming impossible payment as if saying a large enough number is accountability. | What do you owe?"
"C124","Elizabeth's written statement records what happened (Ch17)","strength","+","strong","2","2","reluctant-1;rules-1","reluctant-1;rules-1","2","audit;experience","2","Ch17","","short of convergent","reluctant#086;rules#058","She wrote that she told him not to use the letter. She wrote that he used it anyway."
"C125","Elizabeth calls it evidence, not redemption (Ch17)","strength","+","strong","2","2","hostile-1;skimmer-1","hostile-1;skimmer-1","2","adversarial;experience","2","Ch17","","short of convergent","skimmer#159;hostile#094","Elizabeth didn't call that redemption. She called it evidence."
"C126","Elizabeth's ending: she wanted to go (Ch17-18)","strength","+","strong","2","2","auditor-1;skimmer-1","auditor-1;skimmer-1","2","audit;experience","2","Ch17;Ch18","","short of convergent","skimmer#162;auditor#025","Because she wanted to go."
"C128","The ending hands the choice back: ""Do you want to come?"" (Ch18)","strength","+","strong","2","2","hostile-1;reluctant-1","hostile-1;reluctant-1","2","adversarial;experience","2","Ch18","","short of convergent","reluctant#087;hostile#097","Do you want to come?"
"C078","The Mr. and Mrs. Pathwell school bit (Ch5)","strength","+","strong","2","5","reluctant-1;skimmer-1;target-1;target-2","reluctant-1;skimmer-1;target-1;target-2","4","experience","1","Ch5","","short of convergent","target-1#026;target-2#024;target-2#025;reluctant#033;skimmer#048","Don't be rude, honey. | How'd you know it was an elementary school? | I'm the missus"
"C069","The aisle where Elizabeth catches other people's feelings is strong (Ch3)","strength","+","strong","2","3","skimmer-1;target-1;target-2","skimmer-1;target-1;target-2","3","experience","1","Ch3","","short of convergent","target-1#013;target-2#012;skimmer#032","None of that had been hers, and she held on to that | None of that had been hers, and she held on to that. / Then something was. | Something heavier, pressing against the inside of her ribs like a fist she couldn't unclench."
"C081","Stansbury's children's-work argument (Ch5)","strength","+","strong","2","4","reluctant-1;target-1;target-2","reluctant-1;target-1;target-2","3","experience","1","Ch5","","short of convergent","target-1#031;target-2#027;target-2#028;reluctant#034","I harness the latent magic energy created by the children's work and redirect it into items. | the parents get to put it up on the fridge and then toss it in a box in the attic for a decade"
"C103","Diary to-do list and Nana's spoon checklist (Ch12)","strength","+","strong","2","3","reluctant-1;target-1;target-2","reluctant-1;target-1;target-2","3","experience","1","Ch12","","short of convergent","target-1#071;target-2#075;reluctant#062","CALL ELECTRIC / BUY BOXES / CHANGE ADDRESS / FIND NANA'S SPOON | FIND NANA'S SPOON | FIND NANA'S SPOON / The last item was checked twice."
"C116","Elizabeth runs past her diary and cookbook to save Milo (Ch15)","strength","+","strong","2","3","reluctant-1;skimmer-1;target-2","reluctant-1;skimmer-1;target-2","3","experience","1","Ch15","","short of convergent","target-2#091;reluctant#079;skimmer#140","Her own ordinary handwriting disappeared without being used for anything. | She didn't regret the order. | That's not the same as can't. Try."
"C122","Pathwell stops himself offering Henry Vale's letters (Ch17)","strength","+","strong","2","3","reluctant-1;target-1;target-2","reluctant-1;target-1;target-2","3","experience","1","Ch17","","short of convergent","target-1#103;target-2#108;reluctant#085","No. They are not Daniel's. | They are not Daniel's."
"C062","The ""Don't think. What's your favorite recipe?"" drill pulls the reader in (Ch1)","strength","+","strong","2","2","skimmer-1;target-2","skimmer-1;target-2","2","experience","1","Ch1","","short of convergent","target-2#002;skimmer#008","Don't think. What's your favorite recipe?"
"C064","Dry-cleaning ticket beat lands (Ch2-17)","strength","+","strong","2","2","skimmer-1;target-1","skimmer-1;target-1","2","experience","1","Ch2;Ch17","","short of convergent","target-1#008;skimmer#020","The ticket skipped off the edge, caught the gutter, and was gone."
"C074","Cookbook given up in Ch4 pays off in the Ch15 fire (Ch4-15)","strength","+","strong","2","2","auditor-1;rules-1","auditor-1;rules-1","2","audit","1","Ch4;Ch12;Ch15;Ch16","","short of convergent","auditor#023;rules#054","Not burned. Spent. | That was the choice. Everything afterward was consequence."
"C075","""Specificity is expensive."" lands (Ch4)","strength","+","strong","2","2","skimmer-1;target-2","skimmer-1;target-2","2","experience","1","Ch4","","short of convergent","target-2#019;skimmer#042","Specificity is expensive."
"C079","Stansbury corrects Pathwell's dramatic version (Ch5)","strength","+","strong","2","2","skimmer-1;target-1","skimmer-1;target-1","2","experience","1","Ch5","","short of convergent","target-1#027;skimmer#049","That is a more compelling version."
"C084","The brothers' fish-and-bar argument (Ch6)","strength","+","strong","2","3","skimmer-1;target-2","skimmer-1;target-2","2","experience","1","Ch6","","short of convergent","target-2#038;target-2#039;skimmer#055","""Seventeen years."" / ""Consistency,"" said Pathwell. / ""Stagnation,"" said Stansbury. / ""Branding."" | No. I ordered it because I enjoy disappointment. | which wasn't the same as ignoring each other"
"C089","""Same ingredients. Different recipe."" reveal lands (Ch8)","strength","+","strong","2","2","reluctant-1;skimmer-1","reluctant-1;skimmer-1","2","experience","1","Ch8","","short of convergent","reluctant#042;skimmer#079","Same ingredients. Different recipe."
"C095","Elizabeth refuses to be Pathwell's excuse (Ch10)","strength","+","strong","2","2","reluctant-1;skimmer-1","reluctant-1;skimmer-1","2","experience","1","Ch10","","short of convergent","reluctant#049;skimmer#096","You don't get to make me the part of this you explain around."
"C104","Camp keeps asking Shade what he wants (Ch13)","strength","+","strong","2","3","character-1;target-1;target-2","target-1;target-2","2","experience","1","Ch13","character-1","short of convergent","target-1#075;target-2#079;character#029","People keep doing that."
"C106","Milo says Shade looks like Pathwell (Ch13)","strength","+","strong","2","2","skimmer-1;target-2","skimmer-1;target-2","2","experience","1","Ch13","","short of convergent","target-2#081;skimmer#124","You look like Pathwell. | You look like Pathwell... But you don't talk as much."
"C109","Shade's argument that the result does not decide the choice (Ch14)","strength","+","strong","2","2","reluctant-1;target-2","reluctant-1;target-2","2","experience","1","Ch14","","short of convergent","target-2#084;reluctant#076","You still think the result gets to decide whether the choice was acceptable."
"C113","Shade walks into the blob: ""You still owe me a hand"" (Ch15)","strength","+","strong","2","2","reluctant-1;target-1","reluctant-1;target-1","2","experience","1","Ch15","","short of convergent","target-1#091;reluctant#077","You still owe me a hand, | You still owe me a hand."
"C119","Mama Baga defines Shade as a person (Ch16)","strength","+","strong","2","2","reluctant-1;target-2","reluctant-1;target-2","2","experience","1","Ch16","","short of convergent","target-2#100;reluctant#082","Person is the word I have for that."
"C091","Shade's borrowed memories are specific fragments (Ch9)","strength","+","strong","2","3","character-1;target-2","target-2","1","experience","1","Ch9","","short of convergent","target-2#053;character#006;character#007","A room in Prague I have never entered. A woman named Celia who hated pears. | A staircase with a loose fourth step | Observation. Not memory."
"C108","Shade refuses to be the rejoining anchor (Ch14)","strength","+","strong","2","2","character-1;target-1","target-1","1","experience","1","Ch14","","short of convergent","target-1#081;character#039","I am the person living with it. No. | Then no."
"C112","Shade's death and exit lines (Ch15)","strength","+","strong","2","2","character-1;target-2","target-2","1","experience","1","Ch15;Ch14-16","character-1;target-2","short of convergent","target-2#092;character#044","""I was winning,"" / ""You were not."" / ""Corrupt institution."" | Shade had never been particularly interested in deserving scenes."
"C117","""Shade did not either."" closes Ch15","strength","+","strong","2","2","character-1;prose-1","prose-1","1","craft","1","Ch15","","short of convergent","character#050;prose#052","Shade did not either. | The draw did not return. Shade did not either."
"C063","Low-tide smell works as a motif (Ch1-15)","strength","+","mild","1","2","prose-1;skimmer-1","prose-1;skimmer-1","2","craft;experience","2","Ch1;Ch15","","short of convergent","skimmer#009;prose#042","Low tide, a long way from any sea."
"C076","Camp as a place of repair (Ch4)","strength","+","mild","1","2","prose-1;target-1","prose-1;target-1","2","craft;experience","2","Ch4","","short of convergent","target-1#019;prose#075","almost everything had been repaired by someone who believed replacement was a personal failure | repaired by someone who believed replacement was a personal failure"
"C129","Ch18 bookends Ch1's ""Are you ready?"" (Ch1, Ch18)","structure","+","mild","1","2","prose-1;target-1","prose-1;target-1","2","craft;experience","2","Ch1;Ch18","","short of convergent","target-1#110;prose#037","Are you ready? | Are you ready? / No. / Perfect."
"C067","Tuesday/Thursday exchange lands (Ch2)","strength","+","mild","1","2","skimmer-1;target-2","skimmer-1;target-2","2","experience","1","Ch2","","short of convergent","target-2#005;skimmer#018","It's Thursday. | It's not a dream. Just a really weird Tuesday for you."
"C098","Elizabeth chooses Camp at the wall (Ch11)","strength","+","mild","1","2","reluctant-1;target-1","reluctant-1;target-1","2","experience","1","Ch11","","short of convergent","target-1#064;reluctant#057","I chose Camp... I'm still choosing it. | I'm still choosing it."
"C123","Shelf-rack argument and ""diseased lemon"" (Ch17)","strength","+","mild","1","2","skimmer-1;target-2","skimmer-1;target-2","2","experience","1","Ch17","","short of convergent","target-2#109;skimmer#160","It resembles a diseased lemon."
"C146","Chapter 13 ends on the threshold opening (Ch13)","promise","+","mild","1","2","reluctant-1;skimmer-1","reluctant-1;skimmer-1","2","experience","1","Ch13","","short of convergent","reluctant#069;skimmer#125","Then the threshold opened. | the distant scrape of a shoe on museum wood"
"C038","""Which prune?"" loop repeats without an answer (Ch7-8)","pacing","-","stopper","3","2","skimmer-1","skimmer-1","1","experience","1","Ch7;Ch8","skimmer-1","lens-specific","skimmer#070;skimmer#076","Which prune? | Which prune? Not while you're driving."
"C042","Museum asides (soldier's poem, curator's handwriting) stall the scene (Ch11)","pacing","-","stopper","3","2","skimmer-1","skimmer-1","1","experience","1","Ch11","","lens-specific","skimmer#099;skimmer#100","A soldier's poem hung in a plain frame by the artillery room door | She labeled everything herself until arthritis made her handwriting look like a seismograph."
"C323","Narrator's address and paragraph on the crossroads town","pacing","-","stopper","3","1","skimmer-1","skimmer-1","1","experience","1","Ch5","","lens-specific","skimmer#044","You would be forgiven for not stopping in the town as you drove through"
"C332","Mama Baga ""Stop"" section, lines 379-463","pacing","-","stopper","3","1","skimmer-1","skimmer-1","1","experience","1","Ch14","skimmer-1","lens-specific","skimmer#128","""Stop,"" Mama Baga said again."
"C050","Ch18 opening call and wagon banter run long","pacing","-","snag","2","2","skimmer-1","skimmer-1","1","experience","1","Ch18","skimmer-1","lens-specific","skimmer#163;skimmer#164","Diseased lemon. | No better destination? At least four."
"C059","The dagger's cutting rule is applied inconsistently (Ch5-14)","rule","-","snag","2","1","rules-1","rules-1","1","audit","1","Ch5;Ch7;Ch14","rules-1","lens-specific","rules#007","It's designed not to."
"C151","Staging of the fight with the blob","confusion","-","snag","2","1","skimmer-1","skimmer-1","1","experience","1","Ch1","","lens-specific","skimmer#004","It rolled over the gold on the carpet, and the gold went out."
"C155","The Space Between never explained or made picturable","confusion","-","snag","2","1","reluctant-1","reluctant-1","1","experience","1","Ch3;Ch18","","lens-specific","reluctant#010","commonly referred to as the Space Between"
"C156","Boots the guardian cat and blood god","confusion","-","snag","2","1","reluctant-1","reluctant-1","1","experience","1","Ch3","reluctant-1","lens-specific","reluctant#011","full-time guardian and part-time blood god"
"C157","Cost of the binding ritual never named","confusion","-","snag","2","1","reluctant-1","reluctant-1","1","experience","1","Ch3","","lens-specific","reluctant#015","are you sure this is worth what it will cost?"
"C162","List of Camp's occupants reads as a glossary","confusion","-","snag","2","1","reluctant-1","reluctant-1","1","experience","1","Ch4","reluctant-1","lens-specific","reluctant#018","Abode of the spaewives and the gwyllion... Haven to the mambos. Did I say runemasters?"
"C163","'The working' and 'fresh waste' used as if known, never defined","confusion","-","snag","2","1","reluctant-1","reluctant-1","1","experience","1","Ch4;Ch5;Ch10;Ch11","","lens-specific","reluctant#019","It changed targets. Fresh waste."
"C169","'Pruned' / pruning unexplained until Ch10","confusion","-","snag","2","1","reluctant-1","reluctant-1","1","experience","1","Ch5-10","","lens-specific","reluctant#028","You pruned."
"C171","Whose door it was (""Her door."")","confusion","-","snag","2","1","skimmer-1","skimmer-1","1","experience","1","Ch5","","lens-specific","skimmer#045","""Her door,"" Pathwell said."
"C174","What the blob is; it arrives as if the reader should know it","confusion","-","snag","2","1","skimmer-1","skimmer-1","1","experience","1","Ch6;Ch15","","lens-specific","skimmer#058","The apartment door. The blob already there before the cookbook."
"C178","Pathwell/Shade exchange about naming and existing; hard to tell who speaks","confusion","-","snag","2","1","skimmer-1","skimmer-1","1","experience","1","Ch8","","lens-specific","skimmer#080","existing, pick a word"
"C186","Library magic explanation: lost whose feeling was whose","confusion","-","snag","2","1","skimmer-1","skimmer-1","1","experience","1","Ch10","","lens-specific","skimmer#091","The working tightened and slipped. Too much of that one belonged to her and not enough to him."
"C198","Archivist never named; confused with Stansbury and the older woman","confusion","-","snag","2","1","skimmer-1","skimmer-1","1","experience","1","Ch13;Ch15;Ch16;Ch17;Ch18","skimmer-1","lens-specific","skimmer#123",""
"C199","Climax jargon stacks up and physical action becomes hard to see","confusion","-","snag","2","1","reluctant-1","reluctant-1","1","experience","1","Ch14","reluctant-1","lens-specific","reluctant#070","Fresh spillage."
"C202","Cord and ""the connection"" lost","confusion","-","snag","2","1","skimmer-1","skimmer-1","1","experience","1","Ch14","","lens-specific","skimmer#127","A way to look at the connection without you dislocating a shoulder every time I get close."
"C208","Shade's fate unclear; death not felt in the scene","confusion","-","snag","2","1","skimmer-1","skimmer-1","1","experience","1","Ch15","skimmer-1","lens-specific","skimmer#139","there was no Shade standing in the clearing"
"C215","Museum stacks list of Vales and Bells","confusion","-","snag","2","1","skimmer-1","skimmer-1","1","experience","1","Ch17","skimmer-1","lens-specific","skimmer#156","Daniel Vale letters. Household notebook. Medical ledger. Three accession cards by Margaret Bell."
"C225","cat scratch scar on Elizabeth's hand vanishes and moves","continuity","-","snag","2","1","auditor-1","auditor-1","1","audit","1","Ch3;Ch5;Ch18","auditor-1","lens-specific","auditor#004","The old scratch was long gone."
"C237","box of foam weapons, no stated end","continuity","-","snag","2","1","auditor-1","auditor-1","1","audit","1","Ch5;Ch7;Ch10;Ch11","auditor-1","lens-specific","auditor#015","The box of swords rode in the back"
"C238","museum is daylight while Camp is dark","continuity","-","snag","2","1","auditor-1","auditor-1","1","audit","1","Ch5;Ch11;Ch12","auditor-1","lens-specific","auditor#020","Outside the high windows, it was daylight."
"C242","brothers both seated on 'her other side'","continuity","-","snag","2","1","auditor-1","auditor-1","1","audit","1","Ch6","","lens-specific","auditor#043","sat back down on her other side"
"C247","ditch side vs rear door of the Cadillac","continuity","-","snag","2","1","auditor-1","auditor-1","1","audit","1","Ch8","auditor-1","lens-specific","auditor#005","Pathwell shoved at the rear door. It stuck halfway against the slope of the ditch."
"C251","van overtaking a walker who faces traffic","continuity","-","snag","2","1","auditor-1","auditor-1","1","audit","1","Ch10","auditor-1","lens-specific","auditor#006","came up behind her on the far side of the road"
"C257","Elizabeth's foam dagger after Ch15","continuity","-","snag","2","1","auditor-1","auditor-1","1","audit","1","Ch15;Ch16;Ch17;Ch18","auditor-1","lens-specific","auditor#012","Her hand had found the foam dagger at her back"
"C312","Party inventory stalls the crash","pacing","-","snag","2","1","skimmer-1","skimmer-1","1","experience","1","Ch1","","lens-specific","skimmer#001","Paper cups on every flat surface, a tray of cheese cubes going shiny, and half a sheet cake that now said only ELIZ"
"C324","""What pull?"" asked twice, brothers keep dodging","pacing","-","snag","2","1","skimmer-1","skimmer-1","1","experience","1","Ch7","skimmer-1","lens-specific","skimmer#069","What pull?"
"C329","Archive intake paperwork run","pacing","-","snag","2","1","skimmer-1","skimmer-1","1","experience","1","Ch12","","lens-specific","skimmer#114","Name for the card?"
"C330","Onion sequence","pacing","-","snag","2","1","skimmer-1","skimmer-1","1","experience","1","Ch13","","lens-specific","skimmer#121","He got the onion anyway"
"C358","'You really don't know?' and whether Elizabeth has any power of her own","promise","-","snag","2","1","rules-1","rules-1","1","audit","1","Ch1;Ch2;Ch4","rules-1","lens-specific","rules#005","You really don't know?"
"C367","what the tome bought in Ch3 is never said","promise","-","snag","2","1","rules-1","rules-1","1","audit","1","Ch3","","lens-specific","rules#014",""
"C378","what Shade became and whether a taken piece is dead, absorbed or returned","promise","-","snag","2","1","rules-1","rules-1","1","audit","1","Ch8;Ch10;Ch15;Ch16","","lens-specific","rules#015","But you don't know how the failure became a person."
"C394","whether potential is one resource or two (what may be, future possibility, children's work)","rule","-","snag","2","1","rules-1","rules-1","1","audit","1","Ch3;Ch5;Ch10;Ch18","rules-1","lens-specific","rules#006","I give what may be, to protect what will."
"C400","the pull opens a threshold without a route mark when the plot needs it","rule","-","snag","2","1","rules-1","rules-1","1","audit","1","Ch10;Ch11;Ch13","","lens-specific","rules#023","There isn't a reliable threshold from here."
"C559","Ch1 action prose has comma splices and fragments","tone","-","snag","2","1","prose-1","prose-1","1","craft","1","Ch1","prose-1","lens-specific","prose#010","The door began to crack and splinter, an ooze searched through the gaps."
"C565","Fall-in-the-woods paragraph reaches for a metaphor and misses","tone","-","snag","2","1","prose-1","prose-1","1","craft","1","Ch4","","lens-specific","prose#023","The taste of dirt kissed her lips."
"C577","Everyone is wise, dry and kind; no one is wrong at a cost","tone","-","snag","2","1","prose-1","prose-1","1","craft","1","Ch12;Ch15;Ch18","","lens-specific","prose#071",""
"C590","Shopkeeper sentence overloaded with a six-item list that depends on other chapters","tone","-","snag","2","1","prose-1","prose-1","1","craft","1","Ch18","","lens-specific","prose#024","their complete absence of blood, monsters, stolen property, handcarts, collapsed practitioners, or visibly urgent Camp orders"
"C604","'looked at' as the reaction beat, about 112 uses","voice/repetition","-","snag","2","1","prose-1","prose-1","1","craft","1","Ch4;Ch9;Ch12;Ch15;Ch18","prose-1","lens-specific","prose#003","Shade looked at her in the mirror."
"C631","Catalogue of absences told three times","voice/repetition","-","snag","2","1","prose-1","prose-1","1","craft","1","Ch18","","lens-specific","prose#025","no debt, no Camp order, no blob, no one waiting at the other end"
"C140","Shade speaks in Pathwell's technical vocabulary (Ch14)","voice/repetition","-","snag","2","2","character-1","","0","","0","Ch14","character-1","lens-specific","character#034;character#040","Two anchors. One return. | You are going to use the existing connection as the return line."
"C304","Shade adopting Camp as goal the moment Elizabeth names it","motivation","-","snag","2","1","character-1","","0","","0","Ch11","","lens-specific","character#015","Something like recognition passed over Shade's face."
"C305","Pull knocks Shade into Elizabeth so scene goes wrong; hand as plot lever","motivation","-","snag","2","1","character-1","","0","","0","Ch11","character-1","lens-specific","character#017",""
"C306","Shade shows no reaction to own injury or Elizabeth's broken shoulder","motivation","-","snag","2","1","character-1","","0","","0","Ch11;Ch12","character-1","lens-specific","character#019",""
"C307","Shade's muted response to the boy's Good about not being Pathwell","motivation","-","snag","2","1","character-1","","0","","0","Ch12","character-1","lens-specific","character#023","I don't know what that means."
"C308","Shift from I want to stay here to walking into blob after one afternoon of wanting","motivation","-","snag","2","1","character-1","","0","","0","Ch13;Ch15","","lens-specific","character#049","I want to stay here."
"C309","Whatever happens next is yours versus thought I'd be the one carrying it","motivation","-","snag","2","1","character-1","","0","","0","Ch14;Ch15","character-1","lens-specific","character#047","Then whatever happens next is yours."
"C035","Portal and school-halls wandering runs long (Ch5)","pacing","-","quibble","1","2","target-1;target-2","target-1;target-2","2","experience","1","Ch5","target-1","lens-specific","target-1#025;target-2#030","The circle spun around them, gaining speed. | twisting and spinning"
"C037","Bar description runs long (Ch6)","pacing","-","quibble","1","2","skimmer-1","skimmer-1","1","experience","1","Ch6","","lens-specific","skimmer#053;skimmer#054","A mounted fish watched the room from above the register with the exhausted expression of something that had heard all of this before. | The bar wasn't nearly as dingy as she'd imagined."
"C045","Emotional-weather fragment lists run long (Ch15)","pacing","-","quibble","1","2","skimmer-1","skimmer-1","1","experience","1","Ch15","","lens-specific","skimmer#136;skimmer#137","Rain on canvas. | The emotional weather around it kept breaking loose: relief, hunger, rain, an old irritation about somebody borrowing a coat and never returning it."
"C149","Who the intruder is and why he reads her diary","confusion","-","quibble","1","1","reluctant-1","reluctant-1","1","experience","1","Ch1","","lens-specific","reluctant#002","reading her diary like a magazine in a waiting room"
"C150","Why a recipe works as key and why Nana's voice is in the cookbook","confusion","-","quibble","1","1","reluctant-1","reluctant-1","1","experience","1","Ch1;Ch2;Ch4","","lens-specific","reluctant#005","Because it was hers"
"C152","Pathwell's name and why he gives only one","confusion","-","quibble","1","1","reluctant-1","reluctant-1","1","experience","1","Ch2","","lens-specific","reluctant#006","Don't need one. Saves everybody time."
"C153","Why the shuttered laundromat and park appear","confusion","-","quibble","1","1","reluctant-1","reluctant-1","1","experience","1","Ch2","","lens-specific","reluctant#007","a park that shouldn't have been there"
"C154","Tuesday/Thursday exchange: joke or shifted time","confusion","-","quibble","1","1","reluctant-1","reluctant-1","1","experience","1","Ch2","","lens-specific","reluctant#008",""
"C158","Unnamed shopkeeper (""the round man"")","confusion","-","quibble","1","1","skimmer-1","skimmer-1","1","experience","1","Ch3","","lens-specific","skimmer#029",""
"C159","Boots, Mama Baga, the archive and the bookshop bill: reader has the words but not why they matter","confusion","-","quibble","1","1","skimmer-1","skimmer-1","1","experience","1","Ch3;Ch4;Ch5;Ch6","","lens-specific","skimmer#035",""
"C160","what 'Yours?' refers to","confusion","-","quibble","1","1","auditor-1","auditor-1","1","audit","1","Ch3","","lens-specific","auditor#038","Yours?"
"C161","untagged 'Aren't you?'","confusion","-","quibble","1","1","auditor-1","auditor-1","1","audit","1","Ch3","","lens-specific","auditor#039","Aren't you?"
"C164","What the Archive is for","confusion","-","quibble","1","1","reluctant-1","reluctant-1","1","experience","1","Ch4","","lens-specific","reluctant#020","That is generally the opposite of an archive."
"C165","Lizzy versus Elizabeth: same woman?","confusion","-","quibble","1","1","skimmer-1","skimmer-1","1","experience","1","Ch4","","lens-specific","skimmer#039",""
"C166","untagged 'Stansbury.' at tree line","confusion","-","quibble","1","1","auditor-1","auditor-1","1","audit","1","Ch4","","lens-specific","auditor#041","Stansbury."
"C168","Portal 'to where' answered 'Here' and not followed up","confusion","-","quibble","1","1","reluctant-1","reluctant-1","1","experience","1","Ch5","","lens-specific","reluctant#027","That was a portal."
"C170","'Noodle' used as slang with unclear meaning","confusion","-","quibble","1","1","reluctant-1","reluctant-1","1","experience","1","Ch5","","lens-specific","reluctant#030","put your noodle away"
"C172","Ken and Stansbury confused at the school door","confusion","-","quibble","1","1","skimmer-1","skimmer-1","1","experience","1","Ch5","","lens-specific","skimmer#046",""
"C173","untagged lines in Stansbury/Pathwell exchange","confusion","-","quibble","1","1","auditor-1","auditor-1","1","audit","1","Ch5","","lens-specific","auditor#042","That is a more compelling version."
"C175","""Zero books"" joke lands flat without context","confusion","-","quibble","1","1","skimmer-1","skimmer-1","1","experience","1","Ch7","","lens-specific","skimmer#068","You mean to tell me you brought zero books with you!?"
"C176","Elizabeth's 'Stansbury.' only inferable as speaker","confusion","-","quibble","1","1","auditor-1","auditor-1","1","audit","1","Ch7","","lens-specific","auditor#044","Stansbury. He paused."
"C179","untagged 'Seatbelt.'","confusion","-","quibble","1","1","auditor-1","auditor-1","1","audit","1","Ch8","","lens-specific","auditor#046","Seatbelt."
"C180","Stansbury answers 'Bruised' to question put to Elizabeth","confusion","-","quibble","1","1","auditor-1","auditor-1","1","audit","1","Ch8","","lens-specific","auditor#047","Bruised,"" Stansbury said."
"C181","referent of Stansbury's 'Again?'","confusion","-","quibble","1","1","auditor-1","auditor-1","1","audit","1","Ch8","","lens-specific","auditor#048","Again?"
"C182","Prague and Celia memories not tied to anything","confusion","-","quibble","1","1","reluctant-1","reluctant-1","1","experience","1","Ch9;Ch14","","lens-specific","reluctant#047","A room in Prague I have never entered. A woman named Celia who hated pears."
"C184","'Malformed pruning', 'unclaimed possibility', 'unclaimed waste' named not defined","confusion","-","quibble","1","1","reluctant-1","reluctant-1","1","experience","1","Ch10;Ch15","","lens-specific","reluctant#051","I know what malformed pruning looks like."
"C185","How a wall anchors the door ('history') not defined","confusion","-","quibble","1","1","reluctant-1","reluctant-1","1","experience","1","Ch10","","lens-specific","reluctant#052","If it's still carrying enough history, it can anchor the door."
"C187","Longing paragraph, unclear whose","confusion","-","quibble","1","1","skimmer-1","skimmer-1","1","experience","1","Ch10","","lens-specific","skimmer#092","A woman's patience worn raw around one particular absence. A porch in summer."
"C188","'You know the place?' 'Unfortunately.' speaker ambiguous","confusion","-","quibble","1","1","auditor-1","auditor-1","1","audit","1","Ch10","","lens-specific","auditor#049","You know the place?"
"C189","Transparent plane containment spell described not explained","confusion","-","quibble","1","1","reluctant-1","reluctant-1","1","experience","1","Ch11","","lens-specific","reluctant#056","The working tried to make distance physical."
"C190","untagged 'I am older than you.'","confusion","-","quibble","1","1","auditor-1","auditor-1","1","audit","1","Ch11","","lens-specific","auditor#050","I am older than you."
"C191","'Charged' never defined","confusion","-","quibble","1","1","reluctant-1","reluctant-1","1","experience","1","Ch12;Ch14;Ch16","","lens-specific","reluctant#061","whether it was charged"
"C192","""Old Pathwell knowledge"" unclear","confusion","-","quibble","1","1","skimmer-1","skimmer-1","1","experience","1","Ch12","","lens-specific","skimmer#112","Whatever pieces of old Pathwell knowledge he carried, he kept them out of a treatment nobody had asked him to direct."
"C193","Sock kid versus turnip boy","confusion","-","quibble","1","1","skimmer-1","skimmer-1","1","experience","1","Ch12","","lens-specific","skimmer#115",""
"C194","Cookbook on reserve shelf, unclear how it got there","confusion","-","quibble","1","1","skimmer-1","skimmer-1","1","experience","1","Ch12","","lens-specific","skimmer#116",""
"C195","Queen of spades as evidence of corruption, meaning unclear","confusion","-","quibble","1","1","reluctant-1","reluctant-1","1","experience","1","Ch13","","lens-specific","reluctant#067","Corruption."
"C196","Names given to some characters (Milo) and not others (archivist, older woman)","confusion","-","quibble","1","1","reluctant-1","reluctant-1","1","experience","1","Ch13","","lens-specific","reluctant#068",""
"C197","Hearts opening: rules and who is who","confusion","-","quibble","1","1","skimmer-1","skimmer-1","1","experience","1","Ch13","","lens-specific","skimmer#122","Shade was bad at Hearts."
"C200","Payment mechanism described a third time, told not shown","confusion","-","quibble","1","1","reluctant-1","reluctant-1","1","experience","1","Ch14","","lens-specific","reluctant#073","It accepts my pruning directly."
"C201","'Practitioner' appears as Pathwell's title without introduction","confusion","-","quibble","1","1","reluctant-1","reluctant-1","1","experience","1","Ch14","","lens-specific","reluctant#074","the practitioner who had supplied the contradiction and the payment"
"C203","Possibility-given-a-shape sentence","confusion","-","quibble","1","1","skimmer-1","skimmer-1","1","experience","1","Ch14","","lens-specific","skimmer#130","possibility given a shape only because the eye needed something to fail at understanding"
"C204","untagged 'Good.'","confusion","-","quibble","1","1","auditor-1","auditor-1","1","audit","1","Ch14","","lens-specific","auditor#051","Good."
"C205","referent of Elizabeth's 'You should do it.'","confusion","-","quibble","1","1","auditor-1","auditor-1","1","audit","1","Ch14","","lens-specific","auditor#052","You should do it."
"C207","Voice echoing line","confusion","-","quibble","1","1","skimmer-1","skimmer-1","1","experience","1","Ch15","","lens-specific","skimmer#138","The answer came out in Shade's voice and Pathwell's voice and her own."
"C210","Pruning shock used as diagnosis without description","confusion","-","quibble","1","1","reluctant-1","reluctant-1","1","experience","1","Ch16","","lens-specific","reluctant#080","Pruning shock."
"C211","""Rare morning for those"" joke missed","confusion","-","quibble","1","1","skimmer-1","skimmer-1","1","experience","1","Ch16","","lens-specific","skimmer#146","Rare morning for those,"
"C212","""Pruning?"" ""No."" half lands","confusion","-","quibble","1","1","skimmer-1","skimmer-1","1","experience","1","Ch16","","lens-specific","skimmer#147","Pruning?"
"C213","Older woman in knitted cap versus Mama Baga","confusion","-","quibble","1","1","skimmer-1","skimmer-1","1","experience","1","Ch16","","lens-specific","skimmer#149",""
"C214","Stansbury's role as Pathwell's brother lost between sittings","confusion","-","quibble","1","1","skimmer-1","skimmer-1","1","experience","1","Ch16;Ch18","","lens-specific","skimmer#150",""
"C216","Geese 'remember me' unexplained","confusion","-","quibble","1","1","reluctant-1","reluctant-1","1","experience","1","Ch18","","lens-specific","reluctant#090","They remember me."
"C217","shopkeeper's lines not tagged","confusion","-","quibble","1","1","auditor-1","auditor-1","1","audit","1","Ch18","","lens-specific","auditor#053","Three weeks is not a character trait."
"C218","pajamas first mentioned in Ch4","continuity","-","quibble","1","1","auditor-1","auditor-1","1","audit","1","Ch1;Ch2;Ch4","","lens-specific","auditor#033","the pajama legs showing beneath it, which Elizabeth had been trying not to think about since the lobby of her building"
"C222","dumpling count and 'second one'","continuity","-","quibble","1","1","auditor-1","auditor-1","1","audit","1","Ch2","","lens-specific","auditor#057","inhaled his second one"
"C223","phones appear in Ch18 though Ch2 had none","continuity","-","quibble","1","1","auditor-1","auditor-1","1","audit","1","Ch2;Ch18","","lens-specific","auditor#080","Elizabeth looked at the phone in her hand."
"C224","pocket coins dumped and never picked up","continuity","-","quibble","1","1","auditor-1","auditor-1","1","audit","1","Ch2;Ch9","","lens-specific","auditor#083","She dumped the contents of her pockets on the table."
"C226","shopkeeper's offer to send her back first reported in Ch4","continuity","-","quibble","1","1","auditor-1","auditor-1","1","audit","1","Ch3;Ch4","","lens-specific","auditor#034","after the shopkeeper had offered to send her back to the sidewalk"
"C227","twine crate loaded by Pathwell not shown","continuity","-","quibble","1","1","auditor-1","auditor-1","1","audit","1","Ch3;Ch4","","lens-specific","auditor#036","the one Pathwell had loaded with both hands and a great deal of complaining"
"C228","who carried Elizabeth after she faints","continuity","-","quibble","1","1","auditor-1","auditor-1","1","audit","1","Ch3","","lens-specific","auditor#058","carpet against her knees"
"C229","folded-paper door never mentioned again","continuity","-","quibble","1","1","auditor-1","auditor-1","1","audit","1","Ch3","","lens-specific","auditor#059",""
"C232","archivist's pen then three pencils then one pencil","continuity","-","quibble","1","1","auditor-1","auditor-1","1","audit","1","Ch4;Ch12;Ch13","auditor-1","lens-specific","auditor#021","one pencil still behind his ear"
"C233","Pathwell's coat first mentioned in Ch5","continuity","-","quibble","1","1","auditor-1","auditor-1","1","audit","1","Ch4;Ch5","","lens-specific","auditor#060","Pathwell's coat took flight behind him"
"C234","Mama Baga's bracelets appear in Ch12","continuity","-","quibble","1","1","auditor-1","auditor-1","1","audit","1","Ch4;Ch12","","lens-specific","auditor#074",""
"C235","Milo's boots first appear in Ch15","continuity","-","quibble","1","1","auditor-1","auditor-1","1","audit","1","Ch4;Ch12;Ch13;Ch15","","lens-specific","auditor#077","His sock had finally stayed up."
"C239","diary's whereabouts untracked","continuity","-","quibble","1","1","auditor-1","auditor-1","1","audit","1","Ch5;Ch9;Ch12","","lens-specific","auditor#061","All I have to my name right now is my diary and a foam dagger."
"C240","bandana singed though she never closed her fingers on it","continuity","-","quibble","1","1","auditor-1","auditor-1","1","audit","1","Ch5","","lens-specific","auditor#062","the bandana in her hand had been singed in half"
"C241","sky overcast then low sun then open red sky","continuity","-","quibble","1","1","auditor-1","auditor-1","1","audit","1","Ch5;Ch6","","lens-specific","auditor#064","The low sun scattered itself through the single tree."
"C243","Cadillac keys pocketed then in ignition","continuity","-","quibble","1","1","auditor-1","auditor-1","1","audit","1","Ch7;Ch8","","lens-specific","auditor#065","shoved the keys into her coat pocket"
"C244","Pathwell's coat empty in Ch7, full of hardware in Ch14","continuity","-","quibble","1","1","auditor-1","auditor-1","1","audit","1","Ch7;Ch14","","lens-specific","auditor#066","went for his coat, patted it, and came up with nothing"
"C245","Pathwell's rib injury with no cause","continuity","-","quibble","1","1","auditor-1","auditor-1","1","audit","1","Ch7;Ch10;Ch11","","lens-specific","auditor#072","one arm across his ribs"
"C248","which shoulder Elizabeth's old bruise and new injury are","continuity","-","quibble","1","1","auditor-1","auditor-1","1","audit","1","Ch8;Ch11","","lens-specific","auditor#073",""
"C249","doubled twenty-five minutes","continuity","-","quibble","1","1","auditor-1","auditor-1","1","audit","1","Ch9","auditor-1","lens-specific","auditor#018","I met you on the road twenty-five minutes ago."
"C250","Shade's wallet and sedan key unmentioned after coat swap","continuity","-","quibble","1","1","auditor-1","auditor-1","1","audit","1","Ch9;Ch13","","lens-specific","auditor#068",""
"C252","quarantine letter taken while Stansbury upstairs, shown late","continuity","-","quibble","1","1","auditor-1","auditor-1","1","audit","1","Ch10;Ch11","","lens-specific","auditor#069","You took that while I was upstairs."
"C253","work van described when needed","continuity","-","quibble","1","1","auditor-1","auditor-1","1","audit","1","Ch10","","lens-specific","auditor#071","Stansbury's work van was white, square, and honest about being a work van."
"C254","Pathwell's concussion never established","continuity","-","quibble","1","1","auditor-1","auditor-1","1","audit","1","Ch11;Ch17","","lens-specific","auditor#079","I am deciding whether the concussion was permanent"
"C256","archive-door lantern and runner appear when needed","continuity","-","quibble","1","1","auditor-1","auditor-1","1","audit","1","Ch14","","lens-specific","auditor#076","the hanging lantern beside the archive door, still lit from the night"
"C258","'no card' versus queen of spades still on table","continuity","-","quibble","1","1","auditor-1","auditor-1","1","audit","1","Ch15","","lens-specific","auditor#078","no coat, no card, nothing anyone could use"
"C313","Light-switch aside goes nowhere","pacing","-","quibble","1","1","skimmer-1","skimmer-1","1","experience","1","Ch1","","lens-specific","skimmer#002","she still couldn't find the light switch in the hall"
"C314","Sun and rain detail in the baking memory","pacing","-","quibble","1","1","skimmer-1","skimmer-1","1","experience","1","Ch1","","lens-specific","skimmer#003","Sun shining through an open window above the sink, the fresh smell of rain filled her lungs."
"C315","Landlord, door and dry-cleaning panic list","pacing","-","quibble","1","1","skimmer-1","skimmer-1","1","experience","1","Ch2","","lens-specific","skimmer#012","My landlord is going to kill me. How am I going to explain the door?"
"C316","Atmosphere line about the city","pacing","-","quibble","1","1","skimmer-1","skimmer-1","1","experience","1","Ch2","","lens-specific","skimmer#016","The city was in motion even now."
"C318","Middle of the ritual paragraph","pacing","-","quibble","1","1","skimmer-1","skimmer-1","1","experience","1","Ch3","","lens-specific","skimmer#027","Splintering thinner, then burrowing, twisting, wriggling. Taking hold."
"C319","Door-closing and ""Pathwell?"" vanishing run feels like stalling","pacing","-","quibble","1","1","skimmer-1","skimmer-1","1","experience","1","Ch3","","lens-specific","skimmer#030","Lizzy, would you mind closing the door?"
"C322","Giving-blood sleep simile","pacing","-","quibble","1","1","skimmer-1","skimmer-1","1","experience","1","Ch5","","lens-specific","skimmer#043","the way she imagined people slept after giving blood"
"C325","Farmer stray thought","pacing","-","quibble","1","1","skimmer-1","skimmer-1","1","experience","1","Ch8","","lens-specific","skimmer#077","how upset the farmer was going to be when he saw it"
"C327","Bacon food beat","pacing","-","quibble","1","1","skimmer-1","skimmer-1","1","experience","1","Ch9","","lens-specific","skimmer#085","It was burnt at one end and nearly right at the other, and she chewed, and chewed, and closed her eyes for a second."
"C328","Camp waking-up image","pacing","-","quibble","1","1","skimmer-1","skimmer-1","1","experience","1","Ch12","","lens-specific","skimmer#113","Camp was moving toward morning one person at a time."
"C331","Brass pins and hardware banter","pacing","-","quibble","1","1","skimmer-1","skimmer-1","1","experience","1","Ch14","","lens-specific","skimmer#126","You carry an unreasonable amount of hardware."
"C333","""Yes."" / ""No."" exchange repeats the same argument","pacing","-","quibble","1","1","skimmer-1","skimmer-1","1","experience","1","Ch14","","lens-specific","skimmer#129",""
"C334","Sentence listing too many objects","pacing","-","quibble","1","1","skimmer-1","skimmer-1","1","experience","1","Ch14","","lens-specific","skimmer#131","weather ledgers, family letters, Nana's cookbook... her diary in the intake rack"
"C335","""Together / separate"" wordless voices","pacing","-","quibble","1","1","skimmer-1","skimmer-1","1","experience","1","Ch14","","lens-specific","skimmer#132","One said together. One said separate. Neither was language, and Elizabeth understood them anyway."
"C336","Small talk about archivist and Stansbury's sentences","pacing","-","quibble","1","1","skimmer-1","skimmer-1","1","experience","1","Ch14","","lens-specific","skimmer#133",""
"C339","Elizabeth's apartment paragraph","pacing","-","quibble","1","1","skimmer-1","skimmer-1","1","experience","1","Ch17","","lens-specific","skimmer#154","Her apartment took longer to become hers than the archive took to become a construction site."
"C341","Shelves of other people's feelings","pacing","-","quibble","1","1","skimmer-1","skimmer-1","1","experience","1","Ch18","","lens-specific","skimmer#165","A shelf of rain-swollen journals made her chest ache with somebody else's homesickness."
"C361","neighborhood changed (coffee shop became laundromat) never explained","promise","-","quibble","1","1","rules-1","rules-1","1","audit","1","Ch2;Ch18","","lens-specific","rules#021","a shuttered laundromat she'd never seen before"
"C362","Nana's spoon set up as a hook and then dropped","promise","-","quibble","1","1","rules-1","rules-1","1","audit","1","Ch2;Ch12;Ch17","","lens-specific","rules#041","because it was a spoon"
"C377","how many creatures there are and where they come from ('That one is gone')","promise","-","quibble","1","1","rules-1","rules-1","1","audit","1","Ch7","","lens-specific","rules#035","That one is gone."
"C381","What Pathwell chose / the prune, never explained","promise","-","quibble","1","1","character-1","character-1","1","craft","1","Ch9","","lens-specific","character#013","Ask him what he chose"
"C385","queen of spades token: power never shown","promise","-","quibble","1","1","rules-1","rules-1","1","audit","1","Ch13;Ch15","","lens-specific","rules#040","The queen of spades lay on the card table where the archivist had left it."
"C388","museum obligations stay separate and are never settled","promise","-","quibble","1","1","rules-1","rules-1","1","audit","1","Ch16","","lens-specific","rules#037","Camp does not absorb those because you caused something worse afterward."
"C395","why bad familiar coffee steadies people, rule never stated","rule","-","quibble","1","1","rules-1","rules-1","1","audit","1","Ch3;Ch9;Ch13;Ch18","","lens-specific","rules#022","Familiar things are useful."
"C396","Cookbook page rule (spent not burned) shown but not stated","rule","-","quibble","1","1","reluctant-1","reluctant-1","1","experience","1","Ch4","","lens-specific","reluctant#022","Not burned. Spent."
"C397","'fresh waste' is never defined","rule","-","quibble","1","1","rules-1","rules-1","1","audit","1","Ch4","","lens-specific","rules#028","Fresh waste. That part made sense."
"C398","foam sword rule overpromises (does not stop the creature)","rule","-","quibble","1","1","rules-1","rules-1","1","audit","1","Ch5;Ch7","","lens-specific","rules#024","it does what it was made to do"
"C401","inherited-debt joke never confirmed as a rule","rule","-","quibble","1","1","rules-1","rules-1","1","audit","1","Ch18","","lens-specific","rules#039","whether inheriting someone's toolbox constituted inheriting their late fees"
"C530","Book unsure which question it cares about (who decides about others' things; whether the wrongdoer can be trusted)","structure","-","quibble","1","1","skimmer-1","skimmer-1","1","experience","1","Ch1-18","","lens-specific","skimmer#171",""
"C544","Chapter front-loaded with banter, payoff late","structure","-","quibble","1","1","skimmer-1","skimmer-1","1","experience","1","Ch18","","lens-specific","skimmer#168",""
"C579","'blob' is a flat word for what kills Shade","tone","-","quibble","1","1","prose-1","prose-1","1","craft","1","Ch15","","lens-specific","prose#046","The blob had ignored all of it."
"C591","Stock or quote-page lines","tone","-","quibble","1","1","prose-1","prose-1","1","craft","1","Ch18","","lens-specific","prose#064","I contain multitudes,"" Elizabeth said."
"C594","'Good.' as a filler one-word reply","voice/repetition","-","quibble","1","1","prose-1","prose-1","1","craft","1","Ch1;Ch9;Ch12;Ch15;Ch18","","lens-specific","prose#031","Good."
"C595","Man restates urgency and deflects the same way repeatedly","voice/repetition","-","quibble","1","1","prose-1","prose-1","1","craft","1","Ch1","","lens-specific","prose#073","We should probably be anywhere but here."
"C596","Participle-opener sentences four times","voice/repetition","-","quibble","1","1","prose-1","prose-1","1","craft","1","Ch1","","lens-specific","prose#078","Lunging again, the blob knocked the man"
"C605","Mama Baga's mouth moved at one corner, identical both times","voice/repetition","-","quibble","1","1","prose-1","prose-1","1","craft","1","Ch4;Ch12","prose-1","lens-specific","prose#006","Mama Baga's mouth moved at one corner."
"C606","'I know.' as a standalone reply, about 13 times","voice/repetition","-","quibble","1","1","prose-1","prose-1","1","craft","1","Ch4;Ch9;Ch12;Ch15","","lens-specific","prose#027","I know."
"C607","'Of course' as a repeated aside","voice/repetition","-","quibble","1","1","prose-1","prose-1","1","craft","1","Ch4;Ch9;Ch12;Ch18","","lens-specific","prose#034","Chicken and dumplings. Of course."
"C608","'disappeared' used 11 times as a flat verb","voice/repetition","-","quibble","1","1","prose-1","prose-1","1","craft","1","Ch4;Ch12;Ch15","","lens-specific","prose#035","The low-tide smell disappeared into the trees."
"C609","'as if / as though' crowded in Ch4","voice/repetition","-","quibble","1","1","prose-1","prose-1","1","craft","1","Ch4","","lens-specific","prose#043","as though he were twelve and badly assembled"
"C610","Boy delivers a line then disappears, repeated exit","voice/repetition","-","quibble","1","1","prose-1","prose-1","1","craft","1","Ch4;Ch12","","lens-specific","prose#066","The boy nodded solemnly and disappeared."
"C611","'nodded' 22 times, 11 in Ch4","voice/repetition","-","quibble","1","1","prose-1","prose-1","1","craft","1","Ch4","","lens-specific","prose#067",""
"C612","Near-miss constructions 'nearly / almost'","voice/repetition","-","quibble","1","1","prose-1","prose-1","1","craft","1","Ch4","","lens-specific","prose#068","Elizabeth almost said sugar cookies"
"C613","Bad drink that comforts joke used twice","voice/repetition","-","quibble","1","1","prose-1","prose-1","1","craft","1","Ch4;Ch9","","lens-specific","prose#069","It was terrible."
"C619","Shade's jaw tightened and 'Shade's [body part] stopped' tags","voice/repetition","-","quibble","1","1","prose-1","prose-1","1","craft","1","Ch9","","lens-specific","prose#040","Shade's fork stopped."
"C624","'Important distinction.' repeated word for word","voice/repetition","-","quibble","1","1","prose-1","prose-1","1","craft","1","Ch12;Ch18","prose-1","lens-specific","prose#007","Important distinction."
"C628","Same 'emotional weather ... breaking loose' sentence twice","voice/repetition","-","quibble","1","1","prose-1","prose-1","1","craft","1","Ch15","","lens-specific","prose#045","The emotional fallout kept breaking loose in fragments"
"C632","Elizabeth smiles despite herself, four times in Ch18","voice/repetition","-","quibble","1","1","prose-1","prose-1","1","craft","1","Ch18","","lens-specific","prose#044","Elizabeth smiled despite herself."
"C301","No scene of Shade angry at Pathwell; feeling toward him hard to follow","motivation","-","quibble","1","1","character-1","","0","","0","Ch8-15","","lens-specific","character#051",""
"C071","Paying with Pathwell's potential has real cost (Ch3)","strength","+","strong","2","2","target-1;target-2","target-1;target-2","2","experience","1","Ch3","","lens-specific","target-1#014;target-2#015","I've got potential to sell. Lots. | These were never his to spend"
"C101","Healer asks before touching the shoulder (Ch12)","strength","+","strong","2","2","target-1;target-2","target-1;target-2","2","experience","1","Ch12","","lens-specific","target-1#068;target-2#076","Because it's your shoulder."
"C080","Foam-sword scene comedy (Ch5)","strength","+","mild","1","2","target-1;target-2","target-1;target-2","2","experience","1","Ch5","","lens-specific","target-1#030;target-2#026","stood there dry, with the look of a man who expected them to be impressed"
"C391","copy rule closes the door on searching with a copy: rule, not character, blocks the move","rule","+","mild","1","1","rules-1","rules-1","1","audit","1","Ch10","","lens-specific","rules#046","The copy keeps the words."
"C277","Elizabeth complies and leaves too fast; reader stopped believing at 'Do you have shoes?'","logic","-","stopper","3","1","prose-1","prose-1","1","craft","1","Ch1","prose-1","minority","prose#011",""
"C570","Elizabeth deliberately drives off the road, others shrug it off","tone","-","stopper","3","1","auditor-1","auditor-1","1","audit","1","Ch8","","minority","auditor#027",""
"C026","Narration goes quiet when Pathwell knows something (Ch1-6)","knowledge","-","snag","2","2","target-1;target-2","target-1;target-2","2","experience","1","Ch1;Ch4;Ch5;Ch6","","minority","target-1#003;target-2#003","Then he went still. When he turned back, he was sure of himself again."
"C052","Elizabeth's building and neighbours vanish from the story (Ch1-18)","promise","-","snag","2","2","target-1;target-2","target-1;target-2","2","experience","1","Ch1;Ch2;Ch17;Ch18","target-1;target-2","minority","target-1#115;target-2#119",""
"C016","Whether the flat is marked and cleared is never tracked (Ch1-18)","continuity","-","snag","2","2","rules-1","rules-1","1","audit","1","Ch1;Ch4;Ch6;Ch7;Ch17;Ch18","rules-1","minority","rules#002;rules#062","aggressively ordinary | your house has now been marked, magically speaking."
"C142","Narrator explains the wall and homesickness fragments (Ch11)","tone","-","snag","2","2","skimmer-1","skimmer-1","1","experience","1","Ch11","skimmer-1","minority","skimmer#101;skimmer#102","It wasn't like the Space Between. Nothing pressed itself into her mind. The wall simply had weight. | They weren't memories. They were pieces flung loose without anyone shaping them."
"C143","Quips undercut grief and loss (Ch3-18)","tone","-","snag","2","3","hostile-1","hostile-1","1","adversarial","1","Ch3;Ch10;Ch11;Ch12;Ch16;Ch18","hostile-1","minority","hostile#015;hostile#016;hostile#095","Important distinction. | The mailbox declined responsibility. | We pay him in mice"
"C167","'Newer,' Pathwell amended corrects nothing visible","confusion","-","snag","2","1","prose-1","prose-1","1","craft","1","Ch4","prose-1","minority","prose#017","Newer,' Pathwell amended."
"C230","scars outside Pathwell's wheelhouse vs his offer to reduce Stansbury's scar","continuity","-","snag","2","1","rules-1","rules-1","1","audit","1","Ch3;Ch16","rules-1","minority","rules#008","Unfortunately, scars are outside my wheelhouse."
"C271","Could not follow why Shade and Pathwell share a face and a pull","knowledge","-","snag","2","1","prose-1","prose-1","1","craft","1","Ch9;Ch12;Ch15","","minority","prose#022",""
"C276","Reader stopped believing the magic was a system, saw it as excuses for choices","logic","-","snag","2","1","reluctant-1","reluctant-1","1","experience","1","Ch1-14","","minority","reluctant#026",""
"C281","nobody tries the dagger on the draw, which may be a binding","logic","-","snag","2","1","rules-1","rules-1","1","audit","1","Ch5;Ch8;Ch9;Ch13","","minority","rules#042","Adhesions. Clinging effects. Certain magical bindings."
"C310","why Pathwell closes the Merritt cookbook and shopkeeper must sit down","motivation","-","snag","2","1","auditor-1","auditor-1","1","audit","1","Ch18","auditor-1","minority","auditor#022","Then he closed it, carefully, and put it back."
"C360","shadow in Elizabeth's apartment window","promise","-","snag","2","1","auditor-1","auditor-1","1","audit","1","Ch2","auditor-1","minority","auditor#007","A shadow filled the space."
"C364","What the cookbook was for and how it links to the door","promise","-","snag","2","1","skimmer-1","skimmer-1","1","experience","1","Ch3;Ch4;Ch6;Ch7;Ch14","","minority","skimmer#064",""
"C365","lavender-scented loose page that drifts out","promise","-","snag","2","1","auditor-1","auditor-1","1","audit","1","Ch3","auditor-1","minority","auditor#008","the ink smelled like lavender"
"C370","Elizabeth's missed nine o'clock meeting, no consequence","promise","-","snag","2","1","auditor-1","auditor-1","1","audit","1","Ch5;Ch17","auditor-1","minority","auditor#011","her nine o'clock meeting had come and gone"
"C372","Selling children's work question raised then left to banter","promise","-","snag","2","1","hostile-1","hostile-1","1","adversarial","1","Ch5","","minority","hostile#031","It doesn't really feel any different from what you did at the bookstore"
"C375","'Which prune?' asked and answer withheld until Ch10","promise","-","snag","2","1","reluctant-1","reluctant-1","1","experience","1","Ch7-10","reluctant-1","minority","reluctant#038","Which prune?"
"C376","Space Between never explained","promise","-","snag","2","1","skimmer-1","skimmer-1","1","experience","1","Ch7;Ch8;Ch18","","minority","skimmer#066",""
"C379","Shade gets too little time and no scene of his own before he is taken","promise","-","snag","2","1","hostile-1","hostile-1","1","adversarial","1","Ch8;Ch9;Ch13;Ch14;Ch15","hostile-1","minority","hostile#073","Shade smiled. It was small, and it was his."
"C380","Celia and the pears never return","promise","-","snag","2","1","skimmer-1","skimmer-1","1","experience","1","Ch9;Ch11;Ch14;Ch17;Ch18","","minority","skimmer#109","A woman named Celia who hated pears."
"C387","Pathwell's unheard whisper","promise","-","snag","2","1","auditor-1","auditor-1","1","audit","1","Ch15","auditor-1","minority","auditor#009","Pathwell whispered something she didn't hear."
"C528","First three chapters are lore and capitalised nouns before human stakes appear in Ch4","structure","-","snag","2","1","reluctant-1","reluctant-1","1","experience","1","Ch1-3","","minority","reluctant#017",""
"C529","Nana's death only a passing mention in the diary list, no scene","structure","-","snag","2","1","reluctant-1","reluctant-1","1","experience","1","Ch12;Ch1-3","reluctant-1","minority","reluctant#059","Nana's funeral."
"C533","Section ends are short flat declaratives, predictable by Ch12","structure","-","snag","2","1","prose-1","prose-1","1","craft","1","Ch4;Ch12;Ch15","","minority","prose#036","Elizabeth drank."
"C534","Folklore catalogue used as costume; names change no one's behaviour","structure","-","snag","2","1","hostile-1","hostile-1","1","adversarial","1","Ch4;Ch5","hostile-1","minority","hostile#021","Did I say runemasters?"
"C535","Shade/prune answer given by confession, no clues to detect","structure","-","snag","2","1","auditor-1","auditor-1","1","audit","1","Ch6;Ch7;Ch8;Ch9;Ch10","auditor-1","minority","auditor#002","I pruned ahead"
"C567","School sequence is a sitcom template; foam swords and adult cast playing at children","tone","-","snag","2","1","hostile-1","hostile-1","1","adversarial","1","Ch5","","minority","hostile#027","Honey, you just wandered off"
"C587","Narrator explains adventure and the diner","tone","-","snag","2","1","skimmer-1","skimmer-1","1","experience","1","Ch17","","minority","skimmer#157","Adventure had been difficult to separate from being dragged somewhere."
"C589","Post-cookbook aside blunts the emotional beat","tone","-","snag","2","1","skimmer-1","skimmer-1","1","experience","1","Ch18","","minority","skimmer#167","Possibly stew."
"C599","Repeated beat: cheerful Pathwell, upset Elizabeth, mock-wise remark","voice/repetition","-","snag","2","1","skimmer-1","skimmer-1","1","experience","1","Ch2","","minority","skimmer#017",""
"C614","Characters answering ""I don't know"" again and again","voice/repetition","-","snag","2","1","skimmer-1","skimmer-1","1","experience","1","Ch5;Ch9;Ch10","","minority","skimmer#052","I don't know yet."
"C615","Sibling banter engine and running gags (noodle, fish, peas, mounted fish, sock-style buttons)","voice/repetition","-","snag","2","1","hostile-1","hostile-1","1","adversarial","1","Ch5;Ch6;Ch8;Ch10;Ch11;Ch13;Ch18","hostile-1","minority","hostile#028","Shotgun!"
"C616","'Not here' / 'In the car' withholding reads as a device","voice/repetition","-","snag","2","1","hostile-1","hostile-1","1","adversarial","1","Ch6;Ch7;Ch8;Ch10","hostile-1","minority","hostile#040","Not here."
"C617","Shade's right hand mentioned five times","voice/repetition","-","snag","2","1","skimmer-1","skimmer-1","1","experience","1","Ch9","","minority","skimmer#083","His right hand opened on the table, and he closed it again"
"C630","Pathwell proposes, archivist refuses, Pathwell complies (rack, cabinets, board, wagon)","voice/repetition","-","snag","2","1","skimmer-1","skimmer-1","1","experience","1","Ch17","skimmer-1","minority","skimmer#153","That is objectively worse"
"C206","Nothing changing is acceptable to me, unparseable and out of voice","confusion","-","snag","2","1","character-1","","0","","0","Ch14","character-1","minority","character#035","Nothing changing is acceptable to me"
"C291","Shade stays within reach of the pins, passive refusal, why not step out of range","logic","-","snag","2","1","character-1","","0","","0","Ch14","character-1","minority","character#036","I am not fighting you."
"C359","Cookbook promised but almost no food or cooking on the page","promise","-","snag","2","1","prose-1","","0","","0","Ch1;Ch4","prose-1","minority","prose#015",""
"C540","Shade as furniture by the wagon door with no stated want","structure","-","snag","2","1","character-1","","0","","0","Ch12","","minority","character#021","Shade remained by the wagon door, in a spot where he wasn't blocking anything."
"C542","Shade's death cleans up draw, spill and blobs, plot cleanup","structure","-","snag","2","1","character-1","","0","","0","Ch14;Ch15","character-1","minority","character#046",""
"C029","What Pathwell chose to do is kicked down the road (Ch9)","knowledge","-","quibble","1","2","target-1;target-2","target-1;target-2","2","experience","1","Ch9","","minority","target-1#051;target-2#056","Ask him what he chose | Ask him what he chose. He knows what he did."
"C030","Narrator hindsight about Pathwell's fidgeting is unclear (Ch14)","knowledge","-","quibble","1","2","target-1;target-2","target-1;target-2","2","experience","1","Ch14","","minority","target-1#084;target-2#090","At the time, it looked like fidgeting | At the time, it looked like fidgeting."
"C023","Why Pathwell cannot or will not cancel or scope the Ch11 working (Ch11-14)","logic","-","quibble","1","2","rules-1","rules-1","1","audit","1","Ch11;Ch14","","minority","rules#025;rules#044","I can contain this."
"C183","References to events in unread chapters (museum, graffiti threshold, prune, bar)","confusion","-","quibble","1","1","prose-1","prose-1","1","craft","1","Ch9;Ch12;Ch15","","minority","prose#021",""
"C209","'That hand was promising.' reader could not place it","confusion","-","quibble","1","1","prose-1","prose-1","1","craft","1","Ch15","prose-1","minority","prose#020","That hand was promising."
"C219","unclear whether the recipe page was torn out or consumed","continuity","-","quibble","1","1","rules-1","rules-1","1","audit","1","Ch1","","minority","rules#029","A ragged edge stuck out where the page had been."
"C220","Monster named inconsistently (blob, behemoth, ooze)","continuity","-","quibble","1","1","hostile-1","hostile-1","1","adversarial","1","Ch1","","minority","hostile#002","some sort of blob"
"C259","museum's incident record omits Shade's death while Camp records it","continuity","-","quibble","1","1","rules-1","rules-1","1","audit","1","Ch16;Ch17","","minority","rules#038",""
"C260","'Shopkeeper' capitalized once","continuity","-","quibble","1","1","prose-1","prose-1","1","craft","1","Ch18","prose-1","minority","prose#018","without making the Shopkeeper invent anything"
"C261","Time signals conflict: three weeks and four days vs less than two weeks","continuity","-","quibble","1","1","prose-1","prose-1","1","craft","1","Ch18","prose-1","minority","prose#019","Three weeks and four days after"
"C263","how Pathwell knew about the cookbook and why he was in her flat","knowledge","-","quibble","1","1","rules-1","rules-1","1","audit","1","Ch1","","minority","rules#020","Where's your cookbook?"
"C265","Mama Baga knows about the missing front door","knowledge","-","quibble","1","1","auditor-1","auditor-1","1","audit","1","Ch4","","minority","auditor#037","She didn't ask about the apartment, or the missing front door."
"C268","Stansbury names the back hall he never saw","knowledge","-","quibble","1","1","auditor-1","auditor-1","1","audit","1","Ch7","","minority","auditor#045","The back hall,"" Stansbury said."
"C269","Worldbuilding rules (Camp, spill, payment, blobs) taken on characters' word","knowledge","-","quibble","1","1","character-1","character-1","1","craft","1","Ch8-15","","minority","character#053",""
"C270","Stansbury's history with Pathwell and Shade","knowledge","-","quibble","1","1","character-1","character-1","1","craft","1","Ch9","","minority","character#014","Fragments of him. Before me"
"C272","Lizzy versus Elizabeth and what it costs Pathwell","knowledge","-","quibble","1","1","character-1","character-1","1","craft","1","Ch14","","minority","character#042","Lizzy"
"C278","Magic arrives with no setup","logic","-","quibble","1","1","hostile-1","hostile-1","1","adversarial","1","Ch1","","minority","hostile#001","Don't think."
"C279","shop account at zero but Pathwell's sold potential is not counted","logic","-","quibble","1","1","rules-1","rules-1","1","audit","1","Ch3;Ch18","","minority","rules#068","Your account remains at zero."
"C280","young woman from the wagon saved then gone, later life not covered","logic","-","quibble","1","1","rules-1","rules-1","1","audit","1","Ch4;Ch12","","minority","rules#063","The young woman from the wagon accident was gone from the cot."
"C282","Elizabeth's Friday meeting and job: no consequence follows","logic","-","quibble","1","1","rules-1","rules-1","1","audit","1","Ch5;Ch17","","minority","rules#060","her nine o'clock meeting had come and gone while she sat in a field"
"C283","objection to selling children's unused energy answered in one line","logic","-","quibble","1","1","rules-1","rules-1","1","audit","1","Ch5","","minority","rules#065","I don't steal anything. The kids get their work back."
"C284","Pathwell carries no books in his coat, 'it slipped my mind'","logic","-","quibble","1","1","rules-1","rules-1","1","audit","1","Ch7","","minority","rules#032","Yes! It slipped my mind! Would you please focus!?"
"C285","decoy idea for the creature appears only in Ch15, too late","logic","-","quibble","1","1","rules-1","rules-1","1","audit","1","Ch7;Ch15","","minority","rules#043","Fresh pruning spill by the frame. It should be what it's here for."
"C286","Sedan appears on cue; timing not believed","logic","-","quibble","1","1","hostile-1","hostile-1","1","adversarial","1","Ch8","","minority","hostile#045","Perfect,"
"C287","How a failed working became a person is never understood","logic","-","quibble","1","1","hostile-1","hostile-1","1","adversarial","1","Ch10;Ch15","","minority","hostile#074",""
"C288","Shade grabbing Elizabeth's arm reads as convenient","logic","-","quibble","1","1","rules-1","rules-1","1","audit","1","Ch11","","minority","rules#013",""
"C289","Rejoining frame: why brass pins and waxed cord would work","logic","-","quibble","1","1","reluctant-1","reluctant-1","1","experience","1","Ch14","","minority","reluctant#072","make the working decide that we're one settled structure instead of two."
"C290","why the released spillage went into the archive records","logic","-","quibble","1","1","rules-1","rules-1","1","audit","1","Ch14","","minority","rules#036","Fresh spillage."
"C292","the draw ends with Shade's death; cost passes to Shade, none further to Pathwell","logic","-","quibble","1","1","rules-1","rules-1","1","audit","1","Ch15","","minority","rules#067","The draw did not return."
"C293","Milo's burned boot solved in a line","logic","-","quibble","1","1","rules-1","rules-1","1","audit","1","Ch16;Ch17","","minority","rules#064","My boot burned too."
"C294","Pathwell's ribs and temple healed offscreen","logic","-","quibble","1","1","rules-1","rules-1","1","audit","1","Ch18","","minority","rules#066","His face had mostly healed."
"C298","Elizabeth goes along with a stranger's orders quickly","motivation","-","quibble","1","1","rules-1","rules-1","1","audit","1","Ch1","","minority","rules#030","Don't think. What's your favorite recipe?"
"C321","Wardrobe montage (pajamas to pastel linen)","pacing","-","quibble","1","1","hostile-1","hostile-1","1","adversarial","1","Ch4","","minority","hostile#023",""
"C337","Rejoining mechanism explained twice","pacing","-","quibble","1","1","hostile-1","hostile-1","1","adversarial","1","Ch14","","minority","hostile#075","Two anchors. One return."
"C356","the page left behind when she snatches the book","promise","-","quibble","1","1","auditor-1","auditor-1","1","audit","1","Ch1","","minority","auditor#031","Elizabeth snatched the book, leaving the page behind."
"C357","man goes still at the hall, never explained","promise","-","quibble","1","1","auditor-1","auditor-1","1","audit","1","Ch1","","minority","auditor#056","went still"
"C366","Rai Stone and thirty Lydian coins dangled","promise","-","quibble","1","1","auditor-1","auditor-1","1","audit","1","Ch3","","minority","auditor#082",""
"C369","Saturday versus Friday mismatch never explained","promise","-","quibble","1","1","skimmer-1","skimmer-1","1","experience","1","Ch5","","minority","skimmer#047",""
"C371","school closet door locks behind her, not revisited","promise","-","quibble","1","1","auditor-1","auditor-1","1","audit","1","Ch5","","minority","auditor#063","It had locked behind her"
"C373","Mint thud hook dropped immediately","promise","-","quibble","1","1","skimmer-1","skimmer-1","1","experience","1","Ch6","","minority","skimmer#056","She decided she was tired, and turned back to her glass."
"C374","Elizabeth's mother mentioned once and dropped","promise","-","quibble","1","1","hostile-1","hostile-1","1","adversarial","1","Ch6","hostile-1","minority","hostile#036","My mom used to always tell me that"
"C382","third scrap of paper Stansbury brings down","promise","-","quibble","1","1","auditor-1","auditor-1","1","audit","1","Ch10","auditor-1","minority","auditor#010","three scraps of paper"
"C383","Fate of the young woman from the wagon accident not confirmed","promise","-","quibble","1","1","reluctant-1","reluctant-1","1","experience","1","Ch12","","minority","reluctant#060",""
"C384","Nana's funeral page Elizabeth cannot finish","promise","-","quibble","1","1","hostile-1","hostile-1","1","adversarial","1","Ch12","","minority","hostile#067",""
"C386","Foam dagger raised and never used","promise","-","quibble","1","1","hostile-1","hostile-1","1","adversarial","1","Ch14;Ch15","","minority","hostile#077",""
"C389","Scar-removal thread set up and left open","promise","-","quibble","1","1","hostile-1","hostile-1","1","adversarial","1","Ch16","","minority","hostile#087","ways to reduce what remains"
"C393","Grandmother's voice in the cookbook given only a rule, no reason","rule","-","quibble","1","1","prose-1","prose-1","1","craft","1","Ch1","","minority","prose#070","Because it was hers"
"C399","Nature of the draw (magic, flaw, or deliberate) unclear","rule","-","quibble","1","1","character-1","character-1","1","craft","1","Ch8;Ch14","","minority","character#054",""
"C532","exit from the Space Between not shown","structure","-","quibble","1","1","auditor-1","auditor-1","1","audit","1","Ch3;Ch4","","minority","auditor#035",""
"C536","the brothers keep withholding explanations; Elizabeth becomes the driver","structure","-","quibble","1","1","rules-1","rules-1","1","audit","1","Ch7;Ch8","","minority","rules#031","somehow every time we get to the part where somebody explains what the hell is happening, I become the driver."
"C538","Wanted more of Shade; he dies to a joke","structure","-","quibble","1","1","prose-1","prose-1","1","craft","1","Ch9;Ch15","","minority","prose#072","Corrupt institution."
"C539","scene break puts Elizabeth and van on same road with no timeline","structure","-","quibble","1","1","auditor-1","auditor-1","1","audit","1","Ch10","","minority","auditor#070",""
"C545","Chapter 18 is mostly callbacks","structure","-","quibble","1","1","prose-1","prose-1","1","craft","1","Ch18","","minority","prose#063",""
"C560","Cookbook's sentimental pull delivered by flashback; 'Because it was hers'","tone","-","quibble","1","1","hostile-1","hostile-1","1","adversarial","1","Ch1","","minority","hostile#004","Because it was hers."
"C562","'Tuesday' / 'It's Thursday.' gag","tone","-","quibble","1","1","hostile-1","hostile-1","1","adversarial","1","Ch2","","minority","hostile#007","It's Thursday."
"C563","Dumpling comedy runs while her panic is in the next paragraph; grief solved by a dumpling","tone","-","quibble","1","1","hostile-1","hostile-1","1","adversarial","1","Ch2","","minority","hostile#009","I don't share"
"C566","Stock wise elder and archivist with engineered quotability; children handled","tone","-","quibble","1","1","hostile-1","hostile-1","1","adversarial","1","Ch4","","minority","hostile#022","Specificity is expensive."
"C571","Elizabeth's line comparing Shade and Pathwell","tone","-","quibble","1","1","character-1","character-1","1","craft","1","Ch8","","minority","character#004","Same ingredients. Different recipe."
"C575","'Elizabeth started crying and had no idea why' tells rather than shows","tone","-","quibble","1","1","hostile-1","hostile-1","1","adversarial","1","Ch11","","minority","hostile#056","Elizabeth started crying and had no idea why"
"C578","Overwrought climax prose","tone","-","quibble","1","1","reluctant-1","reluctant-1","1","experience","1","Ch14","","minority","reluctant#071","Neither was language, and Elizabeth understood them anyway"
"C593","Repeated reassurance tags in the exit dialogue","voice/repetition","-","quibble","1","1","skimmer-1","skimmer-1","1","experience","1","Ch1","","minority","skimmer#005","Reasonable, even."
"C597","Tense slips and fragments used as stage directions","voice/repetition","-","quibble","1","1","hostile-1","hostile-1","1","adversarial","1","Ch1","","minority","hostile#005",""
"C598","""Three weeks"" repeated","voice/repetition","-","quibble","1","1","skimmer-1","skimmer-1","1","experience","1","Ch2","","minority","skimmer#013","Three weeks. Twenty-one days of unpacked boxes and takeout"
"C600","Pathwell refuses a last name; quip doing the work of character, echoed by Shade in Ch8","voice/repetition","-","quibble","1","1","hostile-1","hostile-1","1","adversarial","1","Ch2;Ch8","","minority","hostile#008","Don't need one. Saves everybody time."
"C601","Memory trigger repeats: a smell, voice or song brings a childhood memory in every quiet passage","voice/repetition","-","quibble","1","1","hostile-1","hostile-1","1","adversarial","1","Ch2;Ch9","","minority","hostile#010","She heard her again. Lizzy."
"C602","Pathwell's dialogue is lines not a person; nothing costs him","voice/repetition","-","quibble","1","1","hostile-1","hostile-1","1","adversarial","1","Ch2","","minority","hostile#012",""
"C603","copy-keeps-the-words-not-the-thing rule restated five times","voice/repetition","-","quibble","1","1","rules-1","rules-1","1","audit","1","Ch4;Ch10;Ch11;Ch17;Ch18","rules-1","minority","rules#010","The copy keeps the words."
"C618","Pathwell comparisons made of Shade","voice/repetition","-","quibble","1","1","skimmer-1","skimmer-1","1","experience","1","Ch9","","minority","skimmer#084","Pathwell would have done that. Probably."
"C620","Diner described as a catalogue of furniture; comparison does no work","voice/repetition","-","quibble","1","1","hostile-1","hostile-1","1","adversarial","1","Ch9","","minority","hostile#048","Probably."
"C621","'Observation. Not memory.' used three times; recap paragraph checks reader is keeping up","voice/repetition","-","quibble","1","1","hostile-1","hostile-1","1","adversarial","1","Ch9","","minority","hostile#049","Observation. Not memory."
"C622","Running 'Lizzy' joke across chapters","voice/repetition","-","quibble","1","1","hostile-1","hostile-1","1","adversarial","1","Ch10","","minority","hostile#051","Elizabeth,"
"C626","Coffee paragraph ""He knew"" run","voice/repetition","-","quibble","1","1","skimmer-1","skimmer-1","1","experience","1","Ch13","","minority","skimmer#120","He knew how fine the beans should be."
"C629","Tags ""Elizabeth looked at..."" between lines","voice/repetition","-","quibble","1","1","skimmer-1","skimmer-1","1","experience","1","Ch16","","minority","skimmer#148",""
"C255","Which hand is bandaged, forgotten palm cut","continuity","-","quibble","1","1","character-1","","0","","0","Ch13","","minority","character#033",""
"C541","Fire is the chapter's focus; Shade bystander in last third","structure","-","quibble","1","1","character-1","","0","","0","Ch14","","minority","character#041",""
"C572","Pathwell backstory handed over as tidy exposition","tone","-","quibble","1","1","character-1","","0","","0","Ch9","","minority","character#009","A problem he had decided belonged to him"
"C576","Narrator explaining Shade's withheld Pathwell knowledge","tone","-","quibble","1","1","character-1","","0","","0","Ch12","","minority","character#024","Whatever pieces of old Pathwell knowledge he carried, he kept them out of a treatment nobody had asked him to direct"
"C072","Pathwell's potential cost is paid in a visible body (Ch3-16)","strength","+","strong","2","2","rules-1","rules-1","1","audit","1","Ch3;Ch5;Ch7;Ch14;Ch16","","minority","rules#049;rules#052","His right arm shook hard enough that his hand blurred. | I give what may be, to protect what will."
"C093","Shade's right-hand motif pays off (Ch9-15)","strength","+","strong","2","2","prose-1","prose-1","1","craft","1","Ch9;Ch12;Ch15","","minority","prose#039;prose#050","Shade's right hand was still open toward him. Shade closed it himself. | palm turning as if something outside had asked a question only his wrist could hear"
"C343","Cake survives: understatement joke pays off the party detail","promise","+","strong","2","1","prose-1","prose-1","1","craft","1","Ch1","","minority","prose#049","The cake, somehow, was fine."
"C345","Spoon callback pays off the mixing spoon from Ch2","promise","+","strong","2","1","hostile-1","hostile-1","1","adversarial","1","Ch2;Ch12","","minority","hostile#064","FIND NANA'S SPOON"
"C346","Missing cookbook page as a hook","promise","+","strong","2","1","skimmer-1","skimmer-1","1","experience","1","Ch3","","minority","skimmer#033","Her thumb found the ragged edge where the page had been."
"C351","""Ask him what he chose"" gives a thing to hold","promise","+","strong","2","1","skimmer-1","skimmer-1","1","experience","1","Ch9","","minority","skimmer#090","He knows what he did. Ask him."
"C354","Milo shouting inside the fire as ending hook","promise","+","strong","2","1","skimmer-1","skimmer-1","1","experience","1","Ch14","","minority","skimmer#135","And inside it, Milo shouted again."
"C406","""Ready?"" ""No."" ""Perfect."" chapter endings","strength","+","strong","2","1","skimmer-1","skimmer-1","1","experience","1","Ch1;Ch18","skimmer-1","minority","skimmer#011","""Ready?"" ""No."" ""Perfect."""
"C407","Party paragraph: cheese cubes, cake saying ELIZ, banner","strength","+","strong","2","1","prose-1","prose-1","1","craft","1","Ch1","","minority","prose#048","half a sheet cake that now said only ELIZ, because her coworkers had started at the wrong end"
"C409","Elizabeth's concrete grief and small real irritations (door, dry-cleaning ticket)","strength","+","strong","2","1","reluctant-1","reluctant-1","1","experience","1","Ch2","","minority","reluctant#009","staying felt worse than leaving, but leaving didn't feel like anything at all."
"C415","the rules are good because the costs are real (overall)","strength","+","strong","2","1","rules-1","rules-1","1","audit","1","Ch3;Ch14;Ch16","","minority","rules#059",""
"C419","'Not X. Y.' and fragment runs that earn their place","strength","+","strong","2","1","prose-1","prose-1","1","craft","1","Ch4;Ch15","prose-1","minority","prose#014","No spell. No sacrifice. No last message. Just fire."
"C421","Chicken-and-dumplings scene and Nana memory","strength","+","strong","2","1","prose-1","prose-1","1","craft","1","Ch4","","minority","prose#051","Nana pretending not to watch until Elizabeth took the first bite."
"C422","Pathwell performing in Ch4 sounds most like himself","strength","+","strong","2","1","prose-1","prose-1","1","craft","1","Ch4","","minority","prose#054","Home is such a permanent term. I prefer… layover."
"C423","Children and Milo have voices the adults' rhythm doesn't touch","strength","+","strong","2","1","prose-1","prose-1","1","craft","1","Ch4;Ch15","","minority","prose#055","Pathwell stupid?"
"C424","Concrete odd detail in the camp archive notebook","strength","+","strong","2","1","prose-1","prose-1","1","craft","1","Ch4","","minority","prose#058","Hess has been dead twenty-two years."
"C431","Brothers' bar scene and first interior passage on Pathwell; 'Mine.' lands","strength","+","strong","2","1","reluctant-1","reluctant-1","1","experience","1","Ch6","","minority","reluctant#035","Something points in an unpleasant direction."
"C438","Elizabeth makes her first choice against the brothers","strength","+","strong","2","1","reluctant-1","reluctant-1","1","experience","1","Ch7","","minority","reluctant#040","For the first time since the apartment, nobody was telling Elizabeth where to go."
"C443","Opening: choosing where to crash","strength","+","strong","2","1","skimmer-1","skimmer-1","1","experience","1","Ch8","","minority","skimmer#075","The telephone pole farther up the road would have been worse."
"C444","""Got her name right"" line","strength","+","strong","2","1","skimmer-1","skimmer-1","1","experience","1","Ch8","","minority","skimmer#078","He'd gotten her name right. It didn't improve the sentence."
"C450","Shade as an idea: a doubled man with remembered things","strength","+","strong","2","1","hostile-1","hostile-1","1","adversarial","1","Ch8;Ch13;Ch15","","minority","hostile#047","I remember things I did not live."
"C452","Elizabeth asks the questions herself in the diner","strength","+","strong","2","1","reluctant-1","reluctant-1","1","experience","1","Ch9","","minority","reluctant#045","You don't get to know that yet."
"C453","Shade on certainty, the book's first moral idea about Pathwell's wrong","strength","+","strong","2","1","reluctant-1","reluctant-1","1","experience","1","Ch9","","minority","reluctant#046","That he had reached the point where being uncertain no longer mattered to him."
"C454","Carrying pieces of an answer line","strength","+","strong","2","1","skimmer-1","skimmer-1","1","experience","1","Ch9","","minority","skimmer#087","I'm tired of carrying pieces of an answer that belong to a question I never asked."
"C461","Unsent letter and magic that loosens the handwriting","strength","+","strong","2","1","hostile-1","hostile-1","1","adversarial","1","Ch10","","minority","hostile#052","She wrote to the same man for six years and mailed none of them."
"C471","Daniel Vale letters lost, substitutes refused","strength","+","strong","2","1","rules-1","rules-1","1","audit","1","Ch11;Ch17","","minority","rules#057","The original was destroyed before anything magical happened to it."
"C475","'That's what you said at the museum' catches the hero","strength","+","strong","2","1","hostile-1","hostile-1","1","adversarial","1","Ch11;Ch14","","minority","hostile#080","That's what you said at the museum."
"C481","Shoulder reset written with restraint","strength","+","strong","2","1","hostile-1","hostile-1","1","adversarial","1","Ch12","","minority","hostile#063","Pain became the entire room."
"C482","Diary handover: she could take it back and does not","strength","+","strong","2","1","hostile-1","hostile-1","1","adversarial","1","Ch12","","minority","hostile#065","It was close enough that Elizabeth could have reached out and taken it back. She didn't."
"C484","queen of spades laid early, paid late","strength","+","strong","2","1","auditor-1","auditor-1","1","audit","1","Ch13;Ch15;Ch17","","minority","auditor#024",""
"C491","rejoining frame fails on intent; Mama Baga states the rule; Elizabeth with unused dagger","strength","+","strong","2","1","rules-1","rules-1","1","audit","1","Ch14","","minority","rules#050","You are giving it two incompatible answers."
"C494","Mama Baga's sharp lines about the working","strength","+","strong","2","1","hostile-1","hostile-1","1","adversarial","1","Ch14","","minority","hostile#079","The working knows what you mean, not what you wish you meant."
"C499","Shade's death is paid and final, nothing returned","strength","+","strong","2","1","rules-1","rules-1","1","audit","1","Ch15;Ch16;Ch17","","minority","rules#055","SHADE — DIED AT CAMP."
"C500","Stansbury's burned hand and permanent scar","strength","+","strong","2","1","rules-1","rules-1","1","audit","1","Ch15;Ch16;Ch17","","minority","rules#056","You will scar."
"C510","Camp's restitution terms say who sets the price","strength","+","strong","2","1","rules-1","rules-1","1","audit","1","Ch16","","minority","rules#051","The person who broke the thing does not get to set the schedule because waiting makes him uncomfortable."
"C517","Curator refuses substitution; facsimile card","strength","+","strong","2","1","hostile-1","hostile-1","1","adversarial","1","Ch17","","minority","hostile#093","The information survived. The page didn't."
"C522","Geese run builds into a good joke","strength","+","strong","2","1","prose-1","prose-1","1","craft","1","Ch18","","minority","prose#059","They have learned commerce."
"C446","Shade's hand fighting him, shown not explained","strength","+","strong","2","1","character-1","","0","","0","Ch8","","minority","character#001",""
"C448","Shade's flat dry voice, distinct from Pathwell","strength","+","strong","2","1","character-1","","0","","0","Ch8;Ch9;Ch11-15","","minority","character#005","Shade seemed willing to let it suffer."
"C472","Shade stepping on squeaky floorboard on purpose","strength","+","strong","2","1","character-1","","0","","0","Ch11","","minority","character#016","Shade stepped on it on purpose, and the sound cracked through the quiet."
"C485","Shade states a want for the first time","strength","+","strong","2","1","character-1","","0","","0","Ch13","","minority","character#028","I want to stay here."
"C492","Shade defending Stansbury's pride","strength","+","strong","2","1","character-1","","0","","0","Ch14","","minority","character#037","Don't make him the reason."
"C493","Shade asking the question the book circles","strength","+","strong","2","1","character-1","","0","","0","Ch14","","minority","character#038","For who?"
"C273","Elizabeth lifts shelf with the reduced shoulder (accepted)","logic","+","mild","1","1","auditor-1","auditor-1","1","audit","1","Ch12;Ch15","","minority","auditor#026","You are not using this arm today."
"C274","reason given for not cutting the cord with the dagger","logic","+","mild","1","1","rules-1","rules-1","1","audit","1","Ch14","","minority","rules#047","She didn't know what it would cut, or whose it was to cut. She left it where it was."
"C296","Elizabeth's stated reason for giving the whole book, not just the page","motivation","+","mild","1","1","rules-1","rules-1","1","audit","1","Ch4","","minority","rules#045","If I keep holding the rest, I'm going to spend the next ten minutes finding a reason this page is the wrong one."
"C297","Pathwell's reason for refusing to lift his hand and let the frame fail","motivation","+","mild","1","1","rules-1","rules-1","1","audit","1","Ch14","","minority","rules#048","I can't keep leaving damage behind me."
"C344","""He still has it"" as a hook","promise","+","mild","1","1","skimmer-1","skimmer-1","1","experience","1","Ch2","","minority","skimmer#023","He still has it."
"C353","""Pathwell still wasn't there"" as hook","promise","+","mild","1","1","skimmer-1","skimmer-1","1","experience","1","Ch12","","minority","skimmer#119","Pathwell still wasn't there."
"C403","Opening scene is concrete and quick (her party, boxes, Nana, stranger)","strength","+","mild","1","1","reluctant-1","reluctant-1","1","experience","1","Ch1","","minority","reluctant#001",""
"C404","Opening line","strength","+","mild","1","1","skimmer-1","skimmer-1","1","experience","1","Ch1","","minority","skimmer#007","It was the crash that woke her."
"C405","The cake being fine","strength","+","mild","1","1","skimmer-1","skimmer-1","1","experience","1","Ch1","","minority","skimmer#010","The cake, somehow, was fine."
"C408","Elizabeth's frightened, uncertain voice in Ch1 before she picks up the style","strength","+","mild","1","1","prose-1","prose-1","1","craft","1","Ch1","","minority","prose#057","My Nana always made the best sugar cookies?"
"C410","""Replaceable.""","strength","+","mild","1","1","skimmer-1","skimmer-1","1","experience","1","Ch2","","minority","skimmer#019","Replaceable."
"C411","Pathwell refusing a last name","strength","+","mild","1","1","skimmer-1","skimmer-1","1","experience","1","Ch2","","minority","skimmer#022",""
"C414","""Don't make anything of that.""","strength","+","mild","1","1","skimmer-1","skimmer-1","1","experience","1","Ch3","","minority","skimmer#034","Don't make anything of that."
"C417","Healer, Mama Baga and archivist are people the reader can stand near","strength","+","mild","1","1","reluctant-1","reluctant-1","1","experience","1","Ch4","","minority","reluctant#024","Specificity is expensive."
"C418","Nana's voice: soup as an argument","strength","+","mild","1","1","skimmer-1","skimmer-1","1","experience","1","Ch4","","minority","skimmer#041","She believed soup was an argument you could win."
"C420","Empty-hand-after-giving image passes from person to person","strength","+","mild","1","1","prose-1","prose-1","1","craft","1","Ch4;Ch12;Ch15;Ch18","","minority","prose#041","He looked at his empty hand."
"C426","""Run out of ways to say I don't know"" joke","strength","+","mild","1","1","skimmer-1","skimmer-1","1","experience","1","Ch5","","minority","skimmer#050","I'm going to run out of ways to say 'I don't know' if you keep asking the same question."
"C427","School scene and car ride move quickly","strength","+","mild","1","1","skimmer-1","skimmer-1","1","experience","1","Ch5","","minority","skimmer#051",""
"C428","'Her door.' / 'Was it?' hook","strength","+","mild","1","1","hostile-1","hostile-1","1","adversarial","1","Ch5","","minority","hostile#034","Her door."
"C432","Tab joke","strength","+","mild","1","1","skimmer-1","skimmer-1","1","experience","1","Ch6","","minority","skimmer#061","It has meant something in several currencies."
"C433","""Points in an unpleasant direction"" / ""Mine.""","strength","+","mild","1","1","skimmer-1","skimmer-1","1","experience","1","Ch6","","minority","skimmer#062",""
"C434","Reveal that it came for him; Elizabeth lets him have it","strength","+","mild","1","1","hostile-1","hostile-1","1","adversarial","1","Ch6","","minority","hostile#038","Not now. Not here. Not necessarily not her."
"C439","Quick parking-lot fight and car-driving hook","strength","+","mild","1","1","skimmer-1","skimmer-1","1","experience","1","Ch7","","minority","skimmer#074",""
"C445","Ending line about the accident","strength","+","mild","1","1","skimmer-1","skimmer-1","1","experience","1","Ch8","","minority","skimmer#082","Too late to call it an accident."
"C449","Book's subject: care versus control, deciding for others","strength","+","mild","1","1","character-1","character-1","1","craft","1","Ch8-15","","minority","character#052","I can contain this"
"C455","""Don't make that sentence larger""","strength","+","mild","1","1","skimmer-1","skimmer-1","1","experience","1","Ch9","","minority","skimmer#088","Don't make that sentence larger than it is."
"C458","Pathwell would have done that. Probably.","strength","+","mild","1","1","prose-1","prose-1","1","craft","1","Ch9","","minority","prose#030","Pathwell would have done that. Probably."
"C469","Shade's hand trying to turn toward Pathwell","strength","+","mild","1","1","skimmer-1","skimmer-1","1","experience","1","Ch11","","minority","skimmer#106",""
"C470","""She banned me twice.""","strength","+","mild","1","1","skimmer-1","skimmer-1","1","experience","1","Ch11","","minority","skimmer#107","She banned me twice."
"C477","""Efficient system"" and paperwork line","strength","+","mild","1","1","skimmer-1","skimmer-1","1","experience","1","Ch12","","minority","skimmer#118","He respects paperwork more consistently than people."
"C479","Healer's 'Good.' / 'I disagree with your use of the word.'","strength","+","mild","1","1","prose-1","prose-1","1","craft","1","Ch12","","minority","prose#032","I disagree with your use of the word."
"C480","Museums as injury category joke","strength","+","mild","1","1","prose-1","prose-1","1","craft","1","Ch12","","minority","prose#074","He nodded as though museums were a recognized injury category."
"C487","Mama Baga's blunt line","strength","+","mild","1","1","hostile-1","hostile-1","1","adversarial","1","Ch13","","minority","hostile#071","I didn't ask what would help."
"C488","Threshold opens mid card game","strength","+","mild","1","1","hostile-1","hostile-1","1","adversarial","1","Ch13","","minority","hostile#072",""
"C490","Stakes finally visible: child trapped, archive burning, diary and cookbook in smoke","strength","+","mild","1","1","reluctant-1","reluctant-1","1","experience","1","Ch14","","minority","reluctant#075","The archive was burning."
"C498","""Two men react at once"" makes the draw clear","strength","+","mild","1","1","skimmer-1","skimmer-1","1","experience","1","Ch15","","minority","skimmer#141","Elizabeth felt nothing magical herself. She only saw two men react at once."
"C501","First 'I know.' in Ch15 earns itself","strength","+","mild","1","1","prose-1","prose-1","1","craft","1","Ch15","","minority","prose#028","The answer came out in Shade's voice and Pathwell's voice and her own."
"C502","Pain-and-humor lines land","strength","+","mild","1","1","prose-1","prose-1","1","craft","1","Ch15","","minority","prose#060","Her left shoulder throbbed inside the sling like something offended to still be attached to her."
"C503","Aphorism about a morning lands","strength","+","mild","1","1","prose-1","prose-1","1","craft","1","Ch15","","minority","prose#076","A person could accumulate a surprising amount of life in a morning."
"C507","Healer and Milo banter","strength","+","mild","1","1","skimmer-1","skimmer-1","1","experience","1","Ch16","","minority","skimmer#143","Useful. For who? Me."
"C508","""Loss didn't care much about paperwork.""","strength","+","mild","1","1","skimmer-1","skimmer-1","1","experience","1","Ch16","","minority","skimmer#151","Loss didn't care much about paperwork."
"C509","""Alive.""","strength","+","mild","1","1","skimmer-1","skimmer-1","1","experience","1","Ch16","","minority","skimmer#152","Alive."
"C511","Elizabeth's crying, a specific list of losses","strength","+","mild","1","1","hostile-1","hostile-1","1","adversarial","1","Ch16","","minority","hostile#091","For the fact that choosing Milo had been right and had still cost her things she wanted back."
"C515","""The choice was ridiculous. It was still hers.""","strength","+","mild","1","1","skimmer-1","skimmer-1","1","experience","1","Ch17","","minority","skimmer#155","The choice was ridiculous. It was still hers."
"C516","Hearts scene funny and short","strength","+","mild","1","1","skimmer-1","skimmer-1","1","experience","1","Ch17","","minority","skimmer#161",""
"C521","""House-trained by consequences"" line","strength","+","mild","1","1","skimmer-1","skimmer-1","1","experience","1","Ch18","","minority","skimmer#170","I am trying very hard to have been house-trained by consequences."
"C523","Quiet callback closers work","strength","+","mild","1","1","prose-1","prose-1","1","craft","1","Ch18","","minority","prose#061","Shade would have liked it."
"C524","Apartment joke with a turn","strength","+","mild","1","1","prose-1","prose-1","1","craft","1","Ch18","","minority","prose#062","The apartment didn't answer. It had gotten better about that."
"C525","Pathwell closes the book; no speech","strength","+","mild","1","1","hostile-1","hostile-1","1","adversarial","1","Ch18","","minority","hostile#098","No speech followed."
"C447","Shade wanting coffee as first fully believed line","strength","+","mild","1","1","character-1","","0","","0","Ch8","","minority","character#002","No. I'm getting coffee."
"C456","Running gag about meeting on the road twenty-five minutes ago","strength","+","mild","1","1","character-1","","0","","0","Ch9","","minority","character#008",""
"C457","Shade admitting Elizabeth is partly leverage","strength","+","mild","1","1","character-1","","0","","0","Ch9","","minority","character#011","Because he'll listen to you longer than he'll listen to me."
"C473","Shade saying only Sorry after grabbing Elizabeth's arm, no accusing Pathwell","strength","+","mild","1","1","character-1","","0","","0","Ch11","","minority","character#018","Sorry."
"C474","Breakfast exchange between Shade and Pathwell","strength","+","mild","1","1","character-1","","0","","0","Ch11","","minority","character#020","You don't know what happens if I eat breakfast either."
"C478","Shade's humiliation and dropped spoon humanise him","strength","+","mild","1","1","character-1","","0","","0","Ch12","","minority","character#022","This is humiliating."
"C486","Queen of spades pocketed then returned to Milo","strength","+","mild","1","1","character-1","","0","","0","Ch13","character-1","minority","character#031","You'll need this."
"C177","stand-alone line repeating the book's first sentence","confusion","-","snag","2","1","target-2","target-2","1","experience","1","Ch1;Ch8","target-2","noise suspect","target-2#049","It was the crash that woke her."
"C246","Line 'It was the crash that woke her' in middle of the wreck","continuity","-","snag","2","1","target-1","target-1","1","experience","1","Ch8","target-1","noise suspect","target-1#043","It was the crash that woke her."
"C266","Pathwell mirror scene enters his head then stops one sentence short","knowledge","-","snag","2","1","target-2","target-2","1","experience","1","Ch6","","noise suspect","target-2#041","His own face in the mirror suddenly felt less like evidence than like an accusation."
"C267","Brothers apologise and still explain nothing","knowledge","-","snag","2","1","target-1","target-1","1","experience","1","Ch7","","noise suspect","target-1#038","Nothing followed."
"C299","brothers keep saying ""Not here"" and stalling","motivation","-","snag","2","1","target-2","target-2","1","experience","1","Ch5-8","target-2","noise suspect","target-2#036","Not here"
"C300","Elizabeth gets into Shade's car","motivation","-","snag","2","1","target-1","target-1","1","experience","1","Ch8","target-1","noise suspect","target-1#047","the man in the sedan had pieces Pathwell wouldn't give her"
"C302","Elizabeth walks back alone on a county road at night","motivation","-","snag","2","1","target-1","target-1","1","experience","1","Ch9","target-1","noise suspect","target-1#048","I'm going back"
"C303","Pathwell as a person before the fall","motivation","-","snag","2","1","target-1","target-1","1","experience","1","Ch10;Ch11","","noise suspect","target-1#117","Seventeen years"
"C531","World is a string of rooms joined by convenient doors","structure","-","snag","2","1","target-1","target-1","1","experience","1","Ch3;Ch4;Ch11;Ch13","","noise suspect","target-1#118",""
"C543","day-count montage","structure","-","snag","2","1","target-2","target-2","1","experience","1","Ch17","target-2","noise suspect","target-2#105","On the twelfth day"
"C580","Restitution tribunal with Mama Baga","tone","-","snag","2","1","target-1","target-1","1","experience","1","Ch16","target-1","noise suspect","target-1#094","Defined by whom?"
"C584","Elizabeth's crying list","tone","-","snag","2","1","target-2","target-2","1","experience","1","Ch16","target-2","noise suspect","target-2#102","For the fact that choosing Milo had been right and had still cost her things she wanted back."
"C592","""Pathwell went still"" repeated","voice/repetition","-","snag","2","1","target-2","target-2","1","experience","1","Ch1;Ch4;Ch5;Ch6;Ch8;Ch11;Ch14","target-2","noise suspect","target-2#037","Stansbury followed his eyes. ""Again?"""
"C221","""dropped her books"" when only a cookbook and diary were taken","continuity","-","quibble","1","1","target-2","target-2","1","experience","1","Ch2","","noise suspect","target-2#010","dropped her books on the table"
"C231","Missing line in the wheel exchange","continuity","-","quibble","1","1","target-1","target-1","1","experience","1","Ch4","","noise suspect","target-1#023","This wheel is new. / Newer, Pathwell amended."
"C236","Elizabeth's missed nine o'clock meeting dropped","continuity","-","quibble","1","1","target-2","target-2","1","experience","1","Ch5","","noise suspect","target-2#031","her nine o'clock meeting had come and gone while she sat in a field"
"C264","Pathwell asks for Camp Cunnan supplies and won't say why","knowledge","-","quibble","1","1","target-2","target-2","1","experience","1","Ch3","","noise suspect","target-2#017",""
"C275","Pathwell takes her diary and nobody remarks on it","logic","-","quibble","1","1","target-1","target-1","1","experience","1","Ch1","","noise suspect","target-1#006",""
"C311","""marked, magically speaking"" exchange repeats its gag","pacing","-","quibble","1","1","target-2","target-2","1","experience","1","Ch1","","noise suspect","target-2#004",""
"C317","Rai Stone / Lydian coin haggling aimed at tiny audience","pacing","-","quibble","1","1","target-1","target-1","1","experience","1","Ch3","","noise suspect","target-1#015",""
"C320","Notebook-and-Hess exchange, one more quirky camp bit","pacing","-","quibble","1","1","target-1","target-1","1","experience","1","Ch4","","noise suspect","target-1#021",""
"C326","First car-radio stretch","pacing","-","quibble","1","1","target-1","target-1","1","experience","1","Ch9","","noise suspect","target-1#052",""
"C338","explanation of overlapping signatures","pacing","-","quibble","1","1","target-2","target-2","1","experience","1","Ch15","","noise suspect","target-2#096",""
"C340","Postcards, field guide, blue-string letters list","pacing","-","quibble","1","1","target-1","target-1","1","experience","1","Ch18","target-1","noise suspect","target-1#112",""
"C363","Stray names left unexplained (Boots joke dropped, Bakhtak, Thumper)","promise","-","quibble","1","1","target-1","target-1","1","experience","1","Ch3;Ch5;Ch12;Ch18","","noise suspect","target-1#016",""
"C368","origin of the cleanup creatures never explained","promise","-","quibble","1","1","target-2","target-2","1","experience","1","Ch5","target-2","noise suspect","target-2#034",""
"C537","Shade's identity guessable on arrival","structure","-","quibble","1","1","target-1","target-1","1","experience","1","Ch8","","noise suspect","target-1#044",""
"C558","Pathwell as know-it-all quirky guide","tone","-","quibble","1","1","target-1","target-1","1","experience","1","Ch1;Ch2","","noise suspect","target-1#005","Yes, I did mention the marked thing, didn't I?"
"C561","Ending hook about Pathwell still having the diary","tone","-","quibble","1","1","target-1","target-1","1","experience","1","Ch2","","noise suspect","target-1#011","He still has it"
"C564","Pathwell burning scene wording","tone","-","quibble","1","1","target-2","target-2","1","experience","1","Ch3","","noise suspect","target-2#016","Pathwell screamed in a million voices, voices lost to time, burning out to become memories never made."
"C568","Elizabeth's mom 'red sky at night' line is generic","tone","-","quibble","1","1","target-1","target-1","1","experience","1","Ch6","","noise suspect","target-1#035",""
"C569","""Not now. Not here. Not necessarily not her."" sentence","tone","-","quibble","1","1","target-2","target-2","1","experience","1","Ch6","","noise suspect","target-2#043","Not now. Not here. Not necessarily not her."
"C573","Elizabeth states the theme aloud","tone","-","quibble","1","1","target-1","target-1","1","experience","1","Ch10","","noise suspect","target-1#057","And paying for it yourself made you feel like the method was yours to choose."
"C574","Civil War brothers statues a wink too many","tone","-","quibble","1","1","target-1","target-1","1","experience","1","Ch11","","noise suspect","target-1#066","two brothers split by land and by ideology"
"C581","Mama Baga's 'Person' line after the ledger","tone","-","quibble","1","1","target-1","target-1","1","experience","1","Ch16","target-1","noise suspect","target-1#095","Person is the word I have for that."
"C582","Narrator's moral gloss on the burn","tone","-","quibble","1","1","target-1","target-1","1","experience","1","Ch16","target-1","noise suspect","target-1#096","Both things were true."
"C583","Elizabeth's second speech after that line","tone","-","quibble","1","1","target-1","target-1","1","experience","1","Ch16","","noise suspect","target-1#098","I am not going to make your guilt useful."
"C585","closing line about Pathwell not deciding","tone","-","quibble","1","1","target-2","target-2","1","experience","1","Ch16","","noise suspect","target-2#103","for once Pathwell would not be the person deciding"
"C586","""She called it evidence"" line","tone","-","quibble","1","1","target-2","target-2","1","experience","1","Ch17","target-2","noise suspect","target-2#107","Elizabeth didn't call that redemption. She called it evidence."
"C588","Section endings say what was just shown","tone","-","quibble","1","1","target-1","target-1","1","experience","1","Ch18","","noise suspect","target-1#113",""
"C623","POV slip into Pathwell's side of the room","voice/repetition","-","quibble","1","1","target-1","target-1","1","experience","1","Ch11","","noise suspect","target-1#065","For half a second, from Pathwell's side of the room, it was simple and ugly"
"C625","Space Between coffee joke reused","voice/repetition","-","quibble","1","1","target-1","target-1","1","experience","1","Ch13","","noise suspect","target-1#078","That's terrible."
"C627","Mama Baga's repeated ""Stop""","voice/repetition","-","quibble","1","1","target-2","target-2","1","experience","1","Ch14","","noise suspect","target-2#089",""
"C262","Book lets us into Pathwell's head and he later explains, resolving the quiet fairly","knowledge","+","strong","2","1","target-1","target-1","1","experience","1","Ch6;Ch10","","noise suspect","target-1#004","His own face in the mirror suddenly felt less like evidence than like an accusation."
"C347","Copying the blue notebook, HESS SAYS FOUR payoff","promise","+","strong","2","1","target-1","target-1","1","experience","1","Ch4;Ch17","","noise suspect","target-1#104","HESS SAYS FOUR"
"C349","Elizabeth cutting Pathwell free with the foam dagger, payoff of ch5 line","promise","+","strong","2","1","target-2","target-2","1","experience","1","Ch7","","noise suspect","target-2#044","Something opened. Not flesh. A seam."
"C390","Archive rule: donated pages are spent, archive keeps them","rule","+","strong","2","1","target-1","target-1","1","experience","1","Ch4","","noise suspect","target-1#018","Specificity is expensive"
"C392","Mama Baga's rule for how workings fail","rule","+","strong","2","1","target-1","target-1","1","experience","1","Ch14","","noise suspect","target-1#082","The working knows what you mean, not what you wish you meant."
"C402","Sugar-cookie spell, magic in a recipe","strength","+","strong","2","1","target-1","target-1","1","experience","1","Ch1","","noise suspect","target-1#002","Because it was hers"
"C425","Elizabeth grows more decisive each time she is told what to do","strength","+","strong","2","1","target-1","target-1","1","experience","1","Ch5;Ch7;Ch8;Ch11","","noise suspect","target-1#119",""
"C429","Keys handed over, passenger seat callback","strength","+","strong","2","1","target-1","target-1","1","experience","1","Ch6","","noise suspect","target-1#032","It's the useful version."
"C435","Second blob goes after Pathwell, not Elizabeth, flipping chosen-one premise","strength","+","strong","2","1","target-1","target-1","1","experience","1","Ch7","","noise suspect","target-1#039","This one had crossed a parking lot and swallowed him."
"C441","Shade's introduction in the headlights","strength","+","strong","2","1","target-2","target-2","1","experience","1","Ch8","","noise suspect","target-2#050","He was the same height, and near enough the same face that the distance swallowed the differences."
"C462","Pathwell breaks his van promise and the book doesn't let him off","strength","+","strong","2","1","target-1","target-1","1","experience","1","Ch11","","noise suspect","target-1#062","Elizabeth heard the work van inside the sentence."
"C463","Wrecked room of loose feelings","strength","+","strong","2","1","target-1","target-1","1","experience","1","Ch11","","noise suspect","target-1#063","Someone needed eggs"
"C464","Sam's notebook and the end of the war","strength","+","strong","2","1","target-2","target-2","1","experience","1","Ch11","","noise suspect","target-2#065","For her, perhaps that was the end of the war."
"C465","Pathwell says ""All right"" then does it anyway, shown from his side","strength","+","strong","2","1","target-2","target-2","1","experience","1","Ch11","","noise suspect","target-2#066","Quickest. Cleanest. I can handle it."
"C468","costs of the harm stay on the page","strength","+","strong","2","1","target-2","target-2","1","experience","1","Ch11-16","","noise suspect","target-2#120",""
"C495","Milo's sock finally stays up","strength","+","strong","2","1","target-1","target-1","1","experience","1","Ch15","","noise suspect","target-1#089","His sock had finally stayed up. Elizabeth hated that detail immediately."
"C505","Milo and Shade's debt","strength","+","strong","2","1","target-2","target-2","1","experience","1","Ch16","","noise suspect","target-2#098","He still owes me a hand."
"C519","Pathwell shelving the cookbook square to the edge","strength","+","strong","2","1","target-2","target-2","1","experience","1","Ch18","","noise suspect","target-2#115","square to the edge"
"C295","Elizabeth follows Pathwell for her own reasons","motivation","+","mild","1","1","target-1","target-1","1","experience","1","Ch4","","noise suspect","target-1#024","Not because he had her things. He didn't."
"C342","chapter 18 reversal of chapter 1's last exchange","promise","+","mild","1","1","target-2","target-2","1","experience","1","Ch1;Ch18","","noise suspect","target-2#113","""Are you ready?"" / ""No."" / ""Perfect."""
"C348","""He lies, you know"" / ""I don't lie"" plant","promise","+","mild","1","1","target-2","target-2","1","experience","1","Ch5","","noise suspect","target-2#033","He lies, you know"
"C350","Elizabeth asking ""Do you want to come?""","promise","+","mild","1","1","target-2","target-2","1","experience","1","Ch7;Ch18","","noise suspect","target-2#116","Do you want to come?"
"C352","Diary in the intake rack pays off at the fire","promise","+","mild","1","1","target-1","target-1","1","experience","1","Ch12;Ch14;Ch15","","noise suspect","target-1#074",""
"C355","Sequel hook of no one waiting who needed him to fix anything","promise","+","mild","1","1","target-1","target-1","1","experience","1","Ch18","","noise suspect","target-1#111","At least as far as either of them knew."
"C412","terrible coffee that helps","strength","+","mild","1","1","target-2","target-2","1","experience","1","Ch3","","noise suspect","target-2#013","Familiar things are useful."
"C413","blood-god cat and the handcart humor","strength","+","mild","1","1","target-2","target-2","1","experience","1","Ch3","","noise suspect","target-2#014","You've watched me carry things out of here by hand."
"C416","archive humor (the beetle, Hess still arguing)","strength","+","mild","1","1","target-2","target-2","1","experience","1","Ch4","","noise suspect","target-2#020","It's practicing."" / ""For what?"" / ""Being dead."
"C430","the book noticing its own withholding","strength","+","mild","1","1","target-2","target-2","1","experience","1","Ch6;Ch10","","noise suspect","target-2#042","Quiet is newer."
"C436","""Anything missing?"" / ""Several dignities.""","strength","+","mild","1","1","target-2","target-2","1","experience","1","Ch7","","noise suspect","target-2#045","Several dignities."
"C437","Pathwell telling her to drive","strength","+","mild","1","1","target-2","target-2","1","experience","1","Ch7","","noise suspect","target-2#046","Not cruel. Worse. Useful."
"C440","Shade's flat refusals","strength","+","mild","1","1","target-1","target-1","1","experience","1","Ch8","","noise suspect","target-1#046","Not in my car. Not you."
"C442","Elizabeth following another man who sounded certain","strength","+","mild","1","1","target-2","target-2","1","experience","1","Ch8","","noise suspect","target-2#052","she was following another man who sounded certain"
"C451","Shade correcting ""We used to—""","strength","+","mild","1","1","target-2","target-2","1","experience","1","Ch9","","noise suspect","target-2#055","He used to"
"C459","Stansbury copying before anything is spent","strength","+","mild","1","1","target-2","target-2","1","experience","1","Ch10","","noise suspect","target-2#059","It makes the cost mine to approve"
"C460","Ch10 laugh lines (the axle, Bank it)","strength","+","mild","1","1","target-2","target-2","1","experience","1","Ch10","","noise suspect","target-2#060","I have not reached the axle emotionally."
"C466","cannon aimed at the gift shop","strength","+","mild","1","1","target-2","target-2","1","experience","1","Ch11","","noise suspect","target-2#068","History has casualties."
"C467","Pathwell's exit line","strength","+","mild","1","1","target-2","target-2","1","experience","1","Ch11","","noise suspect","target-2#071","I chose Camp... I'm still choosing it."
"C476","turnip boy running gag","strength","+","mild","1","1","target-2","target-2","1","experience","1","Ch12","","noise suspect","target-2#077","Are you Pathwell?"" / ""No."" / ""Good."
"C483","queen of spades image","strength","+","mild","1","1","target-2","target-2","1","experience","1","Ch13","","noise suspect","target-2#083","The queen of spades lay face-up beside an onion that had somehow escaped again"
"C489","Mama Baga's ""better coat"" line","strength","+","mild","1","1","target-2","target-2","1","experience","1","Ch14","","noise suspect","target-2#085","Same arrogance in a better coat."
"C496","Pathwell asks and accepts Stansbury's no","strength","+","mild","1","1","target-1","target-1","1","experience","1","Ch15","","noise suspect","target-1#090","He didn't tell him again."
"C497","Stansbury at the window","strength","+","mild","1","1","target-2","target-2","1","experience","1","Ch15","","noise suspect","target-2#095","You don't need to save everything."
"C504","Pathwell accepts scar treatment limit","strength","+","mild","1","1","target-1","target-1","1","experience","1","Ch16","","noise suspect","target-1#101","All right"
"C506","Ch16 laugh lines (advertisement, Shade's coffee)","strength","+","mild","1","1","target-2","target-2","1","experience","1","Ch16","","noise suspect","target-2#104","I considered asking him to leave on that basis alone."
"C512","copying HESS SAYS FOUR with the uneven capitals","strength","+","mild","1","1","target-2","target-2","1","experience","1","Ch17","","noise suspect","target-2#110","This is not information. This is a family argument preserved as infrastructure."
"C513","Hearts game and queen of spades echoing Shade","strength","+","mild","1","1","target-2","target-2","1","experience","1","Ch17","","noise suspect","target-2#111",""
"C514","Elizabeth's apartment taking time to become hers","strength","+","mild","1","1","target-2","target-2","1","experience","1","Ch17","","noise suspect","target-2#112","Her apartment took longer to become hers than the archive took to become a construction site."
"C518","Elizabeth less frightened of the Space Between","strength","+","mild","1","1","target-1","target-1","1","experience","1","Ch18","","noise suspect","target-1#109","She had become less frightened of not understanding it"
"C520","Ch18 laugh lines (OUT OF ORDER door, geese)","strength","+","mild","1","1","target-2","target-2","1","experience","1","Ch18","","noise suspect","target-2#117","Three weeks is not a character trait."
"C526","Book gives Shade's origin openly and moves to what to do about it","structure","+","mild","1","1","target-1","target-1","1","experience","1","Ch8","","noise suspect","target-1#045","Same ingredients. Different recipe,"
"C527","Cliffhanger seam of light between trees","structure","+","mild","1","1","target-1","target-1","1","experience","1","Ch13","","noise suspect","target-1#080","Elizabeth heard the distant scrape of a shoe on museum wood"
"C546","Cold open: stranger reading her diary, cake line","tone","+","mild","1","1","target-1","target-1","1","experience","1","Ch1","","noise suspect","target-1#001","The cake, somehow, was fine."
"C547","Early banter (Tuesday/Thursday, one-name, paper or plastic)","tone","+","mild","1","1","target-1","target-1","1","experience","1","Ch2;Ch3","","noise suspect","target-1#009","Just a really weird Tuesday for you."
"C548","second-person aside about the town","tone","+","mild","1","1","target-2","target-2","1","experience","1","Ch5","","noise suspect","target-2#032","You would be forgiven for not stopping in the town"
"C549","Brothers' fish argument and bar banter","tone","+","mild","1","1","target-1","target-1","1","experience","1","Ch6","","noise suspect","target-1#033","What, then, is family for? / Usually this argument."
"C550","Peas and axle banter","tone","+","mild","1","1","target-1","target-1","1","experience","1","Ch10","","noise suspect","target-1#055","Peas. / Is that a diagnosis?"
"C551","Museum banter","tone","+","mild","1","1","target-1","target-1","1","experience","1","Ch11","","noise suspect","target-1#061","He donated the climate-control system after arguing with the board for eleven years."
"C552","Donor permission card joke","tone","+","mild","1","1","target-1","target-1","1","experience","1","Ch12","","noise suspect","target-1#072","DONOR PERMISSION REQUIRED. PATHWELL IS NOT DONOR."
"C553","Milo's foot-purple banter","tone","+","mild","1","1","target-1","target-1","1","experience","1","Ch13","","noise suspect","target-1#076","Your foot is purple."
"C554","Standing-beautifully banter","tone","+","mild","1","1","target-1","target-1","1","experience","1","Ch14","","noise suspect","target-1#083","That's a nautical term."
"C555","Healing banter","tone","+","mild","1","1","target-1","target-1","1","experience","1","Ch16","","noise suspect","target-1#099","Shelves are famous for respecting medical instructions."
"C556","Unreasonable government joke","tone","+","mild","1","1","target-1","target-1","1","experience","1","Ch17","","noise suspect","target-1#106","I have been placed under unreasonable government."
"C557","Phone call restraint comedy","tone","+","mild","1","1","target-1","target-1","1","experience","1","Ch18","","noise suspect","target-1#107","I am trying very hard to have been house-trained by consequences."
