"cluster","title","type","polarity","severity","sev_rank","records","readers","readers_unprompted","n_readers_unprompted","families_unprompted","n_families_unprompted","chapters","top_ten_by","category","ids","quotes"
"C004","Rai Stone / Lydian coins haggling and currency not explained (Ch3)","confusion","-","stopper","3","3","hostile-1;reluctant-1;skimmer-1","hostile-1;reluctant-1;skimmer-1","3","adversarial;experience","2","Ch3;Ch18","hostile-1;reluctant-1","convergent","reluctant#013;skimmer#025;hostile#017","I've got potential to sell. Lots. | We could settle today, past bills and all, for… a Rai Stone. | thirty Lydian coins"
"C044","Hearts card game scenes run long (Ch13)","pacing","-","snag","2","5","hostile-1;reluctant-1;rules-1;target-1;target-2","hostile-1;reluctant-1;rules-1;target-1;target-2","5","adversarial;audit;experience","3","Ch13;Ch17","reluctant-1;target-1","convergent","target-1#077;target-2#082;reluctant#065;rules#026;hostile#068","This child is cheating."
"C025","Diary donation in Ch12 repeats the Ch4 cookbook donation beat","structure","-","snag","2","4","hostile-1;prose-1;target-1;target-2","hostile-1;prose-1;target-1;target-2","4","adversarial;craft;experience","3","Ch4;Ch12","prose-1;target-1;target-2","convergent","target-1#069;target-2#073;prose#008;hostile#062","Family name? | Store? / Loan? | suspended after the diary left it. Empty"
"C132","""That was the choice"" refrain repeated (Ch4,Ch15)","voice/repetition","-","snag","2","4","hostile-1;prose-1;target-1;target-2","hostile-1;prose-1;target-1;target-2","4","adversarial;craft;experience","3","Ch4;Ch15","prose-1;target-1;target-2","convergent","target-1#022;target-2#022;prose#009;hostile#082","That was the choice. / Everything afterward was consequence. | That was the choice. / Everything else burned afterward. | That was the choice. Everything afterward was consequence."
"C003","""He still has it."" leaves referents of ""he"" and ""it"" unclear (Ch2)","confusion","-","snag","2","3","auditor-1;hostile-1;skimmer-1","auditor-1;hostile-1;skimmer-1","3","adversarial;audit;experience","3","Ch2;Ch3;Ch4","hostile-1","convergent","skimmer#024;auditor#054;hostile#011","He still has it."
"C034","Elizabeth's own want is unclear (Ch1-18)","motivation","-","snag","2","3","auditor-1;prose-1;target-1","auditor-1;prose-1;target-1","3","audit;craft;experience","3","Ch1;Ch4;Ch17;Ch18;Ch5-16","prose-1","convergent","prose#016;auditor#028;target-1#116","Because she wanted to go. | Work would still contain email"
"C129","Chapter 8 reuses the book's Ch1 opening line ""It was the crash that woke her"" (Ch1,Ch8)","voice/repetition","-","snag","2","3","auditor-1;hostile-1;reluctant-1","auditor-1;hostile-1;reluctant-1","3","adversarial;audit;experience","3","Ch1;Ch8","auditor-1;reluctant-1","convergent","auditor#019;hostile#044;reluctant#044","It was the crash that woke her | It was the crash that woke her."
"C133","Sock gag repeated across chapters (Ch4-15)","voice/repetition","-","snag","2","3","hostile-1;prose-1;target-1","hostile-1;prose-1;target-1","3","adversarial;craft;experience","3","Ch4;Ch6;Ch12;Ch13;Ch15","prose-1","convergent","target-1#079;prose#005;hostile#060","One sock had surrendered halfway down his calf."
"C013","Stansbury called Leo / big cat with no explanation (Ch10)","confusion","-","snag","2","5","auditor-1;reluctant-1;skimmer-1;target-1;target-2","auditor-1;reluctant-1;skimmer-1;target-1;target-2","5","audit;experience","2","Ch10;Ch11","auditor-1;target-2","convergent","target-1#058;target-2#063;reluctant#053;skimmer#097;auditor#017","She is our responsibility, Leo. | She's our responsibility, Leo."
"C053","Who asked Pathwell for help and what the problem was is never said (Ch5-18)","promise","-","snag","2","4","reluctant-1;rules-1;target-1;target-2","reluctant-1;rules-1;target-1;target-2","4","audit;experience","2","Ch5;Ch6;Ch10;Ch17;Ch18","rules-1;target-1;target-2","convergent","target-2#062;target-1#059;reluctant#050;rules#004","Someone asked me for help. | They did not ask me to prune. I did not ask whether they wanted me to. | They had a problem. A real one."
"C019","Pathwell's day-of-week answers (Saturday/Thursday vs Friday) contradict and go unacknowledged (Ch2-5)","continuity","-","snag","2","3","auditor-1;hostile-1;rules-1","auditor-1;hostile-1;rules-1","3","adversarial;audit","2","Ch2;Ch3;Ch5","rules-1","convergent","auditor#030;rules#009;hostile#026","I don't lie. | It's Saturday, | It's Thursday."
"C022","Why the first blob was already at her door before the cookbook was used (Ch1-15)","logic","-","snag","2","3","auditor-1;rules-1;target-1","auditor-1;rules-1;target-1","3","audit;experience","2","Ch1;Ch4;Ch5;Ch6;Ch7;Ch15","target-1","convergent","target-1#041;rules#018;auditor#029","It was already at the door before you used the cookbook? | The part that doesn't fit is why it was already at your door"
"C032","Pathwell repeats ""I can contain this"" and the same mistake (Ch10-14)","motivation","-","snag","2","3","hostile-1;target-1;target-2","hostile-1;target-1;target-2","3","adversarial;experience","2","Ch10;Ch11;Ch14","target-1","convergent","target-2#072;hostile#059;target-1#067","I can contain this | That's what you said at the museum."
"C046","Restitution inventory list could be shorter (Ch16-17)","pacing","-","snag","2","3","rules-1;skimmer-1;target-2","rules-1;skimmer-1;target-2","3","audit;experience","2","Ch16;Ch17","","convergent","target-2#101;skimmer#144;rules#027","Blank archival paper. Storage boxes. Waxed cloth. Two replacement cabinets. Drying racks. | Route copies reconstructed from surviving originals and external copies where they exist."
"C050","Why Pathwell and the blob came to Elizabeth's flat / whose door it was is never answered (Ch1-17)","promise","-","snag","2","3","auditor-1;target-1;target-2","auditor-1;target-1;target-2","3","audit;experience","2","Ch1;Ch2;Ch5;Ch9;Ch17","auditor-1;target-1","convergent","target-2#029;auditor#001;target-1#028","""Her door,"" Pathwell said. / ""Was it?"" | ""Her door,"" Pathwell said. / Stansbury looked at him. ""Was it?"" | He'd been at the party, talking to everybody"
"C038","Camp roll call of cunning-folk and occupants drags (Ch4)","pacing","-","quibble","1","4","prose-1;skimmer-1;target-1;target-2","prose-1;skimmer-1;target-1;target-2","4","craft;experience","2","Ch4","","convergent","target-1#020;target-2#021;skimmer#037;prose#065","Abode of the spaewives and the gwyllion. | Did I say runemasters? | Sanctuary, alcove, holdfast and haunt"
"C009","Bakhtak mentioned and never explained (Ch5)","confusion","-","quibble","1","3","hostile-1;reluctant-1;target-2","hostile-1;reluctant-1;target-2","3","adversarial;experience","2","Ch5","hostile-1;target-2","convergent","target-2#035;reluctant#029;hostile#030","Bakhtak | a particularly annoying Bakhtak—"
"C011","""How much machine she was responsible for"" line is unclear (Ch7)","confusion","-","quibble","1","3","hostile-1;reluctant-1;skimmer-1","hostile-1;reluctant-1;skimmer-1","3","adversarial;experience","2","Ch7","","convergent","reluctant#037;skimmer#072;hostile#041","She had become very aware of how much machine she was responsible for | She had become very aware of how much machine she was responsible for."
"C026","Milo trapped in the burning archive is stock child-in-peril (Ch14)","structure","-","quibble","1","3","hostile-1;target-1;target-2","hostile-1;target-1;target-2","3","adversarial;experience","2","Ch14","","convergent","target-1#085;target-2#088;hostile#076",""
"C029","Pathwell calls her ""Lizzy"" before she gave the name (Ch2-3)","knowledge","-","quibble","1","3","rules-1;target-1;target-2","rules-1;target-1;target-2","3","audit;experience","2","Ch2;Ch3","","convergent","target-1#007;target-2#008;rules#019","Isn't that what your grandmother called you?"
"C138","Stray second-person narrator aside in the Ch5 town paragraph","voice/repetition","-","quibble","1","3","hostile-1;reluctant-1;target-1","hostile-1;reluctant-1;target-1","3","adversarial;experience","2","Ch5","reluctant-1","convergent","target-1#029;reluctant#032;hostile#029","You would be forgiven for not stopping in the town | You would be forgiven for not stopping in the town as you drove through"
"C074","Merritt cookbook marginalia ""RUTH LIED ABOUT THE LARD"" (Ch4,Ch18)","strength","+","strong","2","6","hostile-1;prose-1;reluctant-1;skimmer-1;target-1;target-2","hostile-1;prose-1;reluctant-1;skimmer-1;target-1;target-2","6","adversarial;craft;experience","3","Ch4;Ch18","skimmer-1","convergent","prose#053;target-1#108;target-2#114;reluctant#088;skimmer#169;hostile#096","RUTH LIED ABOUT THE LARD. | RUTH LIED ABOUT THE LARD. SHE DID NOT. YOU USED THE WRONG CUP."
"C066","Bookshop payment scene: Pathwell sells his potential, real cost (Ch3)","strength","+","strong","2","5","hostile-1;reluctant-1;rules-1;target-1;target-2","hostile-1;reluctant-1;rules-1;target-1;target-2","5","adversarial;audit;experience","3","Ch3","","convergent","target-1#014;target-2#015;reluctant#016;rules#049;hostile#019","I give what may be, to protect what will. | I've got potential to sell. Lots. | Pathwell screamed in a million voices, voices lost to time, burning out to become memories never made."
"C121","Mama Baga's restitution scene refuses the grand gesture (Ch16)","strength","+","strong","2","3","hostile-1;reluctant-1;rules-1","hostile-1;reluctant-1;rules-1","3","adversarial;audit;experience","3","Ch16","","convergent","reluctant#081;rules#051;hostile#089","Stop naming impossible payment as if saying a large enough number is accountability. | The person who broke the thing does not get to set the schedule because waiting makes him uncomfortable. | What do you owe?"
"C086","Elizabeth's car speech about being the driver while no one explains (Ch7)","strength","+","strong","2","5","hostile-1;reluctant-1;skimmer-1;target-1;target-2","hostile-1;reluctant-1;skimmer-1;target-1;target-2","5","adversarial;experience","2","Ch7","","convergent","target-1#037;target-2#047;reluctant#039;skimmer#073;hostile#043","But somehow every time we get to the part where somebody explains what the hell is happening, I become the driver. | Whose decision was that? | somehow every time we get to the part where somebody explains what the hell is happening, I become the driver"
"C087","Elizabeth crashes the Cadillac on purpose (Ch8)","strength","+","strong","2","5","hostile-1;reluctant-1;skimmer-1;target-1;target-2","hostile-1;reluctant-1;skimmer-1;target-1;target-2","5","adversarial;experience","2","Ch8","","convergent","target-1#042;target-2#048;reluctant#041;skimmer#075;hostile#046","Elizabeth chose the ditch. | Now we're stopped. | The telephone pole farther up the road would have been worse."
"C095","Museum accession cards and Sam's eggs (Ch11)","strength","+","strong","2","7","hostile-1;reluctant-1;skimmer-1;target-1;target-2","hostile-1;reluctant-1;skimmer-1;target-1;target-2","5","adversarial;experience","2","Ch11","","convergent","target-1#060;target-2#064;target-2#065;reluctant#054;skimmer#104;skimmer#105;hostile#057","For her, perhaps that was the end of the war. | He complained about socks. | NO. COAT FOUND IN HENRY VALE'S ATTIC, 1978. FAMILY SAYS HIS FATHER WORE IT TO HIS WEDDING AFTER THE WAR."
"C113","Fire takes diary and cookbook: ""No spell. No sacrifice."" (Ch15)","strength","+","strong","2","5","hostile-1;reluctant-1;skimmer-1;target-1;target-2","hostile-1;reluctant-1;skimmer-1;target-1;target-2","5","adversarial;experience","2","Ch15","skimmer-1","convergent","target-1#088;target-2#091;reluctant#078;skimmer#142;hostile#084","Her own ordinary handwriting disappeared without being used for anything. | No spell. / No sacrifice. / No last message. / Just fire. | No spell. No sacrifice. No last message. Just fire."
"C064","Bookshop of kept lives, ""Not books - lives"" (Ch3)","strength","+","strong","2","4","hostile-1;skimmer-1;target-1;target-2","hostile-1;skimmer-1;target-1;target-2","4","adversarial;experience","2","Ch3","","convergent","target-1#012;target-2#011;skimmer#031;hostile#020","Not books — lives. | Not books — lives. Journals with cracked spines, letters bundled in ribbon, recipes on index cards spotted with oil."
"C068","Elizabeth gives up the whole cookbook for one page (Ch4)","strength","+","strong","2","5","hostile-1;reluctant-1;target-1;target-2","hostile-1;reluctant-1;target-1;target-2","4","adversarial;experience","2","Ch4","","convergent","target-1#017;target-2#018;reluctant#023;hostile#024;hostile#100","If I keep holding the rest, I'm going to spend the next ten minutes finding a reason this page is the wrong one. | Not burned. Spent. | That was the choice. / Everything afterward was consequence."
"C089","""You were never the point"" refuses the chosen-one move (Ch9)","strength","+","strong","2","5","character-1;hostile-1;skimmer-1;target-1;target-2","hostile-1;skimmer-1;target-1;target-2","4","adversarial;experience","2","Ch9","","convergent","target-1#050;target-2#054;skimmer#089;character#010;hostile#050","You were never the point. | You were never the point... Don't make that sentence larger than it is."
"C094","Unsent letter spent to find her; grocery lists as route-finder (Ch10)","strength","+","strong","2","5","hostile-1;skimmer-1;target-1;target-2","hostile-1;skimmer-1;target-1;target-2","4","adversarial;experience","2","Ch10","","convergent","target-1#054;target-2#058;skimmer#095;hostile#052;hostile#054","Movement in sequence. Nothing more romantic than errands. | Nothing more romantic than errands | Nothing more romantic than errands."
"C112","Archive burning: records and human impressions breaking loose (Ch14)","strength","+","strong","2","4","hostile-1;skimmer-1;target-1;target-2","hostile-1;skimmer-1;target-1;target-2","4","adversarial;experience","2","Ch14","","convergent","target-1#086;target-2#087;skimmer#134;hostile#081","Someone laughing at a funeral and hating themselves for it. | Someone writing a daughter's name three times because once had not felt sufficient."
"C057","Opening image of a stranger reading her diary like a magazine (Ch1)","strength","+","strong","2","3","hostile-1;reluctant-1;target-2","hostile-1;reluctant-1;target-2","3","adversarial;experience","2","Ch1","","convergent","target-2#001;reluctant#001;hostile#006","reading her diary like a magazine in a waiting room"
"C063","Street changed: coffee shop gone, park that shouldn't be there (Ch2)","strength","+","strong","2","3","hostile-1;skimmer-1;target-2","hostile-1;skimmer-1;target-2","3","adversarial;experience","2","Ch2","","convergent","target-2#007;skimmer#021;hostile#014","A park that shouldn't have been there. | a park that shouldn't have been there"
"C085","Chapter-end sting ""Wet. Heavy."" echoing Ch1 (Ch6)","strength","+","strong","2","3","hostile-1;skimmer-1;target-2","hostile-1;skimmer-1;target-2","3","adversarial;experience","2","Ch1;Ch6","","convergent","target-2#040;skimmer#063;hostile#039","Wet. Heavy."
"C088","Shade as inherited-memory idea: ""Same ingredients. Different recipe."" (Ch8)","strength","+","strong","2","3","hostile-1;reluctant-1;skimmer-1","hostile-1;reluctant-1;skimmer-1","3","adversarial;experience","2","Ch8;Ch13;Ch15","","convergent","reluctant#042;skimmer#079;hostile#047","I remember things I did not live. | Same ingredients. Different recipe."
"C092","Pathwell's confession in the van that his choice produced the failure (Ch10)","strength","+","strong","2","3","hostile-1;reluctant-1;target-1","hostile-1;reluctant-1;target-1","3","adversarial;experience","2","Ch10","","convergent","target-1#053;reluctant#048;hostile#053","I built a working around the result I wanted... I paid with mine. | My choice produced the failure he came from. That much is mine. | My choice produced the failure he came from... That much is mine."
"C101","Healer asks permission before resetting the shoulder (Ch12)","strength","+","strong","2","3","hostile-1;target-1;target-2","hostile-1;target-1;target-2","3","adversarial;experience","2","Ch12","","convergent","target-1#068;target-2#076;hostile#063","Because it's your shoulder. | Pain became the entire room."
"C102","Donor card: ""PATHWELL IS NOT DONOR"" (Ch12)","strength","+","strong","2","3","hostile-1;skimmer-1;target-2","hostile-1;skimmer-1;target-2","3","adversarial;experience","2","Ch12","","convergent","target-2#074;skimmer#117;hostile#066","DONOR PERMISSION REQUIRED. PATHWELL IS NOT DONOR."
"C109","Stansbury's speech on responsibility (Ch14)","strength","+","strong","2","3","hostile-1;target-1;target-2","hostile-1;target-1;target-2","3","adversarial;experience","2","Ch14","","convergent","target-1#087;target-2#086;hostile#078","How many times are you going to call that responsibility before you notice the rest of us are still here?"
"C118","Archivist's ledger entry for Shade (Ch16)","strength","+","strong","2","3","hostile-1;target-1;target-2","hostile-1;target-1;target-2","3","adversarial;experience","2","Ch16","","convergent","target-1#093;target-2#097;hostile#090","Archive burned. Categories are temporarily flexible. | LIKED POCKETS. | UNKNOWN"
"C119","Elizabeth refuses to make Pathwell's guilt useful (Ch16)","strength","+","strong","2","3","hostile-1;target-1;target-2","hostile-1;target-1;target-2","3","adversarial;experience","2","Ch16","","convergent","target-1#097;target-2#099;hostile#088","I need you not to make me responsible for whether you become a better person, | I need you not to make me responsible for whether you become a better person."
"C047","Restitution scenes repeat across Ch16-17","pacing","-","stopper","3","2","auditor-1;skimmer-1","auditor-1;skimmer-1","2","audit;experience","2","Ch16;Ch17","auditor-1;skimmer-1","short of convergent","skimmer#145;auditor#016","""Agreed,"" Pathwell said."
"C008","Olan and Hess named with no context (Ch4)","confusion","-","stopper","3","2","reluctant-1;skimmer-1","reluctant-1;skimmer-1","2","experience","1","Ch4;Ch17","","short of convergent","reluctant#021;skimmer#036","Hess has been dead twenty-two years. | Tell Olan he was wrong."
"C023","Shade's death feels convenient or unneeded (Ch15)","logic","-","stopper","3","2","character-1;target-2","target-2","1","experience","1","Ch15","character-1","short of convergent","target-2#094;character#045","It could just take the fresh spill."
"C014","Lost track of who is where in the Ch11 museum blast","confusion","-","snag","2","2","rules-1;skimmer-1","rules-1;skimmer-1","2","audit;experience","2","Ch11","","short of convergent","skimmer#103;rules#012",""
"C036","Waste-creature rule ""unpleasant rather than murderous"" dropped when inconvenient (Ch5,Ch15)","rule","-","snag","2","2","hostile-1;rules-1","hostile-1;rules-1","2","adversarial;audit","2","Ch5;Ch15","rules-1","short of convergent","rules#003;hostile#033","If you don't stand between them and what they're after, they're unpleasant rather than murderous. | unpleasant rather than murderous"
"C041","Museum furniture-flying destruction is spectacle (Ch11)","pacing","-","snag","2","2","rules-1;target-2","rules-1;target-2","2","audit;experience","2","Ch11","rules-1","short of convergent","target-2#069;rules#011","The working tried to make distance physical, and it shoved chairs, signs, the broken barrier"
"C051","Pathwell's promise to answer all her questions is never kept (Ch3)","promise","-","snag","2","2","rules-1;skimmer-1","rules-1;skimmer-1","2","audit;experience","2","Ch3","","short of convergent","skimmer#028;rules#017","I can answer all your questions, even the ones you'll have next. | Lizzy, I can answer all your questions, even the ones you'll have next."
"C054","The mirror, wrong reflection and the pull are never explained (Ch6-8)","promise","-","snag","2","2","rules-1;skimmer-1","rules-1;skimmer-1","2","audit;experience","2","Ch6;Ch7;Ch8","","short of convergent","skimmer#067;rules#033","wrong in the smallest possible way"
"C131","""Perfect."" button repeated across bookend chapters (Ch1,Ch18)","voice/repetition","-","snag","2","2","hostile-1;prose-1","hostile-1;prose-1","2","adversarial;craft","2","Ch1;Ch18","","short of convergent","prose#038;hostile#003","Perfect."
"C135","""Important distinction"" catchphrase shared and repeated (Ch7-18)","voice/repetition","-","snag","2","2","prose-1;target-1","prose-1;target-1","2","craft;experience","2","Ch7;Ch11;Ch12;Ch13;Ch17;Ch18","prose-1;target-1","short of convergent","target-1#114;prose#007","Important distinction | Important distinction."
"C137","""Not X. Y."" fragment pairs overused (Ch4-13)","voice/repetition","-","snag","2","2","prose-1;target-1","prose-1;target-1","2","craft;experience","2","Ch4;Ch7;Ch11;Ch12;Ch13;Ch15","prose-1;target-1","short of convergent","prose#013;target-1#040","Not cruel. Worse. Useful. | Not hidden. Not displayed. Available."
"C048","Five-routes exchange runs long (Ch18)","pacing","-","snag","2","4","reluctant-1;skimmer-1;target-2","reluctant-1;skimmer-1;target-2","3","experience","1","Ch18","skimmer-1","short of convergent","target-2#118;reluctant#089;skimmer#163;skimmer#166","Four without making the Shopkeeper invent anything unpleasant. | No better destination? At least four. | The fifth is seasonal."
"C001","What ""marked"" means and what happens if she stays is unexplained (Ch1-9)","confusion","-","snag","2","2","reluctant-1;skimmer-1","reluctant-1;skimmer-1","2","experience","1","Ch1;Ch4;Ch9","","short of convergent","reluctant#004;skimmer#006","your house has now been marked, magically speaking | your house has now been marked, magically speaking."
"C002","The blob is never explained and appears as if reader should know it (Ch1-15)","confusion","-","snag","2","2","reluctant-1;skimmer-1","reluctant-1;skimmer-1","2","experience","1","Ch1;Ch6;Ch15","","short of convergent","reluctant#003;skimmer#058","Low tide, a long way from any sea. | The apartment door. The blob already there before the cookbook."
"C010","The pull / back-hall tension never defined (Ch6)","confusion","-","snag","2","2","reluctant-1;skimmer-1","reluctant-1;skimmer-1","2","experience","1","Ch6;Ch6-15","","short of convergent","reluctant#036;skimmer#057","A pull without a destination. A thread caught somewhere behind the ribs and drawn taut at odd intervals. | The tension had direction if I tested it. Barely."
"C012","What Shade is is never stated (Ch8)","confusion","-","snag","2","2","reluctant-1;skimmer-1","reluctant-1;skimmer-1","2","experience","1","Ch8;Ch16","reluctant-1","short of convergent","reluctant#043;skimmer#081","Existing. Pick a word."
"C015","Thumper dropped in as if already introduced (Ch12)","confusion","-","snag","2","2","reluctant-1;target-2","reluctant-1;target-2","2","experience","1","Ch12;Ch13","target-2","short of convergent","target-2#078;reluctant#058","Thumper was in there too: his six-toed paw print pressed into the center of a page."
"C016","Archivist / older woman unnamed and confusable with others (Ch13)","confusion","-","snag","2","2","reluctant-1;skimmer-1","reluctant-1;skimmer-1","2","experience","1","Ch13;Ch15;Ch16;Ch17;Ch18","skimmer-1","short of convergent","reluctant#068;skimmer#123",""
"C017","Cookbook page count conflicts: two pages used but card says one (Ch1-15)","continuity","-","snag","2","2","auditor-1;rules-1","auditor-1;rules-1","2","audit","1","Ch1;Ch4;Ch12;Ch15","auditor-1;rules-1","short of convergent","rules#001;auditor#003","ONE PAGE USED — CHICKEN & DUMPLINGS | ONE PAGE USED — CHICKEN & DUMPLINGS."
"C021","The wrecked Cadillac / fence is never resolved (Ch8-11)","continuity","-","snag","2","2","auditor-1;rules-1","auditor-1;rules-1","2","audit","1","Ch8;Ch10;Ch11","auditor-1","short of convergent","auditor#013;rules#061","My axle is in a drainage culvert. | You broke my car."
"C035","No plain account of the magic's terms and rules (Ch1-18)","rule","-","snag","2","2","reluctant-1;skimmer-1","reluctant-1;skimmer-1","2","experience","1","Ch7;Ch9;Ch10;Ch14;Ch15;Ch1-18","skimmer-1","short of convergent","reluctant#025;skimmer#065","Cuts separation into things that don't separate easily."
"C134","Characters share one dry deadpan register so voices blur (Ch4-18)","voice/repetition","-","snag","2","2","character-1;prose-1","character-1;prose-1","2","craft","1","Ch4;Ch9;Ch12;Ch13;Ch15;Ch18","character-1;prose-1","short of convergent","prose#001;character#025","History has casualties | It is also extremely common."
"C033","Shade's reason for volunteering is not stated (Ch15)","motivation","-","snag","2","2","character-1;target-1","target-1","1","experience","1","Ch15","","short of convergent","target-1#092;character#048","I'd like to find out which problem it thinks is biggest | I'd like to find out which problem it thinks is biggest."
"C006","Latin binding phrase left untranslated (Ch3)","confusion","-","quibble","1","2","hostile-1;reluctant-1","hostile-1;reluctant-1","2","adversarial;experience","2","Ch3","reluctant-1","short of convergent","reluctant#014;hostile#018","Perdat quod esse poterat | Perdat quod esse poterat."
"C007","Unattributed line ""This wheel is new."" (Ch4)","confusion","-","quibble","1","2","auditor-1;target-2","auditor-1;target-2","2","audit;experience","2","Ch4","target-2","short of convergent","target-2#023;auditor#040","This wheel is new."
"C018","Cookbook asked for in singular but answered in plural (Ch1)","continuity","-","quibble","1","2","auditor-1;prose-1","auditor-1;prose-1","2","audit;craft","2","Ch1","","short of convergent","auditor#055;prose#026","They're… in a box in the kitchen?"
"C020","Thumper's six-toed paw print has no setup (Ch12)","continuity","-","quibble","1","2","auditor-1;hostile-1","auditor-1;hostile-1","2","adversarial;audit","2","Ch12","hostile-1","short of convergent","auditor#075;hostile#061","Thumper was in there too: his six-toed paw print pressed into the center of a page. | six-toed paw print"
"C055","Bartender seems to act before his hand moves, then dropped (Ch6)","promise","-","quibble","1","2","hostile-1;rules-1","hostile-1;rules-1","2","adversarial;audit","2","Ch6","","short of convergent","rules#034;hostile#035","She could have sworn one of them came a hair before his hand did. | could have sworn one of them came a hair before his hand did"
"C130","The wet thud beat repeats the same words (Ch1-6)","voice/repetition","-","quibble","1","2","prose-1;target-1","prose-1;target-1","2","craft;experience","2","Ch1;Ch6","","short of convergent","target-1#034;prose#077","A wet thud hit from down the hall. | Wet. Heavy."
"C136","""[Name] waited."" repeated as a beat (Ch4-18)","voice/repetition","-","quibble","1","2","prose-1;reluctant-1","prose-1;reluctant-1","2","craft;experience","2","Ch4;Ch9;Ch12;Ch13;Ch15;Ch18","prose-1","short of convergent","prose#004;reluctant#066","Mama Baga waited. Shade waited. | Waited."
"C139","""Fair."" / stock one-word replies as a tic (Ch9-18)","voice/repetition","-","quibble","1","2","prose-1;skimmer-1","prose-1;skimmer-1","2","craft;experience","2","Ch9;Ch15;Ch18","","short of convergent","skimmer#086;prose#033","Fair enough. | Fair."
"C005","Camp Cunnan named without saying what it is (Ch3)","confusion","-","quibble","1","2","reluctant-1;skimmer-1","reluctant-1;skimmer-1","2","experience","1","Ch3","","short of convergent","reluctant#012;skimmer#026","Did Camp Cunnan ask you for all of this?"
"C037","Pathwell's dumpling speech/sermon runs long (Ch2)","pacing","-","quibble","1","3","skimmer-1;target-2","skimmer-1;target-2","2","experience","1","Ch2","","short of convergent","target-2#009;skimmer#014;skimmer#015","I'm all about the dumplings, the dumplings are perfect here. | Perfectly crappy | They aren't trying to be anything they're not."
"C042","Parking-lot / breakfast banter delays the Ch11 set piece","pacing","-","quibble","1","2","reluctant-1;skimmer-1","reluctant-1;skimmer-1","2","experience","1","Ch11","reluctant-1","short of convergent","reluctant#055;skimmer#098","I support the arts | Well, I don't want to get towed for parking in a blue spot. What if someone comes along and needs it?"
"C043","Healer exam exchange runs long (Ch12)","pacing","-","quibble","1","2","reluctant-1;skimmer-1","reluctant-1;skimmer-1","2","experience","1","Ch12","","short of convergent","reluctant#063;skimmer#110","The healer moved Elizabeth's coat and the borrowed blazer aside carefully and examined the shoulder without trying to prove anything about pain tolerance"
"C045","Elizabeth's crying list runs one item too long (Ch16)","pacing","-","quibble","1","2","reluctant-1;target-1","reluctant-1;target-1","2","experience","1","Ch16","","short of convergent","target-1#100;reluctant#083","Elizabeth cried for Nana. | For Nana. For the cookbook..."
"C052","The cookbook gets heavier despite spent pages, never explained (Ch3-4)","promise","-","quibble","1","2","auditor-1;rules-1","auditor-1;rules-1","2","audit","1","Ch3;Ch4","","short of convergent","auditor#032;rules#016","Missing a page should have made it lighter. | The cookbook felt heavier, which was stupid."
"C062","Elizabeth's life packed into garbage bags (Ch2)","strength","+","strong","2","2","hostile-1;target-2","hostile-1;target-2","2","adversarial;experience","2","Ch2","","short of convergent","target-2#006;hostile#013","A life she'd packed into garbage bags and moved across the city because staying felt worse than leaving"
"C067","Costs of magic are real and carried through the book (Ch3-16)","strength","+","strong","2","3","rules-1;target-2","rules-1;target-2","2","audit;experience","2","Ch3;Ch5;Ch7;Ch14;Ch16;Ch11-16","","short of convergent","rules#052;rules#059;target-2#120","His right arm shook hard enough that his hand blurred."
"C069","Nana's marginal note ""MORE IF THEY'RE SICK"" (Ch4)","strength","+","strong","2","2","hostile-1;skimmer-1","hostile-1;skimmer-1","2","adversarial;experience","2","Ch4","","short of convergent","skimmer#040;hostile#025","MORE IF THEY'RE SICK | MORE IF THEY'RE SICK. THEY WON'T EAT ENOUGH."
"C073","Archive humor: Hess still arguing, dead twenty-two years (Ch4)","strength","+","strong","2","2","prose-1;target-2","prose-1;target-2","2","craft;experience","2","Ch4","","short of convergent","target-2#020;prose#058","Hess has been dead twenty-two years. | It's practicing."" / ""For what?"" / ""Being dead."
"C075","Pathwell shelves/closes the Merritt cookbook with no speech (Ch18)","strength","+","strong","2","2","hostile-1;target-2","hostile-1;target-2","2","adversarial;experience","2","Ch18","","short of convergent","target-2#115;hostile#098","No speech followed. | square to the edge"
"C081","Dagger set up in Ch5 and used on the stated line ""Not flesh. A seam."" (Ch5,Ch7)","strength","+","strong","2","2","hostile-1;target-1","hostile-1;target-1","2","adversarial;experience","2","Ch5;Ch7","","short of convergent","hostile#042;target-1#036","Not flesh. A seam."
"C083","Back-hall mirror: his face as accusation (Ch6)","strength","+","strong","2","2","hostile-1;skimmer-1","hostile-1;skimmer-1","2","adversarial;experience","2","Ch6","","short of convergent","skimmer#060;hostile#037","His own face in the mirror suddenly felt less like evidence than like an accusation. | like hearing your own voice on a recording and recognizing every word without recognizing the man who said them."
"C096","Curator refuses substitution for lost Vale letters (Ch11,Ch17)","strength","+","strong","2","2","hostile-1;rules-1","hostile-1;rules-1","2","adversarial;audit","2","Ch11;Ch17","","short of convergent","rules#057;hostile#093","The information survived. The page didn't. | The original was destroyed before anything magical happened to it."
"C099","Elizabeth's broken shoulder as a real cost carried to the end (Ch11-17)","strength","+","strong","2","2","rules-1;target-2","rules-1;target-2","2","audit;experience","2","Ch11;Ch12;Ch14;Ch15;Ch17","","short of convergent","target-2#067;rules#053","a shoulder that hurt when rain moved in"
"C100","""I did that."" / ""Yes."" after the museum destruction (Ch11)","strength","+","strong","2","2","hostile-1;skimmer-1","hostile-1;skimmer-1","2","adversarial;experience","2","Ch11","","short of convergent","skimmer#108;hostile#058","I did that."
"C105","Shade's coffee exchange echoing Pathwell (Ch13)","strength","+","strong","2","3","character-1;hostile-1;target-2","hostile-1;target-2","2","adversarial;experience","2","Ch13","character-1","short of convergent","target-2#080;character#030;hostile#070","He was right once | Pathwell said exactly that to me once | Then I don't remember it."
"C107","Queen of spades laid early and paid late (Ch13-17)","strength","+","strong","2","4","auditor-1;character-1;target-2","auditor-1;target-2","2","audit;experience","2","Ch13;Ch15;Ch17","character-1","short of convergent","target-2#083;auditor#024;character#031;target-2#111","The queen of spades lay face-up beside an onion that had somehow escaped again | You'll need this."
"C108","Hearts game: Shade becomes a person, ""I don't know what I am here"" (Ch13)","strength","+","strong","2","2","hostile-1;reluctant-1","hostile-1;reluctant-1","2","adversarial;experience","2","Ch13","","short of convergent","reluctant#064;hostile#069","I don't know what I am here."
"C111","Mama Baga states how the rejoining working fails (Ch14)","strength","+","strong","2","2","hostile-1;rules-1","hostile-1;rules-1","2","adversarial;audit","2","Ch14","","short of convergent","rules#050;hostile#079","The working knows what you mean, not what you wish you meant. | You are giving it two incompatible answers."
"C115","""Will you stay?"" / ""No."" exchange (Ch15)","strength","+","strong","2","3","character-1;hostile-1;target-2","hostile-1;target-2","2","adversarial;experience","2","Ch15","","short of convergent","target-2#093;character#043;hostile#085","Will you stay?"
"C124","Elizabeth's written statement stays honest (Ch17)","strength","+","strong","2","2","reluctant-1;rules-1","reluctant-1;rules-1","2","audit;experience","2","Ch17","","short of convergent","reluctant#086;rules#058","She wrote that she told him not to use the letter. She wrote that he used it anyway."
"C125","""She called it evidence"" (Ch17)","strength","+","strong","2","2","hostile-1;skimmer-1","hostile-1;skimmer-1","2","adversarial;experience","2","Ch17","","short of convergent","skimmer#159;hostile#094","Elizabeth didn't call that redemption. She called it evidence."
"C126","Ending ""Because she wanted to go."" (Ch17-18)","strength","+","strong","2","2","auditor-1;skimmer-1","auditor-1;skimmer-1","2","audit;experience","2","Ch17;Ch18","","short of convergent","skimmer#162;auditor#025","Because she wanted to go."
"C127","Ending ""Do you want to come?"" hands the choice back (Ch18)","strength","+","strong","2","2","hostile-1;reluctant-1","hostile-1;reluctant-1","2","adversarial;experience","2","Ch18","","short of convergent","reluctant#087;hostile#097","Do you want to come?"
"C076","Mrs. Pathwell / ""I'm the missus"" school bit (Ch5)","strength","+","strong","2","4","reluctant-1;skimmer-1;target-1;target-2","reluctant-1;skimmer-1;target-1;target-2","4","experience","1","Ch5","","short of convergent","target-1#026;target-2#025;reluctant#033;skimmer#048","Don't be rude, honey. | I'm the missus | Pathwell jolted as the elbow landed a little more intentionally than he'd expected."
"C058","Cookbook as spell: ""Don't think. What's your favorite recipe?"" (Ch1)","strength","+","strong","2","3","skimmer-1;target-1;target-2","skimmer-1;target-1;target-2","3","experience","1","Ch1","","short of convergent","target-1#002;target-2#002;skimmer#008","Because it was hers | Don't think. What's your favorite recipe?"
"C065","Aisle where Elizabeth catches others' feelings and panic attack (Ch3)","strength","+","strong","2","3","skimmer-1;target-1;target-2","skimmer-1;target-1;target-2","3","experience","1","Ch3","","short of convergent","target-1#013;target-2#012;skimmer#032","None of that had been hers, and she held on to that | None of that had been hers, and she held on to that. / Then something was. | Something heavier, pressing against the inside of her ribs like a fist she couldn't unclench."
"C093","Elizabeth refuses to be the excuse in the van (Ch10)","strength","+","strong","2","3","reluctant-1;skimmer-1;target-2","reluctant-1;skimmer-1;target-2","3","experience","1","Ch10","","short of convergent","target-2#061;reluctant#049;skimmer#096","You don't get to make me the part of this you explain around."
"C103","Diary to-do list and Nana's spoon checklist (Ch12)","strength","+","strong","2","3","reluctant-1;target-1;target-2","reluctant-1;target-1;target-2","3","experience","1","Ch12","","short of convergent","target-1#071;target-2#075;reluctant#062","CALL ELECTRIC / BUY BOXES / CHANGE ADDRESS / FIND NANA'S SPOON | FIND NANA'S SPOON | FIND NANA'S SPOON / The last item was checked twice."
"C110","Shade refuses to be the rejoining anchor (Ch14)","strength","+","strong","2","4","character-1;reluctant-1;target-1;target-2","reluctant-1;target-1;target-2","3","experience","1","Ch14","","short of convergent","target-1#081;target-2#084;reluctant#076;character#039","I am the person living with it. No. | Then no. | You still think the result gets to decide whether the choice was acceptable."
"C114","Shade walks into the blob: ""You still owe me a hand."" (Ch15-16)","strength","+","strong","2","3","reluctant-1;target-1;target-2","reluctant-1;target-1;target-2","3","experience","1","Ch15;Ch16","","short of convergent","target-1#091;reluctant#077;target-2#098","He still owes me a hand. | You still owe me a hand, | You still owe me a hand."
"C122","Pathwell offers Henry Vale's letters then retracts (Ch17)","strength","+","strong","2","3","reluctant-1;target-1;target-2","reluctant-1;target-1;target-2","3","experience","1","Ch17","","short of convergent","target-1#103;target-2#108;reluctant#085","No. They are not Daniel's. | They are not Daniel's."
"C060","Dry-cleaning ticket blowing into the gutter (Ch2,Ch17)","strength","+","strong","2","2","skimmer-1;target-1","skimmer-1;target-1","2","experience","1","Ch2;Ch17","","short of convergent","target-1#008;skimmer#020","The ticket skipped off the edge, caught the gutter, and was gone."
"C070","Cookbook/diary given up then burned with consequences (Ch4-15)","strength","+","strong","2","2","auditor-1;rules-1","auditor-1;rules-1","2","audit","1","Ch4;Ch12;Ch15;Ch16","","short of convergent","auditor#023;rules#054","Not burned. Spent. | That was the choice. Everything afterward was consequence."
"C071","""Specificity is expensive"" and the archive that keeps rather than hoards (Ch4)","strength","+","strong","2","2","skimmer-1;target-2","skimmer-1;target-2","2","experience","1","Ch4","","short of convergent","target-2#019;skimmer#042","Specificity is expensive."
"C077","Stansbury correcting Pathwell's dramatic version (Ch5)","strength","+","strong","2","2","skimmer-1;target-1","skimmer-1;target-1","2","experience","1","Ch5","","short of convergent","target-1#027;skimmer#049","That is a more compelling version."
"C079","Stansbury turns children's schoolwork into weapons, his moral argument (Ch5)","strength","+","strong","2","2","reluctant-1;target-2","reluctant-1;target-2","2","experience","1","Ch5","","short of convergent","target-2#027;reluctant#034","I harness the latent magic energy created by the children's work and redirect it into items. | the parents get to put it up on the fridge and then toss it in a box in the attic for a decade"
"C082","Brothers' fish argument (Ch6)","strength","+","strong","2","2","skimmer-1;target-2","skimmer-1;target-2","2","experience","1","Ch6","","short of convergent","target-2#038;skimmer#055","""Seventeen years."" / ""Consistency,"" said Pathwell. / ""Stagnation,"" said Stansbury. / ""Branding."" | No. I ordered it because I enjoy disappointment."
"C084","""Points in an unpleasant direction"" / ""Mine."" (Ch6)","strength","+","strong","2","2","reluctant-1;skimmer-1","reluctant-1;skimmer-1","2","experience","1","Ch6","","short of convergent","reluctant#035;skimmer#062","Something points in an unpleasant direction."
"C104","Camp people keep asking Shade what he wants (Ch13)","strength","+","strong","2","3","character-1;target-1;target-2","target-1;target-2","2","experience","1","Ch13","character-1","short of convergent","target-1#075;target-2#079;character#029","People keep doing that."
"C106","Milo compares Shade to Pathwell (Ch13)","strength","+","strong","2","2","skimmer-1;target-2","skimmer-1;target-2","2","experience","1","Ch13","","short of convergent","target-2#081;skimmer#124","You look like Pathwell. | You look like Pathwell... But you don't talk as much."
"C120","Mama Baga on ""person"" (Ch16)","strength","+","strong","2","2","reluctant-1;target-2","reluctant-1;target-2","2","experience","1","Ch16","","short of convergent","target-2#100;reluctant#082","Person is the word I have for that."
"C090","Shade's list of borrowed memories (Ch9)","strength","+","strong","2","2","character-1;target-2","target-2","1","experience","1","Ch9","","short of convergent","target-2#053;character#007","A room in Prague I have never entered. A woman named Celia who hated pears. | A staircase with a loose fourth step"
"C091","Shade's right-hand motif (Ch8-9)","strength","+","strong","2","3","character-1;prose-1","prose-1","1","craft","1","Ch8;Ch9;Ch12;Ch15","","short of convergent","character#001;prose#039;prose#050","Shade's right hand was still open toward him. Shade closed it himself. | palm turning as if something outside had asked a question only his wrist could hear"
"C116","Last line ""Shade did not either."" (Ch15)","strength","+","strong","2","2","character-1;prose-1","prose-1","1","craft","1","Ch15","","short of convergent","character#050;prose#052","Shade did not either. | The draw did not return. Shade did not either."
"C117","Shade's closing beats: ""I was winning"" / ""Corrupt institution"" (Ch14-15)","strength","+","strong","2","2","character-1;target-2","target-2","1","experience","1","Ch15;Ch14-16","character-1;target-2","short of convergent","target-2#092;character#044","""I was winning,"" / ""You were not."" / ""Corrupt institution."" | Shade had never been particularly interested in deserving scenes."
"C027","Ending bookends Chapter 1's ""Are you ready? / No. / Perfect.""","structure","+","mild","1","2","prose-1;target-1","prose-1;target-1","2","craft;experience","2","Ch1;Ch18","","short of convergent","target-1#110;prose#037","Are you ready? | Are you ready? / No. / Perfect."
"C059","Low-tide smell image and motif (Ch1,Ch15)","strength","+","mild","1","2","prose-1;skimmer-1","prose-1;skimmer-1","2","craft;experience","2","Ch1;Ch15","","short of convergent","skimmer#009;prose#042","Low tide, a long way from any sea."
"C072","Camp as a place of repair (Ch4)","strength","+","mild","1","2","prose-1;target-1","prose-1;target-1","2","craft;experience","2","Ch4","","short of convergent","target-1#019;prose#075","almost everything had been repaired by someone who believed replacement was a personal failure | repaired by someone who believed replacement was a personal failure"
"C097","Elizabeth chooses Camp: ""I'm still choosing it."" (Ch11)","strength","+","mild","1","3","reluctant-1;target-1;target-2","reluctant-1;target-1;target-2","3","experience","1","Ch11","","short of convergent","target-1#064;target-2#071;reluctant#057","I chose Camp... I'm still choosing it. | I'm still choosing it."
"C056","Ch13 ends on the threshold opening as a hook","promise","+","mild","1","2","reluctant-1;skimmer-1","reluctant-1;skimmer-1","2","experience","1","Ch13","","short of convergent","reluctant#069;skimmer#125","Then the threshold opened. | the distant scrape of a shoe on museum wood"
"C061","Tuesday/Thursday exchange (Ch2)","strength","+","mild","1","2","skimmer-1;target-2","skimmer-1;target-2","2","experience","1","Ch2","","short of convergent","target-2#005;skimmer#018","It's Thursday. | It's not a dream. Just a really weird Tuesday for you."
"C123","The Lemon rack argument (Ch17)","strength","+","mild","1","2","skimmer-1;target-2","skimmer-1;target-2","2","experience","1","Ch17","","short of convergent","target-2#109;skimmer#160","It resembles a diseased lemon."
"C040","""Which prune?"" loop repeated without answer (Ch7-8)","pacing","-","stopper","3","2","skimmer-1","skimmer-1","1","experience","1","Ch7;Ch8","skimmer-1","lens-specific","skimmer#070;skimmer#076","Which prune? | Which prune? Not while you're driving."
"C320","Narrator's address and paragraph on the crossroads town (Ch5)","pacing","-","stopper","3","1","skimmer-1","skimmer-1","1","experience","1","Ch5","","lens-specific","skimmer#044","You would be forgiven for not stopping in the town as you drove through"
"C330","Soldier's poem in the museum (Ch11)","pacing","-","stopper","3","1","skimmer-1","skimmer-1","1","experience","1","Ch11","","lens-specific","skimmer#099","A soldier's poem hung in a plain frame by the artillery room door"
"C338","Mama Baga ""Stop"" section, lines 379-463 (Ch14)","pacing","-","stopper","3","1","skimmer-1","skimmer-1","1","experience","1","Ch14","skimmer-1","lens-specific","skimmer#128","""Stop,"" Mama Baga said again."
"C142","Staging of the fight with the blob (Ch1)","confusion","-","snag","2","1","skimmer-1","skimmer-1","1","experience","1","Ch1","","lens-specific","skimmer#004","It rolled over the gold on the carpet, and the gold went out."
"C146","The Space Between never explained or made picturable (Ch3,Ch18)","confusion","-","snag","2","1","reluctant-1","reluctant-1","1","experience","1","Ch3;Ch18","","lens-specific","reluctant#010","commonly referred to as the Space Between"
"C147","Boots the guardian cat and blood god (Ch3)","confusion","-","snag","2","1","reluctant-1","reluctant-1","1","experience","1","Ch3","reluctant-1","lens-specific","reluctant#011","full-time guardian and part-time blood god"
"C148","Cost of the binding ritual never named (Ch3)","confusion","-","snag","2","1","reluctant-1","reluctant-1","1","experience","1","Ch3","","lens-specific","reluctant#015","are you sure this is worth what it will cost?"
"C153","List of Camp's occupants reads as a glossary (Ch4)","confusion","-","snag","2","1","reluctant-1","reluctant-1","1","experience","1","Ch4","reluctant-1","lens-specific","reluctant#018","Abode of the spaewives and the gwyllion... Haven to the mambos. Did I say runemasters?"
"C154","'The working' and 'fresh waste' used as if known, never defined (Ch4,Ch5,Ch10,Ch11)","confusion","-","snag","2","1","reluctant-1","reluctant-1","1","experience","1","Ch4;Ch5;Ch10;Ch11","","lens-specific","reluctant#019","It changed targets. Fresh waste."
"C160","'Pruned' / pruning unexplained until Ch10 (Ch5-10)","confusion","-","snag","2","1","reluctant-1","reluctant-1","1","experience","1","Ch5-10","","lens-specific","reluctant#028","You pruned."
"C162","Whose door it was (""Her door."") (Ch5)","confusion","-","snag","2","1","skimmer-1","skimmer-1","1","experience","1","Ch5","","lens-specific","skimmer#045","""Her door,"" Pathwell said."
"C168","Pathwell/Shade exchange about naming and existing; hard to tell who speaks (Ch8)","confusion","-","snag","2","1","skimmer-1","skimmer-1","1","experience","1","Ch8","","lens-specific","skimmer#080","existing, pick a word"
"C176","Library magic explanation: lost whose feeling was whose (Ch10)","confusion","-","snag","2","1","skimmer-1","skimmer-1","1","experience","1","Ch10","","lens-specific","skimmer#091","The working tightened and slipped. Too much of that one belonged to her and not enough to him."
"C187","Climax jargon stacks up and physical action becomes hard to see (Ch14)","confusion","-","snag","2","1","reluctant-1","reluctant-1","1","experience","1","Ch14","reluctant-1","lens-specific","reluctant#070","Fresh spillage."
"C190","Cord and ""the connection"" lost (Ch14)","confusion","-","snag","2","1","skimmer-1","skimmer-1","1","experience","1","Ch14","","lens-specific","skimmer#127","A way to look at the connection without you dislocating a shoulder every time I get close."
"C196","Shade's fate unclear; death not felt in the scene (Ch15)","confusion","-","snag","2","1","skimmer-1","skimmer-1","1","experience","1","Ch15","skimmer-1","lens-specific","skimmer#139","there was no Shade standing in the clearing"
"C203","Museum stacks list of Vales and Bells (Ch17)","confusion","-","snag","2","1","skimmer-1","skimmer-1","1","experience","1","Ch17","skimmer-1","lens-specific","skimmer#156","Daniel Vale letters. Household notebook. Medical ledger. Three accession cards by Margaret Bell."
"C216","cat scratch scar on Elizabeth's hand vanishes and moves (Ch3,Ch5,Ch18)","continuity","-","snag","2","1","auditor-1","auditor-1","1","audit","1","Ch3;Ch5;Ch18","auditor-1","lens-specific","auditor#004","The old scratch was long gone."
"C229","box of foam weapons, no stated end (Ch5,Ch7,Ch10,Ch11)","continuity","-","snag","2","1","auditor-1","auditor-1","1","audit","1","Ch5;Ch7;Ch10;Ch11","auditor-1","lens-specific","auditor#015","The box of swords rode in the back"
"C230","museum is daylight while Camp is dark (Ch5,Ch11,Ch12)","continuity","-","snag","2","1","auditor-1","auditor-1","1","audit","1","Ch5;Ch11;Ch12","auditor-1","lens-specific","auditor#020","Outside the high windows, it was daylight."
"C234","brothers both seated on 'her other side' (Ch6)","continuity","-","snag","2","1","auditor-1","auditor-1","1","audit","1","Ch6","","lens-specific","auditor#043","sat back down on her other side"
"C239","ditch side vs rear door of the Cadillac (Ch8)","continuity","-","snag","2","1","auditor-1","auditor-1","1","audit","1","Ch8","auditor-1","lens-specific","auditor#005","Pathwell shoved at the rear door. It stuck halfway against the slope of the ditch."
"C240","Shade's sedan left at the museum lot (Ch8,Ch11)","continuity","-","snag","2","1","auditor-1","auditor-1","1","audit","1","Ch8;Ch11","auditor-1","lens-specific","auditor#014",""
"C244","van overtaking a walker who faces traffic (Ch10)","continuity","-","snag","2","1","auditor-1","auditor-1","1","audit","1","Ch10","auditor-1","lens-specific","auditor#006","came up behind her on the far side of the road"
"C250","Elizabeth's foam dagger after Ch15 (Ch15,Ch16,Ch17,Ch18)","continuity","-","snag","2","1","auditor-1","auditor-1","1","audit","1","Ch15;Ch16;Ch17;Ch18","auditor-1","lens-specific","auditor#012","Her hand had found the foam dagger at her back"
"C309","Party inventory stalls the crash (Ch1)","pacing","-","snag","2","1","skimmer-1","skimmer-1","1","experience","1","Ch1","","lens-specific","skimmer#001","Paper cups on every flat surface, a tray of cheese cubes going shiny, and half a sheet cake that now said only ELIZ"
"C323","""What pull?"" asked twice, brothers keep dodging (Ch7)","pacing","-","snag","2","1","skimmer-1","skimmer-1","1","experience","1","Ch7","skimmer-1","lens-specific","skimmer#069","What pull?"
"C328","Rules speech for the memory working (Ch10)","pacing","-","snag","2","1","skimmer-1","skimmer-1","1","experience","1","Ch10","","lens-specific","skimmer#093","A shared experience works best."
"C335","Archive intake paperwork run (Ch12)","pacing","-","snag","2","1","skimmer-1","skimmer-1","1","experience","1","Ch12","","lens-specific","skimmer#114","Name for the card?"
"C336","Onion sequence (Ch13)","pacing","-","snag","2","1","skimmer-1","skimmer-1","1","experience","1","Ch13","","lens-specific","skimmer#121","He got the onion anyway"
"C370","'You really don't know?' and whether Elizabeth has any power of her own (Ch1,Ch2,Ch4)","promise","-","snag","2","1","rules-1","rules-1","1","audit","1","Ch1;Ch2;Ch4","rules-1","lens-specific","rules#005","You really don't know?"
"C379","what the tome bought in Ch3 is never said (Ch3)","promise","-","snag","2","1","rules-1","rules-1","1","audit","1","Ch3","","lens-specific","rules#014",""
"C390","what Shade became and whether a taken piece is dead, absorbed or returned (Ch8,Ch10,Ch15,Ch16)","promise","-","snag","2","1","rules-1","rules-1","1","audit","1","Ch8;Ch10;Ch15;Ch16","","lens-specific","rules#015","But you don't know how the failure became a person."
"C406","whether potential is one resource or two (what may be, future possibility, children's work) (Ch3,Ch5,Ch10,Ch18)","rule","-","snag","2","1","rules-1","rules-1","1","audit","1","Ch3;Ch5;Ch10;Ch18","rules-1","lens-specific","rules#006","I give what may be, to protect what will."
"C411","dagger 'designed not to' cut people, untested on a bound person; missed move in Ch14 (Ch5,Ch7,Ch14)","rule","-","snag","2","1","rules-1","rules-1","1","audit","1","Ch5;Ch7;Ch14","rules-1","lens-specific","rules#007","It's designed not to."
"C414","the pull opens a threshold without a route mark when the plot needs it (Ch10,Ch11,Ch13)","rule","-","snag","2","1","rules-1","rules-1","1","audit","1","Ch10;Ch11;Ch13","","lens-specific","rules#023","There isn't a reliable threshold from here."
"C556","Ch1 action prose has comma splices and fragments (Ch1)","tone","-","snag","2","1","prose-1","prose-1","1","craft","1","Ch1","prose-1","lens-specific","prose#010","The door began to crack and splinter, an ooze searched through the gaps."
"C565","Fall-in-the-woods paragraph reaches for a metaphor and misses (Ch4)","tone","-","snag","2","1","prose-1","prose-1","1","craft","1","Ch4","","lens-specific","prose#023","The taste of dirt kissed her lips."
"C583","Narration explains what the scene already showed (Ch12,Ch15,Ch18)","tone","-","snag","2","1","prose-1","prose-1","1","craft","1","Ch12;Ch15;Ch18","prose-1","lens-specific","prose#012","She didn't regret the order."
"C584","Everyone is wise, dry and kind; no one is wrong at a cost (Ch12,Ch15,Ch18)","tone","-","snag","2","1","prose-1","prose-1","1","craft","1","Ch12;Ch15;Ch18","","lens-specific","prose#071",""
"C600","Shopkeeper sentence overloaded with a six-item list that depends on other chapters (Ch18)","tone","-","snag","2","1","prose-1","prose-1","1","craft","1","Ch18","","lens-specific","prose#024","their complete absence of blood, monsters, stolen property, handcarts, collapsed practitioners, or visibly urgent Camp orders"
"C615","Deadpan two-beat exchange used by every character, 30+ times (Ch4,Ch9,Ch12,Ch15,Ch18)","voice/repetition","-","snag","2","1","prose-1","prose-1","1","craft","1","Ch4;Ch9;Ch12;Ch15;Ch18","prose-1","lens-specific","prose#002","That's an extremely low bar. / Still a bar."
"C616","'looked at' as the reaction beat, about 112 uses (Ch4,Ch9,Ch12,Ch15,Ch18)","voice/repetition","-","snag","2","1","prose-1","prose-1","1","craft","1","Ch4;Ch9;Ch12;Ch15;Ch18","prose-1","lens-specific","prose#003","Shade looked at her in the mirror."
"C648","Catalogue of absences told three times (Ch18)","voice/repetition","-","snag","2","1","prose-1","prose-1","1","craft","1","Ch18","","lens-specific","prose#025","no debt, no Camp order, no blob, no one waiting at the other end"
"C301","Shade adopting Camp as goal the moment Elizabeth names it (Ch11)","motivation","-","snag","2","1","character-1","","0","","0","Ch11","","lens-specific","character#015","Something like recognition passed over Shade's face."
"C302","Pull knocks Shade into Elizabeth so scene goes wrong; hand as plot lever (Ch11)","motivation","-","snag","2","1","character-1","","0","","0","Ch11","character-1","lens-specific","character#017",""
"C303","Shade shows no reaction to own injury or Elizabeth's broken shoulder (Ch11,Ch12)","motivation","-","snag","2","1","character-1","","0","","0","Ch11;Ch12","character-1","lens-specific","character#019",""
"C304","Shade's muted response to the boy's Good about not being Pathwell (Ch12)","motivation","-","snag","2","1","character-1","","0","","0","Ch12","character-1","lens-specific","character#023","I don't know what that means."
"C305","Shift from I want to stay here to walking into blob after one afternoon of wanting (Ch13,Ch15)","motivation","-","snag","2","1","character-1","","0","","0","Ch13;Ch15","","lens-specific","character#049","I want to stay here."
"C306","Whatever happens next is yours versus thought I'd be the one carrying it (Ch14,Ch15)","motivation","-","snag","2","1","character-1","","0","","0","Ch14;Ch15","character-1","lens-specific","character#047","Then whatever happens next is yours."
"C642","Shade's long explanation speech of the rejoining working (Ch14)","voice/repetition","-","snag","2","1","character-1","","0","","0","Ch14","character-1","lens-specific","character#034","You are going to use the existing connection as the return line."
"C039","Portal and school-halls wandering runs long (Ch5)","pacing","-","quibble","1","2","target-1;target-2","target-1;target-2","2","experience","1","Ch5","target-1","lens-specific","target-1#025;target-2#030","The circle spun around them, gaining speed. | twisting and spinning"
"C128","Ch17 closing recap restates losses the walk already showed","tone","-","quibble","1","2","target-1;target-2","target-1;target-2","2","experience","1","Ch17","target-2","lens-specific","target-1#105;target-2#106","No debt vanished. | Shade was still dead. The diary was still ash. Nana's cookbook was still ash."
"C140","Who the intruder is and why he reads her diary (Ch1)","confusion","-","quibble","1","1","reluctant-1","reluctant-1","1","experience","1","Ch1","","lens-specific","reluctant#002","reading her diary like a magazine in a waiting room"
"C141","Why a recipe works as key and why Nana's voice is in the cookbook (Ch1,Ch2,Ch4)","confusion","-","quibble","1","1","reluctant-1","reluctant-1","1","experience","1","Ch1;Ch2;Ch4","","lens-specific","reluctant#005","Because it was hers"
"C143","Pathwell's name and why he gives only one (Ch2)","confusion","-","quibble","1","1","reluctant-1","reluctant-1","1","experience","1","Ch2","","lens-specific","reluctant#006","Don't need one. Saves everybody time."
"C144","Why the shuttered laundromat and park appear (Ch2)","confusion","-","quibble","1","1","reluctant-1","reluctant-1","1","experience","1","Ch2","","lens-specific","reluctant#007","a park that shouldn't have been there"
"C145","Tuesday/Thursday exchange: joke or shifted time (Ch2)","confusion","-","quibble","1","1","reluctant-1","reluctant-1","1","experience","1","Ch2","","lens-specific","reluctant#008",""
"C149","Unnamed shopkeeper (""the round man"") (Ch3)","confusion","-","quibble","1","1","skimmer-1","skimmer-1","1","experience","1","Ch3","","lens-specific","skimmer#029",""
"C150","Boots, Mama Baga, the archive and the bookshop bill: reader has the words but not why they matter (Ch3,Ch4,Ch5,Ch6)","confusion","-","quibble","1","1","skimmer-1","skimmer-1","1","experience","1","Ch3;Ch4;Ch5;Ch6","","lens-specific","skimmer#035",""
"C151","what 'Yours?' refers to (Ch3)","confusion","-","quibble","1","1","auditor-1","auditor-1","1","audit","1","Ch3","","lens-specific","auditor#038","Yours?"
"C152","untagged 'Aren't you?' (Ch3)","confusion","-","quibble","1","1","auditor-1","auditor-1","1","audit","1","Ch3","","lens-specific","auditor#039","Aren't you?"
"C155","What the Archive is for (Ch4)","confusion","-","quibble","1","1","reluctant-1","reluctant-1","1","experience","1","Ch4","","lens-specific","reluctant#020","That is generally the opposite of an archive."
"C156","Lizzy versus Elizabeth: same woman? (Ch4)","confusion","-","quibble","1","1","skimmer-1","skimmer-1","1","experience","1","Ch4","","lens-specific","skimmer#039",""
"C157","untagged 'Stansbury.' at tree line (Ch4)","confusion","-","quibble","1","1","auditor-1","auditor-1","1","audit","1","Ch4","","lens-specific","auditor#041","Stansbury."
"C159","Portal 'to where' answered 'Here' and not followed up (Ch5)","confusion","-","quibble","1","1","reluctant-1","reluctant-1","1","experience","1","Ch5","","lens-specific","reluctant#027","That was a portal."
"C161","'Noodle' used as slang with unclear meaning (Ch5)","confusion","-","quibble","1","1","reluctant-1","reluctant-1","1","experience","1","Ch5","","lens-specific","reluctant#030","put your noodle away"
"C163","Ken and Stansbury confused at the school door (Ch5)","confusion","-","quibble","1","1","skimmer-1","skimmer-1","1","experience","1","Ch5","","lens-specific","skimmer#046",""
"C164","untagged lines in Stansbury/Pathwell exchange (Ch5)","confusion","-","quibble","1","1","auditor-1","auditor-1","1","audit","1","Ch5","","lens-specific","auditor#042","That is a more compelling version."
"C165","""Zero books"" joke lands flat without context (Ch7)","confusion","-","quibble","1","1","skimmer-1","skimmer-1","1","experience","1","Ch7","","lens-specific","skimmer#068","You mean to tell me you brought zero books with you!?"
"C166","Elizabeth's 'Stansbury.' only inferable as speaker (Ch7)","confusion","-","quibble","1","1","auditor-1","auditor-1","1","audit","1","Ch7","","lens-specific","auditor#044","Stansbury. He paused."
"C169","untagged 'Seatbelt.' (Ch8)","confusion","-","quibble","1","1","auditor-1","auditor-1","1","audit","1","Ch8","","lens-specific","auditor#046","Seatbelt."
"C170","Stansbury answers 'Bruised' to question put to Elizabeth (Ch8)","confusion","-","quibble","1","1","auditor-1","auditor-1","1","audit","1","Ch8","","lens-specific","auditor#047","Bruised,"" Stansbury said."
"C171","referent of Stansbury's 'Again?' (Ch8)","confusion","-","quibble","1","1","auditor-1","auditor-1","1","audit","1","Ch8","","lens-specific","auditor#048","Again?"
"C172","Prague and Celia memories not tied to anything (Ch9,Ch14)","confusion","-","quibble","1","1","reluctant-1","reluctant-1","1","experience","1","Ch9;Ch14","","lens-specific","reluctant#047","A room in Prague I have never entered. A woman named Celia who hated pears."
"C174","'Malformed pruning', 'unclaimed possibility', 'unclaimed waste' named not defined (Ch10,Ch15)","confusion","-","quibble","1","1","reluctant-1","reluctant-1","1","experience","1","Ch10;Ch15","","lens-specific","reluctant#051","I know what malformed pruning looks like."
"C175","How a wall anchors the door ('history') not defined (Ch10)","confusion","-","quibble","1","1","reluctant-1","reluctant-1","1","experience","1","Ch10","","lens-specific","reluctant#052","If it's still carrying enough history, it can anchor the door."
"C177","Longing paragraph, unclear whose (Ch10)","confusion","-","quibble","1","1","skimmer-1","skimmer-1","1","experience","1","Ch10","","lens-specific","skimmer#092","A woman's patience worn raw around one particular absence. A porch in summer."
"C178","'You know the place?' 'Unfortunately.' speaker ambiguous (Ch10)","confusion","-","quibble","1","1","auditor-1","auditor-1","1","audit","1","Ch10","","lens-specific","auditor#049","You know the place?"
"C179","Transparent plane containment spell described not explained (Ch11)","confusion","-","quibble","1","1","reluctant-1","reluctant-1","1","experience","1","Ch11","","lens-specific","reluctant#056","The working tried to make distance physical."
"C180","untagged 'I am older than you.' (Ch11)","confusion","-","quibble","1","1","auditor-1","auditor-1","1","audit","1","Ch11","","lens-specific","auditor#050","I am older than you."
"C181","'Charged' never defined (Ch12,Ch14,Ch16)","confusion","-","quibble","1","1","reluctant-1","reluctant-1","1","experience","1","Ch12;Ch14;Ch16","","lens-specific","reluctant#061","whether it was charged"
"C182","""Old Pathwell knowledge"" unclear (Ch12)","confusion","-","quibble","1","1","skimmer-1","skimmer-1","1","experience","1","Ch12","","lens-specific","skimmer#112","Whatever pieces of old Pathwell knowledge he carried, he kept them out of a treatment nobody had asked him to direct."
"C183","Sock kid versus turnip boy (Ch12)","confusion","-","quibble","1","1","skimmer-1","skimmer-1","1","experience","1","Ch12","","lens-specific","skimmer#115",""
"C184","Cookbook on reserve shelf, unclear how it got there (Ch12)","confusion","-","quibble","1","1","skimmer-1","skimmer-1","1","experience","1","Ch12","","lens-specific","skimmer#116",""
"C185","Queen of spades as evidence of corruption, meaning unclear (Ch13)","confusion","-","quibble","1","1","reluctant-1","reluctant-1","1","experience","1","Ch13","","lens-specific","reluctant#067","Corruption."
"C186","Hearts opening: rules and who is who (Ch13)","confusion","-","quibble","1","1","skimmer-1","skimmer-1","1","experience","1","Ch13","","lens-specific","skimmer#122","Shade was bad at Hearts."
"C188","Payment mechanism described a third time, told not shown (Ch14)","confusion","-","quibble","1","1","reluctant-1","reluctant-1","1","experience","1","Ch14","","lens-specific","reluctant#073","It accepts my pruning directly."
"C189","'Practitioner' appears as Pathwell's title without introduction (Ch14)","confusion","-","quibble","1","1","reluctant-1","reluctant-1","1","experience","1","Ch14","","lens-specific","reluctant#074","the practitioner who had supplied the contradiction and the payment"
"C191","Possibility-given-a-shape sentence (Ch14)","confusion","-","quibble","1","1","skimmer-1","skimmer-1","1","experience","1","Ch14","","lens-specific","skimmer#130","possibility given a shape only because the eye needed something to fail at understanding"
"C192","untagged 'Good.' (Ch14)","confusion","-","quibble","1","1","auditor-1","auditor-1","1","audit","1","Ch14","","lens-specific","auditor#051","Good."
"C193","referent of Elizabeth's 'You should do it.' (Ch14)","confusion","-","quibble","1","1","auditor-1","auditor-1","1","audit","1","Ch14","","lens-specific","auditor#052","You should do it."
"C195","Voice echoing line (Ch15)","confusion","-","quibble","1","1","skimmer-1","skimmer-1","1","experience","1","Ch15","","lens-specific","skimmer#138","The answer came out in Shade's voice and Pathwell's voice and her own."
"C198","Pruning shock used as diagnosis without description (Ch16)","confusion","-","quibble","1","1","reluctant-1","reluctant-1","1","experience","1","Ch16","","lens-specific","reluctant#080","Pruning shock."
"C199","""Rare morning for those"" joke missed (Ch16)","confusion","-","quibble","1","1","skimmer-1","skimmer-1","1","experience","1","Ch16","","lens-specific","skimmer#146","Rare morning for those,"
"C200","""Pruning?"" ""No."" half lands (Ch16)","confusion","-","quibble","1","1","skimmer-1","skimmer-1","1","experience","1","Ch16","","lens-specific","skimmer#147","Pruning?"
"C201","Older woman in knitted cap versus Mama Baga (Ch16)","confusion","-","quibble","1","1","skimmer-1","skimmer-1","1","experience","1","Ch16","","lens-specific","skimmer#149",""
"C202","Stansbury's role as Pathwell's brother lost between sittings (Ch16,Ch18)","confusion","-","quibble","1","1","skimmer-1","skimmer-1","1","experience","1","Ch16;Ch18","","lens-specific","skimmer#150",""
"C204","Geese 'remember me' unexplained (Ch18)","confusion","-","quibble","1","1","reluctant-1","reluctant-1","1","experience","1","Ch18","","lens-specific","reluctant#090","They remember me."
"C205","shopkeeper's lines not tagged (Ch18)","confusion","-","quibble","1","1","auditor-1","auditor-1","1","audit","1","Ch18","","lens-specific","auditor#053","Three weeks is not a character trait."
"C206","pajamas first mentioned in Ch4 (Ch1,Ch2,Ch4)","continuity","-","quibble","1","1","auditor-1","auditor-1","1","audit","1","Ch1;Ch2;Ch4","","lens-specific","auditor#033","the pajama legs showing beneath it, which Elizabeth had been trying not to think about since the lobby of her building"
"C212","dumpling count and 'second one' (Ch2)","continuity","-","quibble","1","1","auditor-1","auditor-1","1","audit","1","Ch2","","lens-specific","auditor#057","inhaled his second one"
"C213","phones appear in Ch18 though Ch2 had none (Ch2,Ch18)","continuity","-","quibble","1","1","auditor-1","auditor-1","1","audit","1","Ch2;Ch18","","lens-specific","auditor#080","Elizabeth looked at the phone in her hand."
"C214","Ch18 open laundromat versus Ch2 shuttered one (Ch2,Ch18)","continuity","-","quibble","1","1","auditor-1","auditor-1","1","audit","1","Ch2;Ch18","","lens-specific","auditor#081",""
"C215","pocket coins dumped and never picked up (Ch2,Ch9)","continuity","-","quibble","1","1","auditor-1","auditor-1","1","audit","1","Ch2;Ch9","","lens-specific","auditor#083","She dumped the contents of her pockets on the table."
"C217","shopkeeper's offer to send her back first reported in Ch4 (Ch3,Ch4)","continuity","-","quibble","1","1","auditor-1","auditor-1","1","audit","1","Ch3;Ch4","","lens-specific","auditor#034","after the shopkeeper had offered to send her back to the sidewalk"
"C218","twine crate loaded by Pathwell not shown (Ch3,Ch4)","continuity","-","quibble","1","1","auditor-1","auditor-1","1","audit","1","Ch3;Ch4","","lens-specific","auditor#036","the one Pathwell had loaded with both hands and a great deal of complaining"
"C219","who carried Elizabeth after she faints (Ch3)","continuity","-","quibble","1","1","auditor-1","auditor-1","1","audit","1","Ch3","","lens-specific","auditor#058","carpet against her knees"
"C220","folded-paper door never mentioned again (Ch3)","continuity","-","quibble","1","1","auditor-1","auditor-1","1","audit","1","Ch3","","lens-specific","auditor#059",""
"C223","archivist's pen then three pencils then one pencil (Ch4,Ch12,Ch13)","continuity","-","quibble","1","1","auditor-1","auditor-1","1","audit","1","Ch4;Ch12;Ch13","auditor-1","lens-specific","auditor#021","one pencil still behind his ear"
"C224","Pathwell's coat first mentioned in Ch5 (Ch4,Ch5)","continuity","-","quibble","1","1","auditor-1","auditor-1","1","audit","1","Ch4;Ch5","","lens-specific","auditor#060","Pathwell's coat took flight behind him"
"C225","Mama Baga's bracelets appear in Ch12 (Ch4,Ch12)","continuity","-","quibble","1","1","auditor-1","auditor-1","1","audit","1","Ch4;Ch12","","lens-specific","auditor#074",""
"C226","Milo's boots first appear in Ch15 (Ch4,Ch12,Ch13,Ch15)","continuity","-","quibble","1","1","auditor-1","auditor-1","1","audit","1","Ch4;Ch12;Ch13;Ch15","","lens-specific","auditor#077","His sock had finally stayed up."
"C231","diary's whereabouts untracked (Ch5,Ch9,Ch12)","continuity","-","quibble","1","1","auditor-1","auditor-1","1","audit","1","Ch5;Ch9;Ch12","","lens-specific","auditor#061","All I have to my name right now is my diary and a foam dagger."
"C232","bandana singed though she never closed her fingers on it (Ch5)","continuity","-","quibble","1","1","auditor-1","auditor-1","1","audit","1","Ch5","","lens-specific","auditor#062","the bandana in her hand had been singed in half"
"C233","sky overcast then low sun then open red sky (Ch5,Ch6)","continuity","-","quibble","1","1","auditor-1","auditor-1","1","audit","1","Ch5;Ch6","","lens-specific","auditor#064","The low sun scattered itself through the single tree."
"C235","Cadillac keys pocketed then in ignition (Ch7,Ch8)","continuity","-","quibble","1","1","auditor-1","auditor-1","1","audit","1","Ch7;Ch8","","lens-specific","auditor#065","shoved the keys into her coat pocket"
"C236","Pathwell's coat empty in Ch7, full of hardware in Ch14 (Ch7,Ch14)","continuity","-","quibble","1","1","auditor-1","auditor-1","1","audit","1","Ch7;Ch14","","lens-specific","auditor#066","went for his coat, patted it, and came up with nothing"
"C237","Pathwell's rib injury with no cause (Ch7,Ch10,Ch11)","continuity","-","quibble","1","1","auditor-1","auditor-1","1","audit","1","Ch7;Ch10;Ch11","","lens-specific","auditor#072","one arm across his ribs"
"C241","which shoulder Elizabeth's old bruise and new injury are (Ch8,Ch11)","continuity","-","quibble","1","1","auditor-1","auditor-1","1","audit","1","Ch8;Ch11","","lens-specific","auditor#073",""
"C242","doubled twenty-five minutes (Ch9)","continuity","-","quibble","1","1","auditor-1","auditor-1","1","audit","1","Ch9","auditor-1","lens-specific","auditor#018","I met you on the road twenty-five minutes ago."
"C243","Shade's wallet and sedan key unmentioned after coat swap (Ch9,Ch13)","continuity","-","quibble","1","1","auditor-1","auditor-1","1","audit","1","Ch9;Ch13","","lens-specific","auditor#068",""
"C245","quarantine letter taken while Stansbury upstairs, shown late (Ch10,Ch11)","continuity","-","quibble","1","1","auditor-1","auditor-1","1","audit","1","Ch10;Ch11","","lens-specific","auditor#069","You took that while I was upstairs."
"C246","work van described when needed (Ch10)","continuity","-","quibble","1","1","auditor-1","auditor-1","1","audit","1","Ch10","","lens-specific","auditor#071","Stansbury's work van was white, square, and honest about being a work van."
"C247","Pathwell's concussion never established (Ch11,Ch17)","continuity","-","quibble","1","1","auditor-1","auditor-1","1","audit","1","Ch11;Ch17","","lens-specific","auditor#079","I am deciding whether the concussion was permanent"
"C249","archive-door lantern and runner appear when needed (Ch14)","continuity","-","quibble","1","1","auditor-1","auditor-1","1","audit","1","Ch14","","lens-specific","auditor#076","the hanging lantern beside the archive door, still lit from the night"
"C251","'no card' versus queen of spades still on table (Ch15)","continuity","-","quibble","1","1","auditor-1","auditor-1","1","audit","1","Ch15","","lens-specific","auditor#078","no coat, no card, nothing anyone could use"
"C310","Light-switch aside goes nowhere (Ch1)","pacing","-","quibble","1","1","skimmer-1","skimmer-1","1","experience","1","Ch1","","lens-specific","skimmer#002","she still couldn't find the light switch in the hall"
"C311","Sun and rain detail in the baking memory (Ch1)","pacing","-","quibble","1","1","skimmer-1","skimmer-1","1","experience","1","Ch1","","lens-specific","skimmer#003","Sun shining through an open window above the sink, the fresh smell of rain filled her lungs."
"C312","Landlord, door and dry-cleaning panic list (Ch2)","pacing","-","quibble","1","1","skimmer-1","skimmer-1","1","experience","1","Ch2","","lens-specific","skimmer#012","My landlord is going to kill me. How am I going to explain the door?"
"C313","Atmosphere line about the city (Ch2)","pacing","-","quibble","1","1","skimmer-1","skimmer-1","1","experience","1","Ch2","","lens-specific","skimmer#016","The city was in motion even now."
"C315","Middle of the ritual paragraph (Ch3)","pacing","-","quibble","1","1","skimmer-1","skimmer-1","1","experience","1","Ch3","","lens-specific","skimmer#027","Splintering thinner, then burrowing, twisting, wriggling. Taking hold."
"C316","Door-closing and ""Pathwell?"" vanishing run feels like stalling (Ch3)","pacing","-","quibble","1","1","skimmer-1","skimmer-1","1","experience","1","Ch3","","lens-specific","skimmer#030","Lizzy, would you mind closing the door?"
"C319","Giving-blood sleep simile (Ch5)","pacing","-","quibble","1","1","skimmer-1","skimmer-1","1","experience","1","Ch5","","lens-specific","skimmer#043","the way she imagined people slept after giving blood"
"C321","Bar description opening (Ch6)","pacing","-","quibble","1","1","skimmer-1","skimmer-1","1","experience","1","Ch6","","lens-specific","skimmer#053","The bar wasn't nearly as dingy as she'd imagined."
"C322","Mounted fish as decor (Ch6)","pacing","-","quibble","1","1","skimmer-1","skimmer-1","1","experience","1","Ch6","","lens-specific","skimmer#054","A mounted fish watched the room from above the register with the exhausted expression of something that had heard all of this before."
"C324","Farmer stray thought (Ch8)","pacing","-","quibble","1","1","skimmer-1","skimmer-1","1","experience","1","Ch8","","lens-specific","skimmer#077","how upset the farmer was going to be when he saw it"
"C326","Bacon food beat (Ch9)","pacing","-","quibble","1","1","skimmer-1","skimmer-1","1","experience","1","Ch9","","lens-specific","skimmer#085","It was burnt at one end and nearly right at the other, and she chewed, and chewed, and closed her eyes for a second."
"C329","Slap ""Bank it."" exchange runs long (Ch10)","pacing","-","quibble","1","1","skimmer-1","skimmer-1","1","experience","1","Ch10","","lens-specific","skimmer#094","Bank it."
"C331","Curator's arthritis handwriting aside (Ch11)","pacing","-","quibble","1","1","skimmer-1","skimmer-1","1","experience","1","Ch11","","lens-specific","skimmer#100","She labeled everything herself until arthritis made her handwriting look like a seismograph."
"C333","Predictable ""ready"" exchange (Ch12)","pacing","-","quibble","1","1","skimmer-1","skimmer-1","1","experience","1","Ch12","","lens-specific","skimmer#111","Does being ready change anything?"
"C334","Camp waking-up image (Ch12)","pacing","-","quibble","1","1","skimmer-1","skimmer-1","1","experience","1","Ch12","","lens-specific","skimmer#113","Camp was moving toward morning one person at a time."
"C337","Brass pins and hardware banter (Ch14)","pacing","-","quibble","1","1","skimmer-1","skimmer-1","1","experience","1","Ch14","","lens-specific","skimmer#126","You carry an unreasonable amount of hardware."
"C339","""Yes."" / ""No."" exchange repeats the same argument (Ch14)","pacing","-","quibble","1","1","skimmer-1","skimmer-1","1","experience","1","Ch14","","lens-specific","skimmer#129",""
"C340","Sentence listing too many objects (Ch14)","pacing","-","quibble","1","1","skimmer-1","skimmer-1","1","experience","1","Ch14","","lens-specific","skimmer#131","weather ledgers, family letters, Nana's cookbook... her diary in the intake rack"
"C341","""Together / separate"" wordless voices (Ch14)","pacing","-","quibble","1","1","skimmer-1","skimmer-1","1","experience","1","Ch14","","lens-specific","skimmer#132","One said together. One said separate. Neither was language, and Elizabeth understood them anyway."
"C342","Small talk about archivist and Stansbury's sentences (Ch14)","pacing","-","quibble","1","1","skimmer-1","skimmer-1","1","experience","1","Ch14","","lens-specific","skimmer#133",""
"C345","Opening sensory list of fragments (Ch15)","pacing","-","quibble","1","1","skimmer-1","skimmer-1","1","experience","1","Ch15","","lens-specific","skimmer#136","Rain on canvas."
"C346","""Emotional weather"" paragraphs listing fragments (Ch15)","pacing","-","quibble","1","1","skimmer-1","skimmer-1","1","experience","1","Ch15","","lens-specific","skimmer#137","The emotional weather around it kept breaking loose: relief, hunger, rain, an old irritation about somebody borrowing a coat and never returning it."
"C348","Aftermath montage slower; first-week rack and cabinet comedy and Hearts epilogue repeat Ch13 joke (Ch17)","pacing","-","quibble","1","1","reluctant-1","reluctant-1","1","experience","1","Ch17","reluctant-1","lens-specific","reluctant#084",""
"C349","Elizabeth's apartment paragraph (Ch17)","pacing","-","quibble","1","1","skimmer-1","skimmer-1","1","experience","1","Ch17","","lens-specific","skimmer#154","Her apartment took longer to become hers than the archive took to become a construction site."
"C350","Third recap of the arc in one chapter (Ch17)","pacing","-","quibble","1","1","skimmer-1","skimmer-1","1","experience","1","Ch17","","lens-specific","skimmer#158","No debt vanished."
"C352","Second door-and-wagon exchange (Ch18)","pacing","-","quibble","1","1","skimmer-1","skimmer-1","1","experience","1","Ch18","skimmer-1","lens-specific","skimmer#164","Diseased lemon."
"C353","Shelves of other people's feelings (Ch18)","pacing","-","quibble","1","1","skimmer-1","skimmer-1","1","experience","1","Ch18","","lens-specific","skimmer#165","A shelf of rain-swollen journals made her chest ache with somebody else's homesickness."
"C373","neighborhood changed (coffee shop became laundromat) never explained (Ch2,Ch18)","promise","-","quibble","1","1","rules-1","rules-1","1","audit","1","Ch2;Ch18","","lens-specific","rules#021","a shuttered laundromat she'd never seen before"
"C374","Nana's spoon set up as a hook and then dropped (Ch2,Ch12,Ch17)","promise","-","quibble","1","1","rules-1","rules-1","1","audit","1","Ch2;Ch12;Ch17","","lens-specific","rules#041","because it was a spoon"
"C389","how many creatures there are and where they come from ('That one is gone') (Ch7)","promise","-","quibble","1","1","rules-1","rules-1","1","audit","1","Ch7","","lens-specific","rules#035","That one is gone."
"C393","What Pathwell chose / the prune, never explained (Ch9)","promise","-","quibble","1","1","character-1","character-1","1","craft","1","Ch9","","lens-specific","character#013","Ask him what he chose"
"C397","queen of spades token: power never shown (Ch13,Ch15)","promise","-","quibble","1","1","rules-1","rules-1","1","audit","1","Ch13;Ch15","","lens-specific","rules#040","The queen of spades lay on the card table where the archivist had left it."
"C400","museum obligations stay separate and are never settled (Ch16)","promise","-","quibble","1","1","rules-1","rules-1","1","audit","1","Ch16","","lens-specific","rules#037","Camp does not absorb those because you caused something worse afterward."
"C407","why bad familiar coffee steadies people, rule never stated (Ch3,Ch9,Ch13,Ch18)","rule","-","quibble","1","1","rules-1","rules-1","1","audit","1","Ch3;Ch9;Ch13;Ch18","","lens-specific","rules#022","Familiar things are useful."
"C409","Cookbook page rule (spent not burned) shown but not stated (Ch4)","rule","-","quibble","1","1","reluctant-1","reluctant-1","1","experience","1","Ch4","","lens-specific","reluctant#022","Not burned. Spent."
"C410","'fresh waste' is never defined (Ch4)","rule","-","quibble","1","1","rules-1","rules-1","1","audit","1","Ch4","","lens-specific","rules#028","Fresh waste. That part made sense."
"C412","foam sword rule overpromises (does not stop the creature) (Ch5,Ch7)","rule","-","quibble","1","1","rules-1","rules-1","1","audit","1","Ch5;Ch7","","lens-specific","rules#024","it does what it was made to do"
"C415","inherited-debt joke never confirmed as a rule (Ch18)","rule","-","quibble","1","1","rules-1","rules-1","1","audit","1","Ch18","","lens-specific","rules#039","whether inheriting someone's toolbox constituted inheriting their late fees"
"C527","Book unsure which question it cares about (who decides about others' things; whether the wrongdoer can be trusted) (Ch1-18)","structure","-","quibble","1","1","skimmer-1","skimmer-1","1","experience","1","Ch1-18","","lens-specific","skimmer#171",""
"C541","Chapter front-loaded with banter, payoff late (Ch18)","structure","-","quibble","1","1","skimmer-1","skimmer-1","1","experience","1","Ch18","","lens-specific","skimmer#168",""
"C586","'blob' is a flat word for what kills Shade (Ch15)","tone","-","quibble","1","1","prose-1","prose-1","1","craft","1","Ch15","","lens-specific","prose#046","The blob had ignored all of it."
"C587","Narrator glosses character in a sentence (Ch15)","tone","-","quibble","1","1","prose-1","prose-1","1","craft","1","Ch15","","lens-specific","prose#047","The answer was so Stansbury she almost objected on principle."
"C601","Stock or quote-page lines (Ch18)","tone","-","quibble","1","1","prose-1","prose-1","1","craft","1","Ch18","","lens-specific","prose#064","I contain multitudes,"" Elizabeth said."
"C605","'Good.' as a filler one-word reply (Ch1,Ch9,Ch12,Ch15,Ch18)","voice/repetition","-","quibble","1","1","prose-1","prose-1","1","craft","1","Ch1;Ch9;Ch12;Ch15;Ch18","","lens-specific","prose#031","Good."
"C606","Man restates urgency and deflects the same way repeatedly (Ch1)","voice/repetition","-","quibble","1","1","prose-1","prose-1","1","craft","1","Ch1","","lens-specific","prose#073","We should probably be anywhere but here."
"C607","Participle-opener sentences four times (Ch1)","voice/repetition","-","quibble","1","1","prose-1","prose-1","1","craft","1","Ch1","","lens-specific","prose#078","Lunging again, the blob knocked the man"
"C617","Mama Baga's mouth moved at one corner, identical both times (Ch4,Ch12)","voice/repetition","-","quibble","1","1","prose-1","prose-1","1","craft","1","Ch4;Ch12","prose-1","lens-specific","prose#006","Mama Baga's mouth moved at one corner."
"C618","'I know.' as a standalone reply, about 13 times (Ch4,Ch9,Ch12,Ch15)","voice/repetition","-","quibble","1","1","prose-1","prose-1","1","craft","1","Ch4;Ch9;Ch12;Ch15","","lens-specific","prose#027","I know."
"C619","'Of course' as a repeated aside (Ch4,Ch9,Ch12,Ch18)","voice/repetition","-","quibble","1","1","prose-1","prose-1","1","craft","1","Ch4;Ch9;Ch12;Ch18","","lens-specific","prose#034","Chicken and dumplings. Of course."
"C620","'disappeared' used 11 times as a flat verb (Ch4,Ch12,Ch15)","voice/repetition","-","quibble","1","1","prose-1","prose-1","1","craft","1","Ch4;Ch12;Ch15","","lens-specific","prose#035","The low-tide smell disappeared into the trees."
"C621","'as if / as though' crowded in Ch4 (Ch4)","voice/repetition","-","quibble","1","1","prose-1","prose-1","1","craft","1","Ch4","","lens-specific","prose#043","as though he were twelve and badly assembled"
"C622","Boy delivers a line then disappears, repeated exit (Ch4,Ch12)","voice/repetition","-","quibble","1","1","prose-1","prose-1","1","craft","1","Ch4;Ch12","","lens-specific","prose#066","The boy nodded solemnly and disappeared."
"C623","'nodded' 22 times, 11 in Ch4 (Ch4)","voice/repetition","-","quibble","1","1","prose-1","prose-1","1","craft","1","Ch4","","lens-specific","prose#067",""
"C624","Near-miss constructions 'nearly / almost' (Ch4)","voice/repetition","-","quibble","1","1","prose-1","prose-1","1","craft","1","Ch4","","lens-specific","prose#068","Elizabeth almost said sugar cookies"
"C625","Bad drink that comforts joke used twice (Ch4,Ch9)","voice/repetition","-","quibble","1","1","prose-1","prose-1","1","craft","1","Ch4;Ch9","","lens-specific","prose#069","It was terrible."
"C631","'Probably.' as a one-word answer or aside (Ch9,Ch12,Ch15)","voice/repetition","-","quibble","1","1","prose-1","prose-1","1","craft","1","Ch9;Ch12;Ch15","","lens-specific","prose#029","Probably."
"C632","Shade's jaw tightened and 'Shade's [body part] stopped' tags (Ch9)","voice/repetition","-","quibble","1","1","prose-1","prose-1","1","craft","1","Ch9","","lens-specific","prose#040","Shade's fork stopped."
"C638","Two wise child sees-through-everyone gags (turnip boy, Milo) (Ch12,Ch13)","voice/repetition","-","quibble","1","1","character-1","character-1","1","craft","1","Ch12;Ch13","","lens-specific","character#027",""
"C644","Same 'emotional weather ... breaking loose' sentence twice (Ch15)","voice/repetition","-","quibble","1","1","prose-1","prose-1","1","craft","1","Ch15","","lens-specific","prose#045","The emotional fallout kept breaking loose in fragments"
"C649","Elizabeth smiles despite herself, four times in Ch18 (Ch18)","voice/repetition","-","quibble","1","1","prose-1","prose-1","1","craft","1","Ch18","","lens-specific","prose#044","Elizabeth smiled despite herself."
"C298","No scene of Shade angry at Pathwell; feeling toward him hard to follow (Ch8-15)","motivation","-","quibble","1","1","character-1","","0","","0","Ch8-15","","lens-specific","character#051",""
"C637","Shade's jokes drift into Camp register (Ch12,Ch13)","voice/repetition","-","quibble","1","1","character-1","","0","","0","Ch12;Ch13","","lens-specific","character#026","No one suspects him."
"C643","Technical vocabulary makes Shade sound like Pathwell (Ch14)","voice/repetition","-","quibble","1","1","character-1","","0","","0","Ch14","","lens-specific","character#040","Two anchors. One return."
"C098","Pathwell says ""All right"" then does it anyway; book doesn't let him off (Ch11)","strength","+","strong","2","2","target-1;target-2","target-1;target-2","2","experience","1","Ch11","","lens-specific","target-1#062;target-2#066","Elizabeth heard the work van inside the sentence. | Quickest. Cleanest. I can handle it."
"C078","Foam-noodle sword set piece (Ch5)","strength","+","mild","1","2","target-1;target-2","target-1;target-2","2","experience","1","Ch5","","lens-specific","target-1#030;target-2#026","stood there dry, with the look of a man who expected them to be impressed"
"C080","Elizabeth compares Stansbury's trade to Pathwell's potential sale (Ch5)","strength","+","mild","1","2","target-1;target-2","target-1;target-2","2","experience","1","Ch5","","lens-specific","target-1#031;target-2#028",""
"C403","copy rule closes the door on searching with a copy: rule, not character, blocks the move (Ch10)","rule","+","mild","1","1","rules-1","rules-1","1","audit","1","Ch10","","lens-specific","rules#046","The copy keeps the words."
"C272","Elizabeth complies and leaves too fast; reader stopped believing at 'Do you have shoes?' (Ch1)","logic","-","stopper","3","1","prose-1","prose-1","1","craft","1","Ch1","prose-1","minority","prose#011",""
"C571","Elizabeth deliberately drives off the road, others shrug it off (Ch8)","tone","-","stopper","3","1","auditor-1","auditor-1","1","audit","1","Ch8","","minority","auditor#027",""
"C028","Narration goes quiet when Pathwell ""went still"" and knows something (Ch1-6)","knowledge","-","snag","2","2","target-1;target-2","target-1;target-2","2","experience","1","Ch1;Ch4;Ch5;Ch6","","minority","target-1#003;target-2#003","Then he went still. When he turned back, he was sure of himself again."
"C049","The apartment building and Elizabeth's ordinary life vanish after Ch1-2","promise","-","snag","2","2","target-1;target-2","target-1;target-2","2","experience","1","Ch1;Ch2;Ch17;Ch18","target-1;target-2","minority","target-1#115;target-2#119",""
"C158","'Newer,' Pathwell amended corrects nothing visible (Ch4)","confusion","-","snag","2","1","prose-1","prose-1","1","craft","1","Ch4","prose-1","minority","prose#017","Newer,' Pathwell amended."
"C207","whether the flat is marked against Elizabeth or Pathwell, and whether it is cleared (Ch1,Ch4,Ch6,Ch7,Ch17,Ch18)","continuity","-","snag","2","1","rules-1","rules-1","1","audit","1","Ch1;Ch4;Ch6;Ch7;Ch17;Ch18","rules-1","minority","rules#002","your house has now been marked, magically speaking."
"C221","scars outside Pathwell's wheelhouse vs his offer to reduce Stansbury's scar (Ch3,Ch16)","continuity","-","snag","2","1","rules-1","rules-1","1","audit","1","Ch3;Ch16","rules-1","minority","rules#008","Unfortunately, scars are outside my wheelhouse."
"C266","Could not follow why Shade and Pathwell share a face and a pull (Ch9,Ch12,Ch15)","knowledge","-","snag","2","1","prose-1","prose-1","1","craft","1","Ch9;Ch12;Ch15","","minority","prose#022",""
"C271","Reader stopped believing the magic was a system, saw it as excuses for choices (Ch1-14)","logic","-","snag","2","1","reluctant-1","reluctant-1","1","experience","1","Ch1-14","","minority","reluctant#026",""
"C276","nobody tries the dagger on the draw, which may be a binding (Ch5,Ch8,Ch9,Ch13)","logic","-","snag","2","1","rules-1","rules-1","1","audit","1","Ch5;Ch8;Ch9;Ch13","","minority","rules#042","Adhesions. Clinging effects. Certain magical bindings."
"C283","night 'started' at the bar, but it started at her apartment (Ch9,Ch10)","logic","-","snag","2","1","auditor-1","auditor-1","1","audit","1","Ch9;Ch10","","minority","auditor#067","She walked toward the bar because it was where the night had started."
"C307","why Pathwell closes the Merritt cookbook and shopkeeper must sit down (Ch18)","motivation","-","snag","2","1","auditor-1","auditor-1","1","audit","1","Ch18","auditor-1","minority","auditor#022","Then he closed it, carefully, and put it back."
"C372","shadow in Elizabeth's apartment window (Ch2)","promise","-","snag","2","1","auditor-1","auditor-1","1","audit","1","Ch2","auditor-1","minority","auditor#007","A shadow filled the space."
"C376","What the cookbook was for and how it links to the door (Ch3,Ch4,Ch6,Ch7,Ch14)","promise","-","snag","2","1","skimmer-1","skimmer-1","1","experience","1","Ch3;Ch4;Ch6;Ch7;Ch14","","minority","skimmer#064",""
"C377","lavender-scented loose page that drifts out (Ch3)","promise","-","snag","2","1","auditor-1","auditor-1","1","audit","1","Ch3","auditor-1","minority","auditor#008","the ink smelled like lavender"
"C382","Elizabeth's missed nine o'clock meeting, no consequence (Ch5,Ch17)","promise","-","snag","2","1","auditor-1","auditor-1","1","audit","1","Ch5;Ch17","auditor-1","minority","auditor#011","her nine o'clock meeting had come and gone"
"C384","Selling children's work question raised then left to banter (Ch5)","promise","-","snag","2","1","hostile-1","hostile-1","1","adversarial","1","Ch5","","minority","hostile#031","It doesn't really feel any different from what you did at the bookstore"
"C387","'Which prune?' asked and answer withheld until Ch10 (Ch7-10)","promise","-","snag","2","1","reluctant-1","reluctant-1","1","experience","1","Ch7-10","reluctant-1","minority","reluctant#038","Which prune?"
"C388","Space Between never explained (Ch7,Ch8,Ch18)","promise","-","snag","2","1","skimmer-1","skimmer-1","1","experience","1","Ch7;Ch8;Ch18","","minority","skimmer#066",""
"C391","Shade gets too little time and no scene of his own before he is taken (Ch8,Ch9,Ch13,Ch14,Ch15)","promise","-","snag","2","1","hostile-1","hostile-1","1","adversarial","1","Ch8;Ch9;Ch13;Ch14;Ch15","hostile-1","minority","hostile#073","Shade smiled. It was small, and it was his."
"C392","Celia and the pears never return (Ch9,Ch11,Ch14,Ch17,Ch18)","promise","-","snag","2","1","skimmer-1","skimmer-1","1","experience","1","Ch9;Ch11;Ch14;Ch17;Ch18","","minority","skimmer#109","A woman named Celia who hated pears."
"C399","Pathwell's unheard whisper (Ch15)","promise","-","snag","2","1","auditor-1","auditor-1","1","audit","1","Ch15","auditor-1","minority","auditor#009","Pathwell whispered something she didn't hear."
"C408","Magic's cost at scale never stated beyond 'paid in pieces of you' (Ch3,Ch5,Ch18)","rule","-","snag","2","1","hostile-1","hostile-1","1","adversarial","1","Ch3;Ch5;Ch18","hostile-1","minority","hostile#099",""
"C525","First three chapters are lore and capitalised nouns before human stakes appear in Ch4 (Ch1-3)","structure","-","snag","2","1","reluctant-1","reluctant-1","1","experience","1","Ch1-3","","minority","reluctant#017",""
"C526","Nana's death only a passing mention in the diary list, no scene (Ch1-3,Ch12)","structure","-","snag","2","1","reluctant-1","reluctant-1","1","experience","1","Ch12;Ch1-3","reluctant-1","minority","reluctant#059","Nana's funeral."
"C530","Section ends are short flat declaratives, predictable by Ch12 (Ch4,Ch12,Ch15)","structure","-","snag","2","1","prose-1","prose-1","1","craft","1","Ch4;Ch12;Ch15","","minority","prose#036","Elizabeth drank."
"C531","Folklore catalogue used as costume; names change no one's behaviour (Ch4,Ch5)","structure","-","snag","2","1","hostile-1","hostile-1","1","adversarial","1","Ch4;Ch5","hostile-1","minority","hostile#021","Did I say runemasters?"
"C532","Shade/prune answer given by confession, no clues to detect (Ch6,Ch7,Ch8,Ch9,Ch10)","structure","-","snag","2","1","auditor-1","auditor-1","1","audit","1","Ch6;Ch7;Ch8;Ch9;Ch10","auditor-1","minority","auditor#002","I pruned ahead"
"C562","Grief and consequence followed by a joke or quip; the book does not let loss sit (Ch3,Ch10,Ch11,Ch12,Ch16)","tone","-","snag","2","1","hostile-1","hostile-1","1","adversarial","1","Ch3;Ch10;Ch11;Ch12;Ch16","hostile-1","minority","hostile#015","The mailbox declined responsibility."
"C563","Whimsy stacked in every paragraph keeps the bookshop from being frightening (Ch3)","tone","-","snag","2","1","hostile-1","hostile-1","1","adversarial","1","Ch3","","minority","hostile#016","We pay him in mice"
"C564","Narrator explains the meaning of the handover moment (Ch4)","tone","-","snag","2","1","skimmer-1","skimmer-1","1","experience","1","Ch4","","minority","skimmer#038","That was the choice."
"C567","School sequence is a sitcom template; foam swords and adult cast playing at children (Ch5)","tone","-","snag","2","1","hostile-1","hostile-1","1","adversarial","1","Ch5","","minority","hostile#027","Honey, you just wandered off"
"C570","Narrator explains a look the reader already got (Ch7)","tone","-","snag","2","1","skimmer-1","skimmer-1","1","experience","1","Ch7","skimmer-1","minority","skimmer#071","A day ago Elizabeth might have missed it: a conversation happening before anyone spoke."
"C577","Narrator compares the wall to the unexplained Space Between (Ch11)","tone","-","snag","2","1","skimmer-1","skimmer-1","1","experience","1","Ch11","skimmer-1","minority","skimmer#101","It wasn't like the Space Between. Nothing pressed itself into her mind. The wall simply had weight."
"C596","Narrator explains adventure and the diner (Ch17)","tone","-","snag","2","1","skimmer-1","skimmer-1","1","experience","1","Ch17","","minority","skimmer#157","Adventure had been difficult to separate from being dragged somewhere."
"C597","Aftermath as sitcom montage and greeting-card close; recap paragraph (Ch17)","tone","-","snag","2","1","hostile-1","hostile-1","1","adversarial","1","Ch17","hostile-1","minority","hostile#092","Because she wanted to go."
"C599","Post-cookbook aside blunts the emotional beat (Ch18)","tone","-","snag","2","1","skimmer-1","skimmer-1","1","experience","1","Ch18","","minority","skimmer#167","Possibly stew."
"C610","Repeated beat: cheerful Pathwell, upset Elizabeth, mock-wise remark (Ch2)","voice/repetition","-","snag","2","1","skimmer-1","skimmer-1","1","experience","1","Ch2","","minority","skimmer#017",""
"C626","Characters answering ""I don't know"" again and again (Ch5,Ch9,Ch10)","voice/repetition","-","snag","2","1","skimmer-1","skimmer-1","1","experience","1","Ch5;Ch9;Ch10","","minority","skimmer#052","I don't know yet."
"C627","Sibling banter engine and running gags (noodle, fish, peas, mounted fish, sock-style buttons) (Ch5,Ch6,Ch8,Ch10,Ch11,Ch13,Ch18)","voice/repetition","-","snag","2","1","hostile-1","hostile-1","1","adversarial","1","Ch5;Ch6;Ch8;Ch10;Ch11;Ch13;Ch18","hostile-1","minority","hostile#028","Shotgun!"
"C628","'Not here' / 'In the car' withholding reads as a device (Ch6,Ch7,Ch8,Ch10)","voice/repetition","-","snag","2","1","hostile-1","hostile-1","1","adversarial","1","Ch6;Ch7;Ch8;Ch10","hostile-1","minority","hostile#040","Not here."
"C629","Shade's right hand mentioned five times (Ch9)","voice/repetition","-","snag","2","1","skimmer-1","skimmer-1","1","experience","1","Ch9","","minority","skimmer#083","His right hand opened on the table, and he closed it again"
"C646","Camp's wise characters have a zinger for everything; epigram-machine (Ch16)","voice/repetition","-","snag","2","1","hostile-1","hostile-1","1","adversarial","1","Ch16","","minority","hostile#086","Don't become decorative."
"C647","Pathwell proposes, archivist refuses, Pathwell complies (rack, cabinets, board, wagon) (Ch17)","voice/repetition","-","snag","2","1","skimmer-1","skimmer-1","1","experience","1","Ch17","skimmer-1","minority","skimmer#153","That is objectively worse"
"C194","Nothing changing is acceptable to me, unparseable and out of voice (Ch14)","confusion","-","snag","2","1","character-1","","0","","0","Ch14","character-1","minority","character#035","Nothing changing is acceptable to me"
"C288","Shade stays within reach of the pins, passive refusal, why not step out of range (Ch14)","logic","-","snag","2","1","character-1","","0","","0","Ch14","character-1","minority","character#036","I am not fighting you."
"C371","Cookbook promised but almost no food or cooking on the page (Ch1,Ch4)","promise","-","snag","2","1","prose-1","","0","","0","Ch1;Ch4","prose-1","minority","prose#015",""
"C537","Shade as furniture by the wagon door with no stated want (Ch12)","structure","-","snag","2","1","character-1","","0","","0","Ch12","","minority","character#021","Shade remained by the wagon door, in a spot where he wasn't blocking anything."
"C539","Shade's death cleans up draw, spill and blobs, plot cleanup (Ch14,Ch15)","structure","-","snag","2","1","character-1","","0","","0","Ch14;Ch15","character-1","minority","character#046",""
"C030","""Ask him what he chose"" deferred by several characters (Ch9)","knowledge","-","quibble","1","2","target-1;target-2","target-1;target-2","2","experience","1","Ch9","","minority","target-1#051;target-2#056","Ask him what he chose | Ask him what he chose. He knows what he did."
"C031","Narrator hindsight flag about Pathwell's fidgeting (Ch14)","knowledge","-","quibble","1","2","target-1;target-2","target-1;target-2","2","experience","1","Ch14","","minority","target-1#084;target-2#090","At the time, it looked like fidgeting | At the time, it looked like fidgeting."
"C024","Why Pathwell could not or would not scope or cancel the Ch11 working (""I can contain this"")","logic","-","quibble","1","2","rules-1","rules-1","1","audit","1","Ch11;Ch14","","minority","rules#025;rules#044","I can contain this."
"C173","References to events in unread chapters (museum, graffiti threshold, prune, bar) (Ch9,Ch12,Ch15)","confusion","-","quibble","1","1","prose-1","prose-1","1","craft","1","Ch9;Ch12;Ch15","","minority","prose#021",""
"C197","'That hand was promising.' reader could not place it (Ch15)","confusion","-","quibble","1","1","prose-1","prose-1","1","craft","1","Ch15","prose-1","minority","prose#020","That hand was promising."
"C208","unclear whether the recipe page was torn out or consumed (Ch1)","continuity","-","quibble","1","1","rules-1","rules-1","1","audit","1","Ch1","","minority","rules#029","A ragged edge stuck out where the page had been."
"C209","Monster named inconsistently (blob, behemoth, ooze) (Ch1)","continuity","-","quibble","1","1","hostile-1","hostile-1","1","adversarial","1","Ch1","","minority","hostile#002","some sort of blob"
"C227","landlord replaces the marked door; nobody asks about the mark (Ch4,Ch18)","continuity","-","quibble","1","1","rules-1","rules-1","1","audit","1","Ch4;Ch18","","minority","rules#062","aggressively ordinary"
"C252","museum's incident record omits Shade's death while Camp records it (Ch16,Ch17)","continuity","-","quibble","1","1","rules-1","rules-1","1","audit","1","Ch16;Ch17","","minority","rules#038",""
"C253","'Shopkeeper' capitalized once (Ch18)","continuity","-","quibble","1","1","prose-1","prose-1","1","craft","1","Ch18","prose-1","minority","prose#018","without making the Shopkeeper invent anything"
"C254","Time signals conflict: three weeks and four days vs less than two weeks (Ch18)","continuity","-","quibble","1","1","prose-1","prose-1","1","craft","1","Ch18","prose-1","minority","prose#019","Three weeks and four days after"
"C256","how Pathwell knew about the cookbook and why he was in her flat (Ch1)","knowledge","-","quibble","1","1","rules-1","rules-1","1","audit","1","Ch1","","minority","rules#020","Where's your cookbook?"
"C258","Mama Baga knows about the missing front door (Ch4)","knowledge","-","quibble","1","1","auditor-1","auditor-1","1","audit","1","Ch4","","minority","auditor#037","She didn't ask about the apartment, or the missing front door."
"C261","Stansbury names the back hall he never saw (Ch7)","knowledge","-","quibble","1","1","auditor-1","auditor-1","1","audit","1","Ch7","","minority","auditor#045","The back hall,"" Stansbury said."
"C264","Worldbuilding rules (Camp, spill, payment, blobs) taken on characters' word (Ch8-15)","knowledge","-","quibble","1","1","character-1","character-1","1","craft","1","Ch8-15","","minority","character#053",""
"C265","Stansbury's history with Pathwell and Shade (Ch9)","knowledge","-","quibble","1","1","character-1","character-1","1","craft","1","Ch9","","minority","character#014","Fragments of him. Before me"
"C267","Lizzy versus Elizabeth and what it costs Pathwell (Ch14)","knowledge","-","quibble","1","1","character-1","character-1","1","craft","1","Ch14","","minority","character#042","Lizzy"
"C273","Magic arrives with no setup (Ch1)","logic","-","quibble","1","1","hostile-1","hostile-1","1","adversarial","1","Ch1","","minority","hostile#001","Don't think."
"C274","shop account at zero but Pathwell's sold potential is not counted (Ch3,Ch18)","logic","-","quibble","1","1","rules-1","rules-1","1","audit","1","Ch3;Ch18","","minority","rules#068","Your account remains at zero."
"C275","young woman from the wagon saved then gone, later life not covered (Ch4,Ch12)","logic","-","quibble","1","1","rules-1","rules-1","1","audit","1","Ch4;Ch12","","minority","rules#063","The young woman from the wagon accident was gone from the cot."
"C277","Elizabeth's Friday meeting and job: no consequence follows (Ch5,Ch17)","logic","-","quibble","1","1","rules-1","rules-1","1","audit","1","Ch5;Ch17","","minority","rules#060","her nine o'clock meeting had come and gone while she sat in a field"
"C278","objection to selling children's unused energy answered in one line (Ch5)","logic","-","quibble","1","1","rules-1","rules-1","1","audit","1","Ch5","","minority","rules#065","I don't steal anything. The kids get their work back."
"C279","Pathwell carries no books in his coat, 'it slipped my mind' (Ch7)","logic","-","quibble","1","1","rules-1","rules-1","1","audit","1","Ch7","","minority","rules#032","Yes! It slipped my mind! Would you please focus!?"
"C280","decoy idea for the creature appears only in Ch15, too late (Ch7,Ch15)","logic","-","quibble","1","1","rules-1","rules-1","1","audit","1","Ch7;Ch15","","minority","rules#043","Fresh pruning spill by the frame. It should be what it's here for."
"C281","Sedan appears on cue; timing not believed (Ch8)","logic","-","quibble","1","1","hostile-1","hostile-1","1","adversarial","1","Ch8","","minority","hostile#045","Perfect,"
"C284","How a failed working became a person is never understood (Ch10,Ch15)","logic","-","quibble","1","1","hostile-1","hostile-1","1","adversarial","1","Ch10;Ch15","","minority","hostile#074",""
"C285","Shade grabbing Elizabeth's arm reads as convenient (Ch11)","logic","-","quibble","1","1","rules-1","rules-1","1","audit","1","Ch11","","minority","rules#013",""
"C286","Rejoining frame: why brass pins and waxed cord would work (Ch14)","logic","-","quibble","1","1","reluctant-1","reluctant-1","1","experience","1","Ch14","","minority","reluctant#072","make the working decide that we're one settled structure instead of two."
"C287","why the released spillage went into the archive records (Ch14)","logic","-","quibble","1","1","rules-1","rules-1","1","audit","1","Ch14","","minority","rules#036","Fresh spillage."
"C289","the draw ends with Shade's death; cost passes to Shade, none further to Pathwell (Ch15)","logic","-","quibble","1","1","rules-1","rules-1","1","audit","1","Ch15","","minority","rules#067","The draw did not return."
"C290","Milo's burned boot solved in a line (Ch16,Ch17)","logic","-","quibble","1","1","rules-1","rules-1","1","audit","1","Ch16;Ch17","","minority","rules#064","My boot burned too."
"C291","Pathwell's ribs and temple healed offscreen (Ch18)","logic","-","quibble","1","1","rules-1","rules-1","1","audit","1","Ch18","","minority","rules#066","His face had mostly healed."
"C295","Elizabeth goes along with a stranger's orders quickly (Ch1)","motivation","-","quibble","1","1","rules-1","rules-1","1","audit","1","Ch1","","minority","rules#030","Don't think. What's your favorite recipe?"
"C318","Wardrobe montage (pajamas to pastel linen) (Ch4)","pacing","-","quibble","1","1","hostile-1","hostile-1","1","adversarial","1","Ch4","","minority","hostile#023",""
"C343","Rejoining mechanism explained twice (Ch14)","pacing","-","quibble","1","1","hostile-1","hostile-1","1","adversarial","1","Ch14","","minority","hostile#075","Two anchors. One return."
"C368","the page left behind when she snatches the book (Ch1)","promise","-","quibble","1","1","auditor-1","auditor-1","1","audit","1","Ch1","","minority","auditor#031","Elizabeth snatched the book, leaving the page behind."
"C369","man goes still at the hall, never explained (Ch1)","promise","-","quibble","1","1","auditor-1","auditor-1","1","audit","1","Ch1","","minority","auditor#056","went still"
"C378","Rai Stone and thirty Lydian coins dangled (Ch3)","promise","-","quibble","1","1","auditor-1","auditor-1","1","audit","1","Ch3","","minority","auditor#082",""
"C381","Saturday versus Friday mismatch never explained (Ch5)","promise","-","quibble","1","1","skimmer-1","skimmer-1","1","experience","1","Ch5","","minority","skimmer#047",""
"C383","school closet door locks behind her, not revisited (Ch5)","promise","-","quibble","1","1","auditor-1","auditor-1","1","audit","1","Ch5","","minority","auditor#063","It had locked behind her"
"C385","Mint thud hook dropped immediately (Ch6)","promise","-","quibble","1","1","skimmer-1","skimmer-1","1","experience","1","Ch6","","minority","skimmer#056","She decided she was tired, and turned back to her glass."
"C386","Elizabeth's mother mentioned once and dropped (Ch6)","promise","-","quibble","1","1","hostile-1","hostile-1","1","adversarial","1","Ch6","hostile-1","minority","hostile#036","My mom used to always tell me that"
"C394","third scrap of paper Stansbury brings down (Ch10)","promise","-","quibble","1","1","auditor-1","auditor-1","1","audit","1","Ch10","auditor-1","minority","auditor#010","three scraps of paper"
"C395","Fate of the young woman from the wagon accident not confirmed (Ch12)","promise","-","quibble","1","1","reluctant-1","reluctant-1","1","experience","1","Ch12","","minority","reluctant#060",""
"C396","Nana's funeral page Elizabeth cannot finish (Ch12)","promise","-","quibble","1","1","hostile-1","hostile-1","1","adversarial","1","Ch12","","minority","hostile#067",""
"C398","Foam dagger raised and never used (Ch14,Ch15)","promise","-","quibble","1","1","hostile-1","hostile-1","1","adversarial","1","Ch14;Ch15","","minority","hostile#077",""
"C401","Scar-removal thread set up and left open (Ch16)","promise","-","quibble","1","1","hostile-1","hostile-1","1","adversarial","1","Ch16","","minority","hostile#087","ways to reduce what remains"
"C405","Grandmother's voice in the cookbook given only a rule, no reason (Ch1)","rule","-","quibble","1","1","prose-1","prose-1","1","craft","1","Ch1","","minority","prose#070","Because it was hers"
"C413","Nature of the draw (magic, flaw, or deliberate) unclear (Ch8,Ch14)","rule","-","quibble","1","1","character-1","character-1","1","craft","1","Ch8;Ch14","","minority","character#054",""
"C529","exit from the Space Between not shown (Ch3,Ch4)","structure","-","quibble","1","1","auditor-1","auditor-1","1","audit","1","Ch3;Ch4","","minority","auditor#035",""
"C533","the brothers keep withholding explanations; Elizabeth becomes the driver (Ch7,Ch8)","structure","-","quibble","1","1","rules-1","rules-1","1","audit","1","Ch7;Ch8","","minority","rules#031","somehow every time we get to the part where somebody explains what the hell is happening, I become the driver."
"C535","Wanted more of Shade; he dies to a joke (Ch9,Ch15)","structure","-","quibble","1","1","prose-1","prose-1","1","craft","1","Ch9;Ch15","","minority","prose#072","Corrupt institution."
"C536","scene break puts Elizabeth and van on same road with no timeline (Ch10)","structure","-","quibble","1","1","auditor-1","auditor-1","1","audit","1","Ch10","","minority","auditor#070",""
"C542","Chapter 18 is mostly callbacks (Ch18)","structure","-","quibble","1","1","prose-1","prose-1","1","craft","1","Ch18","","minority","prose#063",""
"C557","Cookbook's sentimental pull delivered by flashback; 'Because it was hers' (Ch1)","tone","-","quibble","1","1","hostile-1","hostile-1","1","adversarial","1","Ch1","","minority","hostile#004","Because it was hers."
"C559","'Tuesday' / 'It's Thursday.' gag (Ch2)","tone","-","quibble","1","1","hostile-1","hostile-1","1","adversarial","1","Ch2","","minority","hostile#007","It's Thursday."
"C560","Dumpling comedy runs while her panic is in the next paragraph; grief solved by a dumpling (Ch2)","tone","-","quibble","1","1","hostile-1","hostile-1","1","adversarial","1","Ch2","","minority","hostile#009","I don't share"
"C566","Stock wise elder and archivist with engineered quotability; children handled (Ch4)","tone","-","quibble","1","1","hostile-1","hostile-1","1","adversarial","1","Ch4","","minority","hostile#022","Specificity is expensive."
"C572","Elizabeth's line comparing Shade and Pathwell (Ch8)","tone","-","quibble","1","1","character-1","character-1","1","craft","1","Ch8","","minority","character#004","Same ingredients. Different recipe."
"C578","Narrator explains the homesickness fragments (Ch11)","tone","-","quibble","1","1","skimmer-1","skimmer-1","1","experience","1","Ch11","","minority","skimmer#102","They weren't memories. They were pieces flung loose without anyone shaping them."
"C579","Museum lot banter right after a confession; cannon-in-gift-shop gag; pleased aphorisms (Ch11)","tone","-","quibble","1","1","hostile-1","hostile-1","1","adversarial","1","Ch11","","minority","hostile#055","Museums are arguments conducted very slowly."
"C580","'Elizabeth started crying and had no idea why' tells rather than shows (Ch11)","tone","-","quibble","1","1","hostile-1","hostile-1","1","adversarial","1","Ch11","","minority","hostile#056","Elizabeth started crying and had no idea why"
"C585","Overwrought climax prose (Ch14)","tone","-","quibble","1","1","reluctant-1","reluctant-1","1","experience","1","Ch14","","minority","reluctant#071","Neither was language, and Elizabeth understood them anyway"
"C588","Narrator steps in to tell the reader how to feel (Ch15)","tone","-","quibble","1","1","hostile-1","hostile-1","1","adversarial","1","Ch15","","minority","hostile#083","Shade had never been particularly interested in deserving scenes."
"C602","Five-routes comedy and quips undercut the earned grief (Ch18)","tone","-","quibble","1","1","hostile-1","hostile-1","1","adversarial","1","Ch18","","minority","hostile#095","Important distinction."
"C604","Repeated reassurance tags in the exit dialogue (Ch1)","voice/repetition","-","quibble","1","1","skimmer-1","skimmer-1","1","experience","1","Ch1","","minority","skimmer#005","Reasonable, even."
"C608","Tense slips and fragments used as stage directions (Ch1)","voice/repetition","-","quibble","1","1","hostile-1","hostile-1","1","adversarial","1","Ch1","","minority","hostile#005",""
"C609","""Three weeks"" repeated (Ch2)","voice/repetition","-","quibble","1","1","skimmer-1","skimmer-1","1","experience","1","Ch2","","minority","skimmer#013","Three weeks. Twenty-one days of unpacked boxes and takeout"
"C611","Pathwell refuses a last name; quip doing the work of character, echoed by Shade in Ch8 (Ch2,Ch8)","voice/repetition","-","quibble","1","1","hostile-1","hostile-1","1","adversarial","1","Ch2;Ch8","","minority","hostile#008","Don't need one. Saves everybody time."
"C612","Memory trigger repeats: a smell, voice or song brings a childhood memory in every quiet passage (Ch2,Ch9)","voice/repetition","-","quibble","1","1","hostile-1","hostile-1","1","adversarial","1","Ch2;Ch9","","minority","hostile#010","She heard her again. Lizzy."
"C613","Pathwell's dialogue is lines not a person; nothing costs him (Ch2)","voice/repetition","-","quibble","1","1","hostile-1","hostile-1","1","adversarial","1","Ch2","","minority","hostile#012",""
"C614","copy-keeps-the-words-not-the-thing rule restated five times (Ch4,Ch10,Ch11,Ch17,Ch18)","voice/repetition","-","quibble","1","1","rules-1","rules-1","1","audit","1","Ch4;Ch10;Ch11;Ch17;Ch18","rules-1","minority","rules#010","The copy keeps the words."
"C630","Pathwell comparisons made of Shade (Ch9)","voice/repetition","-","quibble","1","1","skimmer-1","skimmer-1","1","experience","1","Ch9","","minority","skimmer#084","Pathwell would have done that. Probably."
"C633","Diner described as a catalogue of furniture; comparison does no work (Ch9)","voice/repetition","-","quibble","1","1","hostile-1","hostile-1","1","adversarial","1","Ch9","","minority","hostile#048","Probably."
"C634","'Observation. Not memory.' used three times; recap paragraph checks reader is keeping up (Ch9)","voice/repetition","-","quibble","1","1","hostile-1","hostile-1","1","adversarial","1","Ch9","","minority","hostile#049","Observation. Not memory."
"C635","Running 'Lizzy' joke across chapters (Ch10)","voice/repetition","-","quibble","1","1","hostile-1","hostile-1","1","adversarial","1","Ch10","","minority","hostile#051","Elizabeth,"
"C640","Coffee paragraph ""He knew"" run (Ch13)","voice/repetition","-","quibble","1","1","skimmer-1","skimmer-1","1","experience","1","Ch13","","minority","skimmer#120","He knew how fine the beans should be."
"C645","Tags ""Elizabeth looked at..."" between lines (Ch16)","voice/repetition","-","quibble","1","1","skimmer-1","skimmer-1","1","experience","1","Ch16","","minority","skimmer#148",""
"C248","Which hand is bandaged, forgotten palm cut (Ch13)","continuity","-","quibble","1","1","character-1","","0","","0","Ch13","","minority","character#033",""
"C263","Shade as mysterious man who knows pieces, risk of later exposition (Ch8)","knowledge","-","quibble","1","1","character-1","","0","","0","Ch8","","minority","character#003","I remember things I did not live"
"C538","Fire is the chapter's focus; Shade bystander in last third (Ch14)","structure","-","quibble","1","1","character-1","","0","","0","Ch14","","minority","character#041",""
"C573","Pathwell backstory handed over as tidy exposition (Ch9)","tone","-","quibble","1","1","character-1","","0","","0","Ch9","","minority","character#009","A problem he had decided belonged to him"
"C582","Narrator explaining Shade's withheld Pathwell knowledge (Ch12)","tone","-","quibble","1","1","character-1","","0","","0","Ch12","","minority","character#024","Whatever pieces of old Pathwell knowledge he carried, he kept them out of a treatment nobody had asked him to direct"
"C355","Cake survives: understatement joke pays off the party detail (Ch1)","promise","+","strong","2","1","prose-1","prose-1","1","craft","1","Ch1","","minority","prose#049","The cake, somehow, was fine."
"C357","Spoon callback pays off the mixing spoon from Ch2 (Ch2,Ch12)","promise","+","strong","2","1","hostile-1","hostile-1","1","adversarial","1","Ch2;Ch12","","minority","hostile#064","FIND NANA'S SPOON"
"C358","Missing cookbook page as a hook (Ch3)","promise","+","strong","2","1","skimmer-1","skimmer-1","1","experience","1","Ch3","","minority","skimmer#033","Her thumb found the ragged edge where the page had been."
"C363","""Ask him what he chose"" gives a thing to hold (Ch9)","promise","+","strong","2","1","skimmer-1","skimmer-1","1","experience","1","Ch9","","minority","skimmer#090","He knows what he did. Ask him."
"C366","Milo shouting inside the fire as ending hook (Ch14)","promise","+","strong","2","1","skimmer-1","skimmer-1","1","experience","1","Ch14","","minority","skimmer#135","And inside it, Milo shouted again."
"C418","""Ready?"" ""No."" ""Perfect."" chapter endings (Ch1,Ch18)","strength","+","strong","2","1","skimmer-1","skimmer-1","1","experience","1","Ch1;Ch18","skimmer-1","minority","skimmer#011","""Ready?"" ""No."" ""Perfect."""
"C419","Party paragraph: cheese cubes, cake saying ELIZ, banner (Ch1)","strength","+","strong","2","1","prose-1","prose-1","1","craft","1","Ch1","","minority","prose#048","half a sheet cake that now said only ELIZ, because her coworkers had started at the wrong end"
"C421","Elizabeth's concrete grief and small real irritations (door, dry-cleaning ticket) (Ch2)","strength","+","strong","2","1","reluctant-1","reluctant-1","1","experience","1","Ch2","","minority","reluctant#009","staying felt worse than leaving, but leaving didn't feel like anything at all."
"C429","'Not X. Y.' and fragment runs that earn their place (Ch4,Ch15)","strength","+","strong","2","1","prose-1","prose-1","1","craft","1","Ch4;Ch15","prose-1","minority","prose#014","No spell. No sacrifice. No last message. Just fire."
"C431","Chicken-and-dumplings scene and Nana memory (Ch4)","strength","+","strong","2","1","prose-1","prose-1","1","craft","1","Ch4","","minority","prose#051","Nana pretending not to watch until Elizabeth took the first bite."
"C432","Pathwell performing in Ch4 sounds most like himself (Ch4)","strength","+","strong","2","1","prose-1","prose-1","1","craft","1","Ch4","","minority","prose#054","Home is such a permanent term. I prefer… layover."
"C433","Children and Milo have voices the adults' rhythm doesn't touch (Ch4,Ch15)","strength","+","strong","2","1","prose-1","prose-1","1","craft","1","Ch4;Ch15","","minority","prose#055","Pathwell stupid?"
"C439","Waste-creature rule stated plainly and later followed through (Ch5,Ch15)","strength","+","strong","2","1","hostile-1","hostile-1","1","adversarial","1","Ch5;Ch15","","minority","hostile#032","Things like that clean up loose magical waste."
"C450","Elizabeth makes her first choice against the brothers (Ch7)","strength","+","strong","2","1","reluctant-1","reluctant-1","1","experience","1","Ch7","","minority","reluctant#040","For the first time since the apartment, nobody was telling Elizabeth where to go."
"C455","""Got her name right"" line (Ch8)","strength","+","strong","2","1","skimmer-1","skimmer-1","1","experience","1","Ch8","","minority","skimmer#078","He'd gotten her name right. It didn't improve the sentence."
"C462","Elizabeth asks the questions herself in the diner (Ch9)","strength","+","strong","2","1","reluctant-1","reluctant-1","1","experience","1","Ch9","","minority","reluctant#045","You don't get to know that yet."
"C463","Shade on certainty, the book's first moral idea about Pathwell's wrong (Ch9)","strength","+","strong","2","1","reluctant-1","reluctant-1","1","experience","1","Ch9","","minority","reluctant#046","That he had reached the point where being uncertain no longer mattered to him."
"C464","Carrying pieces of an answer line (Ch9)","strength","+","strong","2","1","skimmer-1","skimmer-1","1","experience","1","Ch9","","minority","skimmer#087","I'm tired of carrying pieces of an answer that belong to a question I never asked."
"C481","'That's what you said at the museum' catches the hero (Ch11,Ch14)","strength","+","strong","2","1","hostile-1","hostile-1","1","adversarial","1","Ch11;Ch14","","minority","hostile#080","That's what you said at the museum."
"C487","Diary handover: she could take it back and does not (Ch12)","strength","+","strong","2","1","hostile-1","hostile-1","1","adversarial","1","Ch12","","minority","hostile#065","It was close enough that Elizabeth could have reached out and taken it back. She didn't."
"C499","Elizabeth's order and moral center of the loss (Ch15)","strength","+","strong","2","1","reluctant-1","reluctant-1","1","experience","1","Ch15","","minority","reluctant#079","She didn't regret the order."
"C502","Shade's death is paid and final, nothing returned (Ch15,Ch16,Ch17)","strength","+","strong","2","1","rules-1","rules-1","1","audit","1","Ch15;Ch16;Ch17","","minority","rules#055","SHADE — DIED AT CAMP."
"C503","Stansbury's burned hand and permanent scar (Ch15,Ch16,Ch17)","strength","+","strong","2","1","rules-1","rules-1","1","audit","1","Ch15;Ch16;Ch17","","minority","rules#056","You will scar."
"C520","Geese run builds into a good joke (Ch18)","strength","+","strong","2","1","prose-1","prose-1","1","craft","1","Ch18","","minority","prose#059","They have learned commerce."
"C458","Shade's flat dry voice, distinct from Pathwell (Ch8,Ch9,Ch11-15)","strength","+","strong","2","1","character-1","","0","","0","Ch8;Ch9;Ch11-15","","minority","character#005","Shade seemed willing to let it suffer."
"C466","Shade policing line between own mind and handed memories (Ch9)","strength","+","strong","2","1","character-1","","0","","0","Ch9","","minority","character#006","Observation. Not memory."
"C478","Shade stepping on squeaky floorboard on purpose (Ch11)","strength","+","strong","2","1","character-1","","0","","0","Ch11","","minority","character#016","Shade stepped on it on purpose, and the sound cracked through the quiet."
"C488","Shade states a want for the first time (Ch13)","strength","+","strong","2","1","character-1","","0","","0","Ch13","","minority","character#028","I want to stay here."
"C494","Shade defending Stansbury's pride (Ch14)","strength","+","strong","2","1","character-1","","0","","0","Ch14","","minority","character#037","Don't make him the reason."
"C495","Shade asking the question the book circles (Ch14)","strength","+","strong","2","1","character-1","","0","","0","Ch14","","minority","character#038","For who?"
"C268","Elizabeth lifts shelf with the reduced shoulder (accepted) (Ch12,Ch15)","logic","+","mild","1","1","auditor-1","auditor-1","1","audit","1","Ch12;Ch15","","minority","auditor#026","You are not using this arm today."
"C269","reason given for not cutting the cord with the dagger (Ch14)","logic","+","mild","1","1","rules-1","rules-1","1","audit","1","Ch14","","minority","rules#047","She didn't know what it would cut, or whose it was to cut. She left it where it was."
"C293","Elizabeth's stated reason for giving the whole book, not just the page (Ch4)","motivation","+","mild","1","1","rules-1","rules-1","1","audit","1","Ch4","","minority","rules#045","If I keep holding the rest, I'm going to spend the next ten minutes finding a reason this page is the wrong one."
"C294","Pathwell's reason for refusing to lift his hand and let the frame fail (Ch14)","motivation","+","mild","1","1","rules-1","rules-1","1","audit","1","Ch14","","minority","rules#048","I can't keep leaving damage behind me."
"C356","""He still has it"" as a hook (Ch2)","promise","+","mild","1","1","skimmer-1","skimmer-1","1","experience","1","Ch2","","minority","skimmer#023","He still has it."
"C365","""Pathwell still wasn't there"" as hook (Ch12)","promise","+","mild","1","1","skimmer-1","skimmer-1","1","experience","1","Ch12","","minority","skimmer#119","Pathwell still wasn't there."
"C416","Opening line (Ch1)","strength","+","mild","1","1","skimmer-1","skimmer-1","1","experience","1","Ch1","","minority","skimmer#007","It was the crash that woke her."
"C417","The cake being fine (Ch1)","strength","+","mild","1","1","skimmer-1","skimmer-1","1","experience","1","Ch1","","minority","skimmer#010","The cake, somehow, was fine."
"C420","Elizabeth's frightened, uncertain voice in Ch1 before she picks up the style (Ch1)","strength","+","mild","1","1","prose-1","prose-1","1","craft","1","Ch1","","minority","prose#057","My Nana always made the best sugar cookies?"
"C422","""Replaceable."" (Ch2)","strength","+","mild","1","1","skimmer-1","skimmer-1","1","experience","1","Ch2","","minority","skimmer#019","Replaceable."
"C423","Pathwell refusing a last name (Ch2)","strength","+","mild","1","1","skimmer-1","skimmer-1","1","experience","1","Ch2","","minority","skimmer#022",""
"C426","""Don't make anything of that."" (Ch3)","strength","+","mild","1","1","skimmer-1","skimmer-1","1","experience","1","Ch3","","minority","skimmer#034","Don't make anything of that."
"C427","Healer, Mama Baga and archivist are people the reader can stand near (Ch4)","strength","+","mild","1","1","reluctant-1","reluctant-1","1","experience","1","Ch4","","minority","reluctant#024","Specificity is expensive."
"C428","Nana's voice: soup as an argument (Ch4)","strength","+","mild","1","1","skimmer-1","skimmer-1","1","experience","1","Ch4","","minority","skimmer#041","She believed soup was an argument you could win."
"C430","Empty-hand-after-giving image passes from person to person (Ch4,Ch12,Ch15,Ch18)","strength","+","mild","1","1","prose-1","prose-1","1","craft","1","Ch4;Ch12;Ch15;Ch18","","minority","prose#041","He looked at his empty hand."
"C436","Stansbury gives first real definition of waste and failed workings (Ch5)","strength","+","mild","1","1","reluctant-1","reluctant-1","1","experience","1","Ch5","","minority","reluctant#031","Failed workings. Unsettled messes."
"C437","""Run out of ways to say I don't know"" joke (Ch5)","strength","+","mild","1","1","skimmer-1","skimmer-1","1","experience","1","Ch5","","minority","skimmer#050","I'm going to run out of ways to say 'I don't know' if you keep asking the same question."
"C438","School scene and car ride move quickly (Ch5)","strength","+","mild","1","1","skimmer-1","skimmer-1","1","experience","1","Ch5","","minority","skimmer#051",""
"C440","'Her door.' / 'Was it?' hook (Ch5)","strength","+","mild","1","1","hostile-1","hostile-1","1","adversarial","1","Ch5","","minority","hostile#034","Her door."
"C444","Reflection joke (Ch6)","strength","+","mild","1","1","skimmer-1","skimmer-1","1","experience","1","Ch6","","minority","skimmer#059","His reflection leaned closer, perfectly. Of course it did."
"C445","Tab joke (Ch6)","strength","+","mild","1","1","skimmer-1","skimmer-1","1","experience","1","Ch6","","minority","skimmer#061","It has meant something in several currencies."
"C446","Reveal that it came for him; Elizabeth lets him have it (Ch6)","strength","+","mild","1","1","hostile-1","hostile-1","1","adversarial","1","Ch6","","minority","hostile#038","Not now. Not here. Not necessarily not her."
"C451","Quick parking-lot fight and car-driving hook (Ch7)","strength","+","mild","1","1","skimmer-1","skimmer-1","1","experience","1","Ch7","","minority","skimmer#074",""
"C456","Ending line about the accident (Ch8)","strength","+","mild","1","1","skimmer-1","skimmer-1","1","experience","1","Ch8","","minority","skimmer#082","Too late to call it an accident."
"C459","Book's subject: care versus control, deciding for others (Ch8-15)","strength","+","mild","1","1","character-1","character-1","1","craft","1","Ch8-15","","minority","character#052","I can contain this"
"C465","""Don't make that sentence larger"" (Ch9)","strength","+","mild","1","1","skimmer-1","skimmer-1","1","experience","1","Ch9","","minority","skimmer#088","Don't make that sentence larger than it is."
"C470","Pathwell would have done that. Probably. (Ch9)","strength","+","mild","1","1","prose-1","prose-1","1","craft","1","Ch9","","minority","prose#030","Pathwell would have done that. Probably."
"C471","Shade's voice in the diner, hesitating and self-correcting (Ch9)","strength","+","mild","1","1","prose-1","prose-1","1","craft","1","Ch9","","minority","prose#056","For him to stop deciding what I am before I get to."
"C476","Shade's hand trying to turn toward Pathwell (Ch11)","strength","+","mild","1","1","skimmer-1","skimmer-1","1","experience","1","Ch11","","minority","skimmer#106",""
"C477","""She banned me twice."" (Ch11)","strength","+","mild","1","1","skimmer-1","skimmer-1","1","experience","1","Ch11","","minority","skimmer#107","She banned me twice."
"C483","""Efficient system"" and paperwork line (Ch12)","strength","+","mild","1","1","skimmer-1","skimmer-1","1","experience","1","Ch12","","minority","skimmer#118","He respects paperwork more consistently than people."
"C485","Healer's 'Good.' / 'I disagree with your use of the word.' (Ch12)","strength","+","mild","1","1","prose-1","prose-1","1","craft","1","Ch12","","minority","prose#032","I disagree with your use of the word."
"C486","Museums as injury category joke (Ch12)","strength","+","mild","1","1","prose-1","prose-1","1","craft","1","Ch12","","minority","prose#074","He nodded as though museums were a recognized injury category."
"C490","Mama Baga's blunt line (Ch13)","strength","+","mild","1","1","hostile-1","hostile-1","1","adversarial","1","Ch13","","minority","hostile#071","I didn't ask what would help."
"C491","Threshold opens mid card game (Ch13)","strength","+","mild","1","1","hostile-1","hostile-1","1","adversarial","1","Ch13","","minority","hostile#072",""
"C493","Stakes finally visible: child trapped, archive burning, diary and cookbook in smoke (Ch14)","strength","+","mild","1","1","reluctant-1","reluctant-1","1","experience","1","Ch14","","minority","reluctant#075","The archive was burning."
"C500","Shelf rescue sequence (Ch15)","strength","+","mild","1","1","skimmer-1","skimmer-1","1","experience","1","Ch15","","minority","skimmer#140","That's not the same as can't. Try."
"C501","""Two men react at once"" makes the draw clear (Ch15)","strength","+","mild","1","1","skimmer-1","skimmer-1","1","experience","1","Ch15","","minority","skimmer#141","Elizabeth felt nothing magical herself. She only saw two men react at once."
"C504","First 'I know.' in Ch15 earns itself (Ch15)","strength","+","mild","1","1","prose-1","prose-1","1","craft","1","Ch15","","minority","prose#028","The answer came out in Shade's voice and Pathwell's voice and her own."
"C505","Pain-and-humor lines land (Ch15)","strength","+","mild","1","1","prose-1","prose-1","1","craft","1","Ch15","","minority","prose#060","Her left shoulder throbbed inside the sling like something offended to still be attached to her."
"C506","Aphorism about a morning lands (Ch15)","strength","+","mild","1","1","prose-1","prose-1","1","craft","1","Ch15","","minority","prose#076","A person could accumulate a surprising amount of life in a morning."
"C509","Healer and Milo banter (Ch16)","strength","+","mild","1","1","skimmer-1","skimmer-1","1","experience","1","Ch16","","minority","skimmer#143","Useful. For who? Me."
"C510","""Loss didn't care much about paperwork."" (Ch16)","strength","+","mild","1","1","skimmer-1","skimmer-1","1","experience","1","Ch16","","minority","skimmer#151","Loss didn't care much about paperwork."
"C511","""Alive."" (Ch16)","strength","+","mild","1","1","skimmer-1","skimmer-1","1","experience","1","Ch16","","minority","skimmer#152","Alive."
"C512","Elizabeth's crying, a specific list of losses (Ch16)","strength","+","mild","1","1","hostile-1","hostile-1","1","adversarial","1","Ch16","","minority","hostile#091","For the fact that choosing Milo had been right and had still cost her things she wanted back."
"C515","""The choice was ridiculous. It was still hers."" (Ch17)","strength","+","mild","1","1","skimmer-1","skimmer-1","1","experience","1","Ch17","","minority","skimmer#155","The choice was ridiculous. It was still hers."
"C516","Hearts scene funny and short (Ch17)","strength","+","mild","1","1","skimmer-1","skimmer-1","1","experience","1","Ch17","","minority","skimmer#161",""
"C519","""House-trained by consequences"" line (Ch18)","strength","+","mild","1","1","skimmer-1","skimmer-1","1","experience","1","Ch18","","minority","skimmer#170","I am trying very hard to have been house-trained by consequences."
"C521","Quiet callback closers work (Ch18)","strength","+","mild","1","1","prose-1","prose-1","1","craft","1","Ch18","","minority","prose#061","Shade would have liked it."
"C522","Apartment joke with a turn (Ch18)","strength","+","mild","1","1","prose-1","prose-1","1","craft","1","Ch18","","minority","prose#062","The apartment didn't answer. It had gotten better about that."
"C457","Shade wanting coffee as first fully believed line (Ch8)","strength","+","mild","1","1","character-1","","0","","0","Ch8","","minority","character#002","No. I'm getting coffee."
"C467","Running gag about meeting on the road twenty-five minutes ago (Ch9)","strength","+","mild","1","1","character-1","","0","","0","Ch9","","minority","character#008",""
"C468","Shade admitting Elizabeth is partly leverage (Ch9)","strength","+","mild","1","1","character-1","","0","","0","Ch9","","minority","character#011","Because he'll listen to you longer than he'll listen to me."
"C469","Shade's small physical habits in the car and diner (Ch9)","strength","+","mild","1","1","character-1","","0","","0","Ch9","","minority","character#012","counted out the tip with irritating precision"
"C479","Shade saying only Sorry after grabbing Elizabeth's arm, no accusing Pathwell (Ch11)","strength","+","mild","1","1","character-1","","0","","0","Ch11","","minority","character#018","Sorry."
"C480","Breakfast exchange between Shade and Pathwell (Ch11)","strength","+","mild","1","1","character-1","","0","","0","Ch11","","minority","character#020","You don't know what happens if I eat breakfast either."
"C484","Shade's humiliation and dropped spoon humanise him (Ch12)","strength","+","mild","1","1","character-1","","0","","0","Ch12","","minority","character#022","This is humiliating."
"C489","Shade's borrowed knowledge shown through hesitating hands (Ch13)","strength","+","mild","1","1","character-1","","0","","0","Ch13","","minority","character#032","He would start a motion, pause, and go on only after looking at what his hands were actually doing."
"C167","stand-alone line repeating the book's first sentence (Ch8,Ch1)","confusion","-","snag","2","1","target-2","target-2","1","experience","1","Ch1;Ch8","target-2","noise suspect","target-2#049","It was the crash that woke her."
"C238","Line 'It was the crash that woke her' in middle of the wreck (Ch8)","continuity","-","snag","2","1","target-1","target-1","1","experience","1","Ch8","target-1","noise suspect","target-1#043","It was the crash that woke her."
"C259","Pathwell mirror scene enters his head then stops one sentence short (Ch6)","knowledge","-","snag","2","1","target-2","target-2","1","experience","1","Ch6","","noise suspect","target-2#041","His own face in the mirror suddenly felt less like evidence than like an accusation."
"C260","Brothers apologise and still explain nothing (Ch7)","knowledge","-","snag","2","1","target-1","target-1","1","experience","1","Ch7","","noise suspect","target-1#038","Nothing followed."
"C282","Elizabeth walking to a bar twenty minutes away by car (Ch9)","logic","-","snag","2","1","target-2","target-2","1","experience","1","Ch9","","noise suspect","target-2#057",""
"C296","brothers keep saying ""Not here"" and stalling (Ch5-8)","motivation","-","snag","2","1","target-2","target-2","1","experience","1","Ch5-8","target-2","noise suspect","target-2#036","Not here"
"C297","Elizabeth gets into Shade's car (Ch8)","motivation","-","snag","2","1","target-1","target-1","1","experience","1","Ch8","target-1","noise suspect","target-1#047","the man in the sedan had pieces Pathwell wouldn't give her"
"C299","Elizabeth walks back alone on a county road at night (Ch9)","motivation","-","snag","2","1","target-1","target-1","1","experience","1","Ch9","target-1","noise suspect","target-1#048","I'm going back"
"C300","Pathwell as a person before the fall (Ch10,Ch11)","motivation","-","snag","2","1","target-1","target-1","1","experience","1","Ch10;Ch11","","noise suspect","target-1#117","Seventeen years"
"C347","Chapter 17 repeats one joke: he wants to improve it, is told no, complies (Ch17)","pacing","-","snag","2","1","target-1","target-1","1","experience","1","Ch17","target-1","noise suspect","target-1#102","Color is also a dimension."
"C528","World is a string of rooms joined by convenient doors (Ch3,Ch4,Ch11,Ch13)","structure","-","snag","2","1","target-1","target-1","1","experience","1","Ch3;Ch4;Ch11;Ch13","","noise suspect","target-1#118",""
"C540","day-count montage (Ch17)","structure","-","snag","2","1","target-2","target-2","1","experience","1","Ch17","target-2","noise suspect","target-2#105","On the twelfth day"
"C589","Restitution tribunal with Mama Baga (Ch16)","tone","-","snag","2","1","target-1","target-1","1","experience","1","Ch16","target-1","noise suspect","target-1#094","Defined by whom?"
"C593","Elizabeth's crying list (Ch16)","tone","-","snag","2","1","target-2","target-2","1","experience","1","Ch16","target-2","noise suspect","target-2#102","For the fact that choosing Milo had been right and had still cost her things she wanted back."
"C603","""Pathwell went still"" repeated (Ch1,Ch4,Ch5,Ch6,Ch8,Ch11,Ch14)","voice/repetition","-","snag","2","1","target-2","target-2","1","experience","1","Ch1;Ch4;Ch5;Ch6;Ch8;Ch11;Ch14","target-2","noise suspect","target-2#037","Stansbury followed his eyes. ""Again?"""
"C210","Neighbourhood swapped coffee shop for laundromat, unremarked (Ch2)","continuity","-","quibble","1","1","target-1","target-1","1","experience","1","Ch2","","noise suspect","target-1#010",""
"C211","""dropped her books"" when only a cookbook and diary were taken (Ch2)","continuity","-","quibble","1","1","target-2","target-2","1","experience","1","Ch2","","noise suspect","target-2#010","dropped her books on the table"
"C222","Missing line in the wheel exchange (Ch4)","continuity","-","quibble","1","1","target-1","target-1","1","experience","1","Ch4","","noise suspect","target-1#023","This wheel is new. / Newer, Pathwell amended."
"C228","Elizabeth's missed nine o'clock meeting dropped (Ch5)","continuity","-","quibble","1","1","target-2","target-2","1","experience","1","Ch5","","noise suspect","target-2#031","her nine o'clock meeting had come and gone while she sat in a field"
"C257","Pathwell asks for Camp Cunnan supplies and won't say why (Ch3)","knowledge","-","quibble","1","1","target-2","target-2","1","experience","1","Ch3","","noise suspect","target-2#017",""
"C262","reader guessing what Shade is before being told (Ch8)","knowledge","-","quibble","1","1","target-2","target-2","1","experience","1","Ch8","","noise suspect","target-2#051",""
"C270","Pathwell takes her diary and nobody remarks on it (Ch1)","logic","-","quibble","1","1","target-1","target-1","1","experience","1","Ch1","","noise suspect","target-1#006",""
"C308","""marked, magically speaking"" exchange repeats its gag (Ch1)","pacing","-","quibble","1","1","target-2","target-2","1","experience","1","Ch1","","noise suspect","target-2#004",""
"C314","Rai Stone / Lydian coin haggling aimed at tiny audience (Ch3)","pacing","-","quibble","1","1","target-1","target-1","1","experience","1","Ch3","","noise suspect","target-1#015",""
"C317","Notebook-and-Hess exchange, one more quirky camp bit (Ch4)","pacing","-","quibble","1","1","target-1","target-1","1","experience","1","Ch4","","noise suspect","target-1#021",""
"C325","First car-radio stretch (Ch9)","pacing","-","quibble","1","1","target-1","target-1","1","experience","1","Ch9","","noise suspect","target-1#052",""
"C327","Three memory attempts before the coffee catches (Ch10)","pacing","-","quibble","1","1","target-1","target-1","1","experience","1","Ch10","target-1","noise suspect","target-1#056","Neon in wet pavement."
"C332","Middle stew-and-bucket stretch (Ch12)","pacing","-","quibble","1","1","target-1","target-1","1","experience","1","Ch12","","noise suspect","target-1#073",""
"C344","explanation of overlapping signatures (Ch15)","pacing","-","quibble","1","1","target-2","target-2","1","experience","1","Ch15","","noise suspect","target-2#096",""
"C351","Postcards, field guide, blue-string letters list (Ch18)","pacing","-","quibble","1","1","target-1","target-1","1","experience","1","Ch18","target-1","noise suspect","target-1#112",""
"C375","Stray names left unexplained (Boots joke dropped, Bakhtak, Thumper) (Ch3,Ch5,Ch12,Ch18)","promise","-","quibble","1","1","target-1","target-1","1","experience","1","Ch3;Ch5;Ch12;Ch18","","noise suspect","target-1#016",""
"C380","origin of the cleanup creatures never explained (Ch5)","promise","-","quibble","1","1","target-2","target-2","1","experience","1","Ch5","target-2","noise suspect","target-2#034",""
"C534","Shade's identity guessable on arrival (Ch8)","structure","-","quibble","1","1","target-1","target-1","1","experience","1","Ch8","","noise suspect","target-1#044",""
"C555","Pathwell as know-it-all quirky guide (Ch1,Ch2)","tone","-","quibble","1","1","target-1","target-1","1","experience","1","Ch1;Ch2","","noise suspect","target-1#005","Yes, I did mention the marked thing, didn't I?"
"C558","Ending hook about Pathwell still having the diary (Ch2)","tone","-","quibble","1","1","target-1","target-1","1","experience","1","Ch2","","noise suspect","target-1#011","He still has it"
"C561","Pathwell burning scene wording (Ch3)","tone","-","quibble","1","1","target-2","target-2","1","experience","1","Ch3","","noise suspect","target-2#016","Pathwell screamed in a million voices, voices lost to time, burning out to become memories never made."
"C568","Elizabeth's mom 'red sky at night' line is generic (Ch6)","tone","-","quibble","1","1","target-1","target-1","1","experience","1","Ch6","","noise suspect","target-1#035",""
"C569","""Not now. Not here. Not necessarily not her."" sentence (Ch6)","tone","-","quibble","1","1","target-2","target-2","1","experience","1","Ch6","","noise suspect","target-2#043","Not now. Not here. Not necessarily not her."
"C574","Elizabeth states the theme aloud (Ch10)","tone","-","quibble","1","1","target-1","target-1","1","experience","1","Ch10","","noise suspect","target-1#057","And paying for it yourself made you feel like the method was yours to choose."
"C575","Civil War brothers statues a wink too many (Ch11)","tone","-","quibble","1","1","target-1","target-1","1","experience","1","Ch11","","noise suspect","target-1#066","two brothers split by land and by ideology"
"C576","return to jokes right after the broken shoulder (Ch11)","tone","-","quibble","1","1","target-2","target-2","1","experience","1","Ch11","","noise suspect","target-2#070","You have lost museum privileges for the morning."
"C581","Narrator tells us she is growing (Ch12)","tone","-","quibble","1","1","target-1","target-1","1","experience","1","Ch12","","noise suspect","target-1#070","The book belonged here now, and it no longer felt like a disappearance."
"C590","Mama Baga's 'Person' line after the ledger (Ch16)","tone","-","quibble","1","1","target-1","target-1","1","experience","1","Ch16","target-1","noise suspect","target-1#095","Person is the word I have for that."
"C591","Narrator's moral gloss on the burn (Ch16)","tone","-","quibble","1","1","target-1","target-1","1","experience","1","Ch16","target-1","noise suspect","target-1#096","Both things were true."
"C592","Elizabeth's second speech after that line (Ch16)","tone","-","quibble","1","1","target-1","target-1","1","experience","1","Ch16","","noise suspect","target-1#098","I am not going to make your guilt useful."
"C594","closing line about Pathwell not deciding (Ch16)","tone","-","quibble","1","1","target-2","target-2","1","experience","1","Ch16","","noise suspect","target-2#103","for once Pathwell would not be the person deciding"
"C595","""She called it evidence"" line (Ch17)","tone","-","quibble","1","1","target-2","target-2","1","experience","1","Ch17","target-2","noise suspect","target-2#107","Elizabeth didn't call that redemption. She called it evidence."
"C598","Section endings say what was just shown (Ch18)","tone","-","quibble","1","1","target-1","target-1","1","experience","1","Ch18","","noise suspect","target-1#113",""
"C636","POV slip into Pathwell's side of the room (Ch11)","voice/repetition","-","quibble","1","1","target-1","target-1","1","experience","1","Ch11","","noise suspect","target-1#065","For half a second, from Pathwell's side of the room, it was simple and ugly"
"C639","Space Between coffee joke reused (Ch13)","voice/repetition","-","quibble","1","1","target-1","target-1","1","experience","1","Ch13","","noise suspect","target-1#078","That's terrible."
"C641","Mama Baga's repeated ""Stop"" (Ch14)","voice/repetition","-","quibble","1","1","target-2","target-2","1","experience","1","Ch14","","noise suspect","target-2#089",""
"C255","Book lets us into Pathwell's head and he later explains, resolving the quiet fairly (Ch6,Ch10)","knowledge","+","strong","2","1","target-1","target-1","1","experience","1","Ch6;Ch10","","noise suspect","target-1#004","His own face in the mirror suddenly felt less like evidence than like an accusation."
"C359","Copying the blue notebook, HESS SAYS FOUR payoff (Ch4,Ch17)","promise","+","strong","2","1","target-1","target-1","1","experience","1","Ch4;Ch17","","noise suspect","target-1#104","HESS SAYS FOUR"
"C361","Elizabeth cutting Pathwell free with the foam dagger, payoff of ch5 line (Ch7)","promise","+","strong","2","1","target-2","target-2","1","experience","1","Ch7","","noise suspect","target-2#044","Something opened. Not flesh. A seam."
"C402","Archive rule: donated pages are spent, archive keeps them (Ch4)","rule","+","strong","2","1","target-1","target-1","1","experience","1","Ch4","","noise suspect","target-1#018","Specificity is expensive"
"C404","Mama Baga's rule for how workings fail (Ch14)","rule","+","strong","2","1","target-1","target-1","1","experience","1","Ch14","","noise suspect","target-1#082","The working knows what you mean, not what you wish you meant."
"C434","Elizabeth grows more decisive each time she is told what to do (Ch5,Ch7,Ch8,Ch11)","strength","+","strong","2","1","target-1","target-1","1","experience","1","Ch5;Ch7;Ch8;Ch11","","noise suspect","target-1#119",""
"C441","Keys handed over, passenger seat callback (Ch6)","strength","+","strong","2","1","target-1","target-1","1","experience","1","Ch6","","noise suspect","target-1#032","It's the useful version."
"C442","brothers moving each other's beers and darts (Ch6)","strength","+","strong","2","1","target-2","target-2","1","experience","1","Ch6","","noise suspect","target-2#039","which wasn't the same as ignoring each other"
"C447","Second blob goes after Pathwell, not Elizabeth, flipping chosen-one premise (Ch7)","strength","+","strong","2","1","target-1","target-1","1","experience","1","Ch7","","noise suspect","target-1#039","This one had crossed a parking lot and swallowed him."
"C453","Shade's introduction in the headlights (Ch8)","strength","+","strong","2","1","target-2","target-2","1","experience","1","Ch8","","noise suspect","target-2#050","He was the same height, and near enough the same face that the distance swallowed the differences."
"C460","Diner scene makes Shade a specific person (Ch9)","strength","+","strong","2","1","target-1","target-1","1","experience","1","Ch9","","noise suspect","target-1#049","Try some nouns."
"C474","Wrecked room of loose feelings (Ch11)","strength","+","strong","2","1","target-1","target-1","1","experience","1","Ch11","","noise suspect","target-1#063","Someone needed eggs"
"C496","Milo's sock finally stays up (Ch15)","strength","+","strong","2","1","target-1","target-1","1","experience","1","Ch15","","noise suspect","target-1#089","His sock had finally stayed up. Elizabeth hated that detail immediately."
"C292","Elizabeth follows Pathwell for her own reasons (Ch4)","motivation","+","mild","1","1","target-1","target-1","1","experience","1","Ch4","","noise suspect","target-1#024","Not because he had her things. He didn't."
"C354","chapter 18 reversal of chapter 1's last exchange (Ch1,Ch18)","promise","+","mild","1","1","target-2","target-2","1","experience","1","Ch1;Ch18","","noise suspect","target-2#113","""Are you ready?"" / ""No."" / ""Perfect."""
"C360","""He lies, you know"" / ""I don't lie"" plant (Ch5)","promise","+","mild","1","1","target-2","target-2","1","experience","1","Ch5","","noise suspect","target-2#033","He lies, you know"
"C362","Elizabeth asking ""Do you want to come?"" (Ch7,Ch18)","promise","+","mild","1","1","target-2","target-2","1","experience","1","Ch7;Ch18","","noise suspect","target-2#116","Do you want to come?"
"C364","Diary in the intake rack pays off at the fire (Ch12,Ch14,Ch15)","promise","+","mild","1","1","target-1","target-1","1","experience","1","Ch12;Ch14;Ch15","","noise suspect","target-1#074",""
"C367","Sequel hook of no one waiting who needed him to fix anything (Ch18)","promise","+","mild","1","1","target-1","target-1","1","experience","1","Ch18","","noise suspect","target-1#111","At least as far as either of them knew."
"C424","terrible coffee that helps (Ch3)","strength","+","mild","1","1","target-2","target-2","1","experience","1","Ch3","","noise suspect","target-2#013","Familiar things are useful."
"C425","blood-god cat and the handcart humor (Ch3)","strength","+","mild","1","1","target-2","target-2","1","experience","1","Ch3","","noise suspect","target-2#014","You've watched me carry things out of here by hand."
"C435","school joke (""lucky guess"") (Ch5)","strength","+","mild","1","1","target-2","target-2","1","experience","1","Ch5","","noise suspect","target-2#024","How'd you know it was an elementary school?"
"C443","the book noticing its own withholding (Ch6,Ch10)","strength","+","mild","1","1","target-2","target-2","1","experience","1","Ch6;Ch10","","noise suspect","target-2#042","Quiet is newer."
"C448","""Anything missing?"" / ""Several dignities."" (Ch7)","strength","+","mild","1","1","target-2","target-2","1","experience","1","Ch7","","noise suspect","target-2#045","Several dignities."
"C449","Pathwell telling her to drive (Ch7)","strength","+","mild","1","1","target-2","target-2","1","experience","1","Ch7","","noise suspect","target-2#046","Not cruel. Worse. Useful."
"C452","Shade's flat refusals (Ch8)","strength","+","mild","1","1","target-1","target-1","1","experience","1","Ch8","","noise suspect","target-1#046","Not in my car. Not you."
"C454","Elizabeth following another man who sounded certain (Ch8)","strength","+","mild","1","1","target-2","target-2","1","experience","1","Ch8","","noise suspect","target-2#052","she was following another man who sounded certain"
"C461","Shade correcting ""We used to—"" (Ch9)","strength","+","mild","1","1","target-2","target-2","1","experience","1","Ch9","","noise suspect","target-2#055","He used to"
"C472","Stansbury copying before anything is spent (Ch10)","strength","+","mild","1","1","target-2","target-2","1","experience","1","Ch10","","noise suspect","target-2#059","It makes the cost mine to approve"
"C473","Ch10 laugh lines (the axle, Bank it) (Ch10)","strength","+","mild","1","1","target-2","target-2","1","experience","1","Ch10","","noise suspect","target-2#060","I have not reached the axle emotionally."
"C475","cannon aimed at the gift shop (Ch11)","strength","+","mild","1","1","target-2","target-2","1","experience","1","Ch11","","noise suspect","target-2#068","History has casualties."
"C482","turnip boy running gag (Ch12)","strength","+","mild","1","1","target-2","target-2","1","experience","1","Ch12","","noise suspect","target-2#077","Are you Pathwell?"" / ""No."" / ""Good."
"C492","Mama Baga's ""better coat"" line (Ch14)","strength","+","mild","1","1","target-2","target-2","1","experience","1","Ch14","","noise suspect","target-2#085","Same arrogance in a better coat."
"C497","Pathwell asks and accepts Stansbury's no (Ch15)","strength","+","mild","1","1","target-1","target-1","1","experience","1","Ch15","","noise suspect","target-1#090","He didn't tell him again."
"C498","Stansbury at the window (Ch15)","strength","+","mild","1","1","target-2","target-2","1","experience","1","Ch15","","noise suspect","target-2#095","You don't need to save everything."
"C507","Pathwell accepts scar treatment limit (Ch16)","strength","+","mild","1","1","target-1","target-1","1","experience","1","Ch16","","noise suspect","target-1#101","All right"
"C508","Ch16 laugh lines (advertisement, Shade's coffee) (Ch16)","strength","+","mild","1","1","target-2","target-2","1","experience","1","Ch16","","noise suspect","target-2#104","I considered asking him to leave on that basis alone."
"C513","copying HESS SAYS FOUR with the uneven capitals (Ch17)","strength","+","mild","1","1","target-2","target-2","1","experience","1","Ch17","","noise suspect","target-2#110","This is not information. This is a family argument preserved as infrastructure."
"C514","Elizabeth's apartment taking time to become hers (Ch17)","strength","+","mild","1","1","target-2","target-2","1","experience","1","Ch17","","noise suspect","target-2#112","Her apartment took longer to become hers than the archive took to become a construction site."
"C517","Elizabeth less frightened of the Space Between (Ch18)","strength","+","mild","1","1","target-1","target-1","1","experience","1","Ch18","","noise suspect","target-1#109","She had become less frightened of not understanding it"
"C518","Ch18 laugh lines (OUT OF ORDER door, geese) (Ch18)","strength","+","mild","1","1","target-2","target-2","1","experience","1","Ch18","","noise suspect","target-2#117","Three weeks is not a character trait."
"C523","Book gives Shade's origin openly and moves to what to do about it (Ch8)","structure","+","mild","1","1","target-1","target-1","1","experience","1","Ch8","","noise suspect","target-1#045","Same ingredients. Different recipe,"
"C524","Cliffhanger seam of light between trees (Ch13)","structure","+","mild","1","1","target-1","target-1","1","experience","1","Ch13","","noise suspect","target-1#080","Elizabeth heard the distant scrape of a shoe on museum wood"
"C543","Cold open: stranger reading her diary, cake line (Ch1)","tone","+","mild","1","1","target-1","target-1","1","experience","1","Ch1","","noise suspect","target-1#001","The cake, somehow, was fine."
"C544","Early banter (Tuesday/Thursday, one-name, paper or plastic) (Ch2,Ch3)","tone","+","mild","1","1","target-1","target-1","1","experience","1","Ch2;Ch3","","noise suspect","target-1#009","Just a really weird Tuesday for you."
"C545","second-person aside about the town (Ch5)","tone","+","mild","1","1","target-2","target-2","1","experience","1","Ch5","","noise suspect","target-2#032","You would be forgiven for not stopping in the town"
"C546","Brothers' fish argument and bar banter (Ch6)","tone","+","mild","1","1","target-1","target-1","1","experience","1","Ch6","","noise suspect","target-1#033","What, then, is family for? / Usually this argument."
"C547","Peas and axle banter (Ch10)","tone","+","mild","1","1","target-1","target-1","1","experience","1","Ch10","","noise suspect","target-1#055","Peas. / Is that a diagnosis?"
"C548","Museum banter (Ch11)","tone","+","mild","1","1","target-1","target-1","1","experience","1","Ch11","","noise suspect","target-1#061","He donated the climate-control system after arguing with the board for eleven years."
"C549","Donor permission card joke (Ch12)","tone","+","mild","1","1","target-1","target-1","1","experience","1","Ch12","","noise suspect","target-1#072","DONOR PERMISSION REQUIRED. PATHWELL IS NOT DONOR."
"C550","Milo's foot-purple banter (Ch13)","tone","+","mild","1","1","target-1","target-1","1","experience","1","Ch13","","noise suspect","target-1#076","Your foot is purple."
"C551","Standing-beautifully banter (Ch14)","tone","+","mild","1","1","target-1","target-1","1","experience","1","Ch14","","noise suspect","target-1#083","That's a nautical term."
"C552","Healing banter (Ch16)","tone","+","mild","1","1","target-1","target-1","1","experience","1","Ch16","","noise suspect","target-1#099","Shelves are famous for respecting medical instructions."
"C553","Unreasonable government joke (Ch17)","tone","+","mild","1","1","target-1","target-1","1","experience","1","Ch17","","noise suspect","target-1#106","I have been placed under unreasonable government."
"C554","Phone call restraint comedy (Ch18)","tone","+","mild","1","1","target-1","target-1","1","experience","1","Ch18","","noise suspect","target-1#107","I am trying very hard to have been house-trained by consequences."
