"merge","cluster","title","type","polarity","severity","category_here","other_clusters","category_other","agree"
"A","C140","Who the intruder is and why he reads her diary (Ch1)","confusion","-","quibble","lens-specific","C149","lens-specific","yes"
"A","C002","The blob is never explained and appears as if reader should know it (Ch1-15)","confusion","-","snag","short of convergent","C001;C174","lens-specific;short of convergent","no"
"A","C001","What ""marked"" means and what happens if she stays is unexplained (Ch1-9)","confusion","-","snag","short of convergent","C001","short of convergent","yes"
"A","C141","Why a recipe works as key and why Nana's voice is in the cookbook (Ch1,Ch2,Ch4)","confusion","-","quibble","lens-specific","C150","lens-specific","yes"
"A","C142","Staging of the fight with the blob (Ch1)","confusion","-","snag","lens-specific","C151","lens-specific","yes"
"A","C143","Pathwell's name and why he gives only one (Ch2)","confusion","-","quibble","lens-specific","C152","lens-specific","yes"
"A","C144","Why the shuttered laundromat and park appear (Ch2)","confusion","-","quibble","lens-specific","C153","lens-specific","yes"
"A","C145","Tuesday/Thursday exchange: joke or shifted time (Ch2)","confusion","-","quibble","lens-specific","C154","lens-specific","yes"
"A","C003","""He still has it."" leaves referents of ""he"" and ""it"" unclear (Ch2)","confusion","-","snag","convergent","C002","convergent","yes"
"A","C146","The Space Between never explained or made picturable (Ch3,Ch18)","confusion","-","snag","lens-specific","C155","lens-specific","yes"
"A","C147","Boots the guardian cat and blood god (Ch3)","confusion","-","snag","lens-specific","C156","lens-specific","yes"
"A","C005","Camp Cunnan named without saying what it is (Ch3)","confusion","-","quibble","short of convergent","C004","short of convergent","yes"
"A","C004","Rai Stone / Lydian coins haggling and currency not explained (Ch3)","confusion","-","stopper","convergent","C003","convergent","yes"
"A","C006","Latin binding phrase left untranslated (Ch3)","confusion","-","quibble","short of convergent","C005","short of convergent","yes"
"A","C148","Cost of the binding ritual never named (Ch3)","confusion","-","snag","lens-specific","C157","lens-specific","yes"
"A","C149","Unnamed shopkeeper (""the round man"") (Ch3)","confusion","-","quibble","lens-specific","C158","lens-specific","yes"
"A","C150","Boots, Mama Baga, the archive and the bookshop bill: reader has the words but not why they matter (Ch3,Ch4,Ch5,Ch6)","confusion","-","quibble","lens-specific","C159","lens-specific","yes"
"A","C151","what 'Yours?' refers to (Ch3)","confusion","-","quibble","lens-specific","C160","lens-specific","yes"
"A","C152","untagged 'Aren't you?' (Ch3)","confusion","-","quibble","lens-specific","C161","lens-specific","yes"
"A","C007","Unattributed line ""This wheel is new."" (Ch4)","confusion","-","quibble","short of convergent","C006","short of convergent","yes"
"A","C153","List of Camp's occupants reads as a glossary (Ch4)","confusion","-","snag","lens-specific","C162","lens-specific","yes"
"A","C154","'The working' and 'fresh waste' used as if known, never defined (Ch4,Ch5,Ch10,Ch11)","confusion","-","snag","lens-specific","C163","lens-specific","yes"
"A","C155","What the Archive is for (Ch4)","confusion","-","quibble","lens-specific","C164","lens-specific","yes"
"A","C008","Olan and Hess named with no context (Ch4)","confusion","-","stopper","short of convergent","C007","short of convergent","yes"
"A","C156","Lizzy versus Elizabeth: same woman? (Ch4)","confusion","-","quibble","lens-specific","C165","lens-specific","yes"
"A","C157","untagged 'Stansbury.' at tree line (Ch4)","confusion","-","quibble","lens-specific","C166","lens-specific","yes"
"A","C158","'Newer,' Pathwell amended corrects nothing visible (Ch4)","confusion","-","snag","minority","C167","minority","yes"
"A","C009","Bakhtak mentioned and never explained (Ch5)","confusion","-","quibble","convergent","C008","convergent","yes"
"A","C159","Portal 'to where' answered 'Here' and not followed up (Ch5)","confusion","-","quibble","lens-specific","C168","lens-specific","yes"
"A","C160","'Pruned' / pruning unexplained until Ch10 (Ch5-10)","confusion","-","snag","lens-specific","C169","lens-specific","yes"
"A","C161","'Noodle' used as slang with unclear meaning (Ch5)","confusion","-","quibble","lens-specific","C170","lens-specific","yes"
"A","C162","Whose door it was (""Her door."") (Ch5)","confusion","-","snag","lens-specific","C171","lens-specific","yes"
"A","C163","Ken and Stansbury confused at the school door (Ch5)","confusion","-","quibble","lens-specific","C172","lens-specific","yes"
"A","C164","untagged lines in Stansbury/Pathwell exchange (Ch5)","confusion","-","quibble","lens-specific","C173","lens-specific","yes"
"A","C010","The pull / back-hall tension never defined (Ch6)","confusion","-","snag","short of convergent","C009","short of convergent","yes"
"A","C011","""How much machine she was responsible for"" line is unclear (Ch7)","confusion","-","quibble","convergent","C010","convergent","yes"
"A","C165","""Zero books"" joke lands flat without context (Ch7)","confusion","-","quibble","lens-specific","C175","lens-specific","yes"
"A","C166","Elizabeth's 'Stansbury.' only inferable as speaker (Ch7)","confusion","-","quibble","lens-specific","C176","lens-specific","yes"
"A","C167","stand-alone line repeating the book's first sentence (Ch8,Ch1)","confusion","-","snag","noise suspect","C177","noise suspect","yes"
"A","C012","What Shade is is never stated (Ch8)","confusion","-","snag","short of convergent","C011","short of convergent","yes"
"A","C168","Pathwell/Shade exchange about naming and existing; hard to tell who speaks (Ch8)","confusion","-","snag","lens-specific","C178","lens-specific","yes"
"A","C169","untagged 'Seatbelt.' (Ch8)","confusion","-","quibble","lens-specific","C179","lens-specific","yes"
"A","C170","Stansbury answers 'Bruised' to question put to Elizabeth (Ch8)","confusion","-","quibble","lens-specific","C180","lens-specific","yes"
"A","C171","referent of Stansbury's 'Again?' (Ch8)","confusion","-","quibble","lens-specific","C181","lens-specific","yes"
"A","C172","Prague and Celia memories not tied to anything (Ch9,Ch14)","confusion","-","quibble","lens-specific","C182","lens-specific","yes"
"A","C173","References to events in unread chapters (museum, graffiti threshold, prune, bar) (Ch9,Ch12,Ch15)","confusion","-","quibble","minority","C183","minority","yes"
"A","C013","Stansbury called Leo / big cat with no explanation (Ch10)","confusion","-","snag","convergent","C012","convergent","yes"
"A","C174","'Malformed pruning', 'unclaimed possibility', 'unclaimed waste' named not defined (Ch10,Ch15)","confusion","-","quibble","lens-specific","C184","lens-specific","yes"
"A","C175","How a wall anchors the door ('history') not defined (Ch10)","confusion","-","quibble","lens-specific","C185","lens-specific","yes"
"A","C176","Library magic explanation: lost whose feeling was whose (Ch10)","confusion","-","snag","lens-specific","C186","lens-specific","yes"
"A","C177","Longing paragraph, unclear whose (Ch10)","confusion","-","quibble","lens-specific","C187","lens-specific","yes"
"A","C178","'You know the place?' 'Unfortunately.' speaker ambiguous (Ch10)","confusion","-","quibble","lens-specific","C188","lens-specific","yes"
"A","C179","Transparent plane containment spell described not explained (Ch11)","confusion","-","quibble","lens-specific","C189","lens-specific","yes"
"A","C014","Lost track of who is where in the Ch11 museum blast","confusion","-","snag","short of convergent","C013","short of convergent","yes"
"A","C180","untagged 'I am older than you.' (Ch11)","confusion","-","quibble","lens-specific","C190","lens-specific","yes"
"A","C015","Thumper dropped in as if already introduced (Ch12)","confusion","-","snag","short of convergent","C014","short of convergent","yes"
"A","C181","'Charged' never defined (Ch12,Ch14,Ch16)","confusion","-","quibble","lens-specific","C191","lens-specific","yes"
"A","C182","""Old Pathwell knowledge"" unclear (Ch12)","confusion","-","quibble","lens-specific","C192","lens-specific","yes"
"A","C183","Sock kid versus turnip boy (Ch12)","confusion","-","quibble","lens-specific","C193","lens-specific","yes"
"A","C184","Cookbook on reserve shelf, unclear how it got there (Ch12)","confusion","-","quibble","lens-specific","C194","lens-specific","yes"
"A","C185","Queen of spades as evidence of corruption, meaning unclear (Ch13)","confusion","-","quibble","lens-specific","C195","lens-specific","yes"
"A","C016","Archivist / older woman unnamed and confusable with others (Ch13)","confusion","-","snag","short of convergent","C196;C198","lens-specific","no"
"A","C186","Hearts opening: rules and who is who (Ch13)","confusion","-","quibble","lens-specific","C197","lens-specific","yes"
"A","C187","Climax jargon stacks up and physical action becomes hard to see (Ch14)","confusion","-","snag","lens-specific","C199","lens-specific","yes"
"A","C188","Payment mechanism described a third time, told not shown (Ch14)","confusion","-","quibble","lens-specific","C200","lens-specific","yes"
"A","C189","'Practitioner' appears as Pathwell's title without introduction (Ch14)","confusion","-","quibble","lens-specific","C201","lens-specific","yes"
"A","C190","Cord and ""the connection"" lost (Ch14)","confusion","-","snag","lens-specific","C202","lens-specific","yes"
"A","C191","Possibility-given-a-shape sentence (Ch14)","confusion","-","quibble","lens-specific","C203","lens-specific","yes"
"A","C192","untagged 'Good.' (Ch14)","confusion","-","quibble","lens-specific","C204","lens-specific","yes"
"A","C193","referent of Elizabeth's 'You should do it.' (Ch14)","confusion","-","quibble","lens-specific","C205","lens-specific","yes"
"A","C194","Nothing changing is acceptable to me, unparseable and out of voice (Ch14)","confusion","-","snag","minority","C206","minority","yes"
"A","C195","Voice echoing line (Ch15)","confusion","-","quibble","lens-specific","C207","lens-specific","yes"
"A","C196","Shade's fate unclear; death not felt in the scene (Ch15)","confusion","-","snag","lens-specific","C208","lens-specific","yes"
"A","C197","'That hand was promising.' reader could not place it (Ch15)","confusion","-","quibble","minority","C209","minority","yes"
"A","C198","Pruning shock used as diagnosis without description (Ch16)","confusion","-","quibble","lens-specific","C210","lens-specific","yes"
"A","C199","""Rare morning for those"" joke missed (Ch16)","confusion","-","quibble","lens-specific","C211","lens-specific","yes"
"A","C200","""Pruning?"" ""No."" half lands (Ch16)","confusion","-","quibble","lens-specific","C212","lens-specific","yes"
"A","C201","Older woman in knitted cap versus Mama Baga (Ch16)","confusion","-","quibble","lens-specific","C213","lens-specific","yes"
"A","C202","Stansbury's role as Pathwell's brother lost between sittings (Ch16,Ch18)","confusion","-","quibble","lens-specific","C214","lens-specific","yes"
"A","C203","Museum stacks list of Vales and Bells (Ch17)","confusion","-","snag","lens-specific","C215","lens-specific","yes"
"A","C204","Geese 'remember me' unexplained (Ch18)","confusion","-","quibble","lens-specific","C216","lens-specific","yes"
"A","C205","shopkeeper's lines not tagged (Ch18)","confusion","-","quibble","lens-specific","C217","lens-specific","yes"
"A","C206","pajamas first mentioned in Ch4 (Ch1,Ch2,Ch4)","continuity","-","quibble","lens-specific","C218","lens-specific","yes"
"A","C018","Cookbook asked for in singular but answered in plural (Ch1)","continuity","-","quibble","short of convergent","C017","short of convergent","yes"
"A","C017","Cookbook page count conflicts: two pages used but card says one (Ch1-15)","continuity","-","snag","short of convergent","C015","short of convergent","yes"
"A","C207","whether the flat is marked against Elizabeth or Pathwell, and whether it is cleared (Ch1,Ch4,Ch6,Ch7,Ch17,Ch18)","continuity","-","snag","minority","C016","minority","yes"
"A","C208","unclear whether the recipe page was torn out or consumed (Ch1)","continuity","-","quibble","minority","C219","minority","yes"
"A","C209","Monster named inconsistently (blob, behemoth, ooze) (Ch1)","continuity","-","quibble","minority","C220","minority","yes"
"A","C210","Neighbourhood swapped coffee shop for laundromat, unremarked (Ch2)","continuity","-","quibble","noise suspect","C018","short of convergent","no"
"A","C211","""dropped her books"" when only a cookbook and diary were taken (Ch2)","continuity","-","quibble","noise suspect","C221","noise suspect","yes"
"A","C019","Pathwell's day-of-week answers (Saturday/Thursday vs Friday) contradict and go unacknowledged (Ch2-5)","continuity","-","snag","convergent","C019","convergent","yes"
"A","C212","dumpling count and 'second one' (Ch2)","continuity","-","quibble","lens-specific","C222","lens-specific","yes"
"A","C213","phones appear in Ch18 though Ch2 had none (Ch2,Ch18)","continuity","-","quibble","lens-specific","C223","lens-specific","yes"
"A","C214","Ch18 open laundromat versus Ch2 shuttered one (Ch2,Ch18)","continuity","-","quibble","lens-specific","C018","short of convergent","no"
"A","C215","pocket coins dumped and never picked up (Ch2,Ch9)","continuity","-","quibble","lens-specific","C224","lens-specific","yes"
"A","C216","cat scratch scar on Elizabeth's hand vanishes and moves (Ch3,Ch5,Ch18)","continuity","-","snag","lens-specific","C225","lens-specific","yes"
"A","C217","shopkeeper's offer to send her back first reported in Ch4 (Ch3,Ch4)","continuity","-","quibble","lens-specific","C226","lens-specific","yes"
"A","C218","twine crate loaded by Pathwell not shown (Ch3,Ch4)","continuity","-","quibble","lens-specific","C227","lens-specific","yes"
"A","C219","who carried Elizabeth after she faints (Ch3)","continuity","-","quibble","lens-specific","C228","lens-specific","yes"
"A","C220","folded-paper door never mentioned again (Ch3)","continuity","-","quibble","lens-specific","C229","lens-specific","yes"
"A","C221","scars outside Pathwell's wheelhouse vs his offer to reduce Stansbury's scar (Ch3,Ch16)","continuity","-","snag","minority","C230","minority","yes"
"A","C222","Missing line in the wheel exchange (Ch4)","continuity","-","quibble","noise suspect","C231","noise suspect","yes"
"A","C223","archivist's pen then three pencils then one pencil (Ch4,Ch12,Ch13)","continuity","-","quibble","lens-specific","C232","lens-specific","yes"
"A","C224","Pathwell's coat first mentioned in Ch5 (Ch4,Ch5)","continuity","-","quibble","lens-specific","C233","lens-specific","yes"
"A","C225","Mama Baga's bracelets appear in Ch12 (Ch4,Ch12)","continuity","-","quibble","lens-specific","C234","lens-specific","yes"
"A","C226","Milo's boots first appear in Ch15 (Ch4,Ch12,Ch13,Ch15)","continuity","-","quibble","lens-specific","C235","lens-specific","yes"
"A","C227","landlord replaces the marked door; nobody asks about the mark (Ch4,Ch18)","continuity","-","quibble","minority","C016","minority","yes"
"A","C228","Elizabeth's missed nine o'clock meeting dropped (Ch5)","continuity","-","quibble","noise suspect","C236","noise suspect","yes"
"A","C229","box of foam weapons, no stated end (Ch5,Ch7,Ch10,Ch11)","continuity","-","snag","lens-specific","C237","lens-specific","yes"
"A","C230","museum is daylight while Camp is dark (Ch5,Ch11,Ch12)","continuity","-","snag","lens-specific","C238","lens-specific","yes"
"A","C231","diary's whereabouts untracked (Ch5,Ch9,Ch12)","continuity","-","quibble","lens-specific","C239","lens-specific","yes"
"A","C232","bandana singed though she never closed her fingers on it (Ch5)","continuity","-","quibble","lens-specific","C240","lens-specific","yes"
"A","C233","sky overcast then low sun then open red sky (Ch5,Ch6)","continuity","-","quibble","lens-specific","C241","lens-specific","yes"
"A","C234","brothers both seated on 'her other side' (Ch6)","continuity","-","snag","lens-specific","C242","lens-specific","yes"
"A","C235","Cadillac keys pocketed then in ignition (Ch7,Ch8)","continuity","-","quibble","lens-specific","C243","lens-specific","yes"
"A","C236","Pathwell's coat empty in Ch7, full of hardware in Ch14 (Ch7,Ch14)","continuity","-","quibble","lens-specific","C244","lens-specific","yes"
"A","C237","Pathwell's rib injury with no cause (Ch7,Ch10,Ch11)","continuity","-","quibble","lens-specific","C245","lens-specific","yes"
"A","C238","Line 'It was the crash that woke her' in middle of the wreck (Ch8)","continuity","-","snag","noise suspect","C246","noise suspect","yes"
"A","C239","ditch side vs rear door of the Cadillac (Ch8)","continuity","-","snag","lens-specific","C247","lens-specific","yes"
"A","C021","The wrecked Cadillac / fence is never resolved (Ch8-11)","continuity","-","snag","short of convergent","C020","short of convergent","yes"
"A","C240","Shade's sedan left at the museum lot (Ch8,Ch11)","continuity","-","snag","lens-specific","C020","short of convergent","no"
"A","C241","which shoulder Elizabeth's old bruise and new injury are (Ch8,Ch11)","continuity","-","quibble","lens-specific","C248","lens-specific","yes"
"A","C242","doubled twenty-five minutes (Ch9)","continuity","-","quibble","lens-specific","C249","lens-specific","yes"
"A","C243","Shade's wallet and sedan key unmentioned after coat swap (Ch9,Ch13)","continuity","-","quibble","lens-specific","C250","lens-specific","yes"
"A","C244","van overtaking a walker who faces traffic (Ch10)","continuity","-","snag","lens-specific","C251","lens-specific","yes"
"A","C245","quarantine letter taken while Stansbury upstairs, shown late (Ch10,Ch11)","continuity","-","quibble","lens-specific","C252","lens-specific","yes"
"A","C246","work van described when needed (Ch10)","continuity","-","quibble","lens-specific","C253","lens-specific","yes"
"A","C247","Pathwell's concussion never established (Ch11,Ch17)","continuity","-","quibble","lens-specific","C254","lens-specific","yes"
"A","C020","Thumper's six-toed paw print has no setup (Ch12)","continuity","-","quibble","short of convergent","C021","short of convergent","yes"
"A","C248","Which hand is bandaged, forgotten palm cut (Ch13)","continuity","-","quibble","minority","C255","minority","yes"
"A","C249","archive-door lantern and runner appear when needed (Ch14)","continuity","-","quibble","lens-specific","C256","lens-specific","yes"
"A","C250","Elizabeth's foam dagger after Ch15 (Ch15,Ch16,Ch17,Ch18)","continuity","-","snag","lens-specific","C257","lens-specific","yes"
"A","C251","'no card' versus queen of spades still on table (Ch15)","continuity","-","quibble","lens-specific","C258","lens-specific","yes"
"A","C252","museum's incident record omits Shade's death while Camp records it (Ch16,Ch17)","continuity","-","quibble","minority","C259","minority","yes"
"A","C253","'Shopkeeper' capitalized once (Ch18)","continuity","-","quibble","minority","C260","minority","yes"
"A","C254","Time signals conflict: three weeks and four days vs less than two weeks (Ch18)","continuity","-","quibble","minority","C261","minority","yes"
"A","C255","Book lets us into Pathwell's head and he later explains, resolving the quiet fairly (Ch6,Ch10)","knowledge","+","strong","noise suspect","C262","noise suspect","yes"
"A","C028","Narration goes quiet when Pathwell ""went still"" and knows something (Ch1-6)","knowledge","-","snag","minority","C026","minority","yes"
"A","C256","how Pathwell knew about the cookbook and why he was in her flat (Ch1)","knowledge","-","quibble","minority","C263","minority","yes"
"A","C029","Pathwell calls her ""Lizzy"" before she gave the name (Ch2-3)","knowledge","-","quibble","convergent","C027","convergent","yes"
"A","C257","Pathwell asks for Camp Cunnan supplies and won't say why (Ch3)","knowledge","-","quibble","noise suspect","C264","noise suspect","yes"
"A","C258","Mama Baga knows about the missing front door (Ch4)","knowledge","-","quibble","minority","C265","minority","yes"
"A","C259","Pathwell mirror scene enters his head then stops one sentence short (Ch6)","knowledge","-","snag","noise suspect","C266","noise suspect","yes"
"A","C260","Brothers apologise and still explain nothing (Ch7)","knowledge","-","snag","noise suspect","C267","noise suspect","yes"
"A","C261","Stansbury names the back hall he never saw (Ch7)","knowledge","-","quibble","minority","C268","minority","yes"
"A","C262","reader guessing what Shade is before being told (Ch8)","knowledge","-","quibble","noise suspect","C028","short of convergent","no"
"A","C263","Shade as mysterious man who knows pieces, risk of later exposition (Ch8)","knowledge","-","quibble","minority","C028","short of convergent","no"
"A","C264","Worldbuilding rules (Camp, spill, payment, blobs) taken on characters' word (Ch8-15)","knowledge","-","quibble","minority","C269","minority","yes"
"A","C030","""Ask him what he chose"" deferred by several characters (Ch9)","knowledge","-","quibble","minority","C029","minority","yes"
"A","C265","Stansbury's history with Pathwell and Shade (Ch9)","knowledge","-","quibble","minority","C270","minority","yes"
"A","C266","Could not follow why Shade and Pathwell share a face and a pull (Ch9,Ch12,Ch15)","knowledge","-","snag","minority","C271","minority","yes"
"A","C031","Narrator hindsight flag about Pathwell's fidgeting (Ch14)","knowledge","-","quibble","minority","C030","minority","yes"
"A","C267","Lizzy versus Elizabeth and what it costs Pathwell (Ch14)","knowledge","-","quibble","minority","C272","minority","yes"
"A","C268","Elizabeth lifts shelf with the reduced shoulder (accepted) (Ch12,Ch15)","logic","+","mild","minority","C273","minority","yes"
"A","C269","reason given for not cutting the cord with the dagger (Ch14)","logic","+","mild","minority","C274","minority","yes"
"A","C270","Pathwell takes her diary and nobody remarks on it (Ch1)","logic","-","quibble","noise suspect","C275","noise suspect","yes"
"A","C022","Why the first blob was already at her door before the cookbook was used (Ch1-15)","logic","-","snag","convergent","C022","convergent","yes"
"A","C271","Reader stopped believing the magic was a system, saw it as excuses for choices (Ch1-14)","logic","-","snag","minority","C276","minority","yes"
"A","C272","Elizabeth complies and leaves too fast; reader stopped believing at 'Do you have shoes?' (Ch1)","logic","-","stopper","minority","C277","minority","yes"
"A","C273","Magic arrives with no setup (Ch1)","logic","-","quibble","minority","C278","minority","yes"
"A","C274","shop account at zero but Pathwell's sold potential is not counted (Ch3,Ch18)","logic","-","quibble","minority","C279","minority","yes"
"A","C275","young woman from the wagon saved then gone, later life not covered (Ch4,Ch12)","logic","-","quibble","minority","C280","minority","yes"
"A","C276","nobody tries the dagger on the draw, which may be a binding (Ch5,Ch8,Ch9,Ch13)","logic","-","snag","minority","C281","minority","yes"
"A","C277","Elizabeth's Friday meeting and job: no consequence follows (Ch5,Ch17)","logic","-","quibble","minority","C282","minority","yes"
"A","C278","objection to selling children's unused energy answered in one line (Ch5)","logic","-","quibble","minority","C283","minority","yes"
"A","C279","Pathwell carries no books in his coat, 'it slipped my mind' (Ch7)","logic","-","quibble","minority","C284","minority","yes"
"A","C280","decoy idea for the creature appears only in Ch15, too late (Ch7,Ch15)","logic","-","quibble","minority","C285","minority","yes"
"A","C281","Sedan appears on cue; timing not believed (Ch8)","logic","-","quibble","minority","C286","minority","yes"
"A","C282","Elizabeth walking to a bar twenty minutes away by car (Ch9)","logic","-","snag","noise suspect","C024","short of convergent","no"
"A","C283","night 'started' at the bar, but it started at her apartment (Ch9,Ch10)","logic","-","snag","minority","C024","short of convergent","no"
"A","C284","How a failed working became a person is never understood (Ch10,Ch15)","logic","-","quibble","minority","C287","minority","yes"
"A","C285","Shade grabbing Elizabeth's arm reads as convenient (Ch11)","logic","-","quibble","minority","C288","minority","yes"
"A","C024","Why Pathwell could not or would not scope or cancel the Ch11 working (""I can contain this"")","logic","-","quibble","minority","C023","minority","yes"
"A","C286","Rejoining frame: why brass pins and waxed cord would work (Ch14)","logic","-","quibble","minority","C289","minority","yes"
"A","C287","why the released spillage went into the archive records (Ch14)","logic","-","quibble","minority","C290","minority","yes"
"A","C288","Shade stays within reach of the pins, passive refusal, why not step out of range (Ch14)","logic","-","snag","minority","C291","minority","yes"
"A","C023","Shade's death feels convenient or unneeded (Ch15)","logic","-","stopper","short of convergent","C025","short of convergent","yes"
"A","C289","the draw ends with Shade's death; cost passes to Shade, none further to Pathwell (Ch15)","logic","-","quibble","minority","C292","minority","yes"
"A","C290","Milo's burned boot solved in a line (Ch16,Ch17)","logic","-","quibble","minority","C293","minority","yes"
"A","C291","Pathwell's ribs and temple healed offscreen (Ch18)","logic","-","quibble","minority","C294","minority","yes"
"A","C292","Elizabeth follows Pathwell for her own reasons (Ch4)","motivation","+","mild","noise suspect","C295","noise suspect","yes"
"A","C293","Elizabeth's stated reason for giving the whole book, not just the page (Ch4)","motivation","+","mild","minority","C296","minority","yes"
"A","C294","Pathwell's reason for refusing to lift his hand and let the frame fail (Ch14)","motivation","+","mild","minority","C297","minority","yes"
"A","C295","Elizabeth goes along with a stranger's orders quickly (Ch1)","motivation","-","quibble","minority","C298","minority","yes"
"A","C034","Elizabeth's own want is unclear (Ch1-18)","motivation","-","snag","convergent","C033","convergent","yes"
"A","C296","brothers keep saying ""Not here"" and stalling (Ch5-8)","motivation","-","snag","noise suspect","C299","noise suspect","yes"
"A","C297","Elizabeth gets into Shade's car (Ch8)","motivation","-","snag","noise suspect","C300","noise suspect","yes"
"A","C298","No scene of Shade angry at Pathwell; feeling toward him hard to follow (Ch8-15)","motivation","-","quibble","lens-specific","C301","lens-specific","yes"
"A","C299","Elizabeth walks back alone on a county road at night (Ch9)","motivation","-","snag","noise suspect","C302","noise suspect","yes"
"A","C300","Pathwell as a person before the fall (Ch10,Ch11)","motivation","-","snag","noise suspect","C303","noise suspect","yes"
"A","C032","Pathwell repeats ""I can contain this"" and the same mistake (Ch10-14)","motivation","-","snag","convergent","C031","convergent","yes"
"A","C301","Shade adopting Camp as goal the moment Elizabeth names it (Ch11)","motivation","-","snag","lens-specific","C304","lens-specific","yes"
"A","C302","Pull knocks Shade into Elizabeth so scene goes wrong; hand as plot lever (Ch11)","motivation","-","snag","lens-specific","C305","lens-specific","yes"
"A","C303","Shade shows no reaction to own injury or Elizabeth's broken shoulder (Ch11,Ch12)","motivation","-","snag","lens-specific","C306","lens-specific","yes"
"A","C304","Shade's muted response to the boy's Good about not being Pathwell (Ch12)","motivation","-","snag","lens-specific","C307","lens-specific","yes"
"A","C305","Shift from I want to stay here to walking into blob after one afternoon of wanting (Ch13,Ch15)","motivation","-","snag","lens-specific","C308","lens-specific","yes"
"A","C306","Whatever happens next is yours versus thought I'd be the one carrying it (Ch14,Ch15)","motivation","-","snag","lens-specific","C309","lens-specific","yes"
"A","C033","Shade's reason for volunteering is not stated (Ch15)","motivation","-","snag","short of convergent","C032","short of convergent","yes"
"A","C307","why Pathwell closes the Merritt cookbook and shopkeeper must sit down (Ch18)","motivation","-","snag","minority","C310","minority","yes"
"A","C308","""marked, magically speaking"" exchange repeats its gag (Ch1)","pacing","-","quibble","noise suspect","C311","noise suspect","yes"
"A","C309","Party inventory stalls the crash (Ch1)","pacing","-","snag","lens-specific","C312","lens-specific","yes"
"A","C310","Light-switch aside goes nowhere (Ch1)","pacing","-","quibble","lens-specific","C313","lens-specific","yes"
"A","C311","Sun and rain detail in the baking memory (Ch1)","pacing","-","quibble","lens-specific","C314","lens-specific","yes"
"A","C037","Pathwell's dumpling speech/sermon runs long (Ch2)","pacing","-","quibble","short of convergent","C034","short of convergent","yes"
"A","C312","Landlord, door and dry-cleaning panic list (Ch2)","pacing","-","quibble","lens-specific","C315","lens-specific","yes"
"A","C313","Atmosphere line about the city (Ch2)","pacing","-","quibble","lens-specific","C316","lens-specific","yes"
"A","C314","Rai Stone / Lydian coin haggling aimed at tiny audience (Ch3)","pacing","-","quibble","noise suspect","C317","noise suspect","yes"
"A","C315","Middle of the ritual paragraph (Ch3)","pacing","-","quibble","lens-specific","C318","lens-specific","yes"
"A","C316","Door-closing and ""Pathwell?"" vanishing run feels like stalling (Ch3)","pacing","-","quibble","lens-specific","C319","lens-specific","yes"
"A","C038","Camp roll call of cunning-folk and occupants drags (Ch4)","pacing","-","quibble","convergent","C036","convergent","yes"
"A","C317","Notebook-and-Hess exchange, one more quirky camp bit (Ch4)","pacing","-","quibble","noise suspect","C320","noise suspect","yes"
"A","C318","Wardrobe montage (pajamas to pastel linen) (Ch4)","pacing","-","quibble","minority","C321","minority","yes"
"A","C039","Portal and school-halls wandering runs long (Ch5)","pacing","-","quibble","lens-specific","C035","lens-specific","yes"
"A","C319","Giving-blood sleep simile (Ch5)","pacing","-","quibble","lens-specific","C322","lens-specific","yes"
"A","C320","Narrator's address and paragraph on the crossroads town (Ch5)","pacing","-","stopper","lens-specific","C323","lens-specific","yes"
"A","C321","Bar description opening (Ch6)","pacing","-","quibble","lens-specific","C037","lens-specific","yes"
"A","C322","Mounted fish as decor (Ch6)","pacing","-","quibble","lens-specific","C037","lens-specific","yes"
"A","C323","""What pull?"" asked twice, brothers keep dodging (Ch7)","pacing","-","snag","lens-specific","C324","lens-specific","yes"
"A","C040","""Which prune?"" loop repeated without answer (Ch7-8)","pacing","-","stopper","lens-specific","C038","lens-specific","yes"
"A","C324","Farmer stray thought (Ch8)","pacing","-","quibble","lens-specific","C325","lens-specific","yes"
"A","C325","First car-radio stretch (Ch9)","pacing","-","quibble","noise suspect","C326","noise suspect","yes"
"A","C326","Bacon food beat (Ch9)","pacing","-","quibble","lens-specific","C327","lens-specific","yes"
"A","C327","Three memory attempts before the coffee catches (Ch10)","pacing","-","quibble","noise suspect","C039","short of convergent","no"
"A","C328","Rules speech for the memory working (Ch10)","pacing","-","snag","lens-specific","C039","short of convergent","no"
"A","C329","Slap ""Bank it."" exchange runs long (Ch10)","pacing","-","quibble","lens-specific","C039","short of convergent","no"
"A","C041","Museum furniture-flying destruction is spectacle (Ch11)","pacing","-","snag","short of convergent","C041","short of convergent","yes"
"A","C042","Parking-lot / breakfast banter delays the Ch11 set piece","pacing","-","quibble","short of convergent","C040","short of convergent","yes"
"A","C330","Soldier's poem in the museum (Ch11)","pacing","-","stopper","lens-specific","C042","lens-specific","yes"
"A","C331","Curator's arthritis handwriting aside (Ch11)","pacing","-","quibble","lens-specific","C042","lens-specific","yes"
"A","C332","Middle stew-and-bucket stretch (Ch12)","pacing","-","quibble","noise suspect","C043","short of convergent","no"
"A","C043","Healer exam exchange runs long (Ch12)","pacing","-","quibble","short of convergent","C043","short of convergent","yes"
"A","C333","Predictable ""ready"" exchange (Ch12)","pacing","-","quibble","lens-specific","C043","short of convergent","no"
"A","C334","Camp waking-up image (Ch12)","pacing","-","quibble","lens-specific","C328","lens-specific","yes"
"A","C335","Archive intake paperwork run (Ch12)","pacing","-","snag","lens-specific","C329","lens-specific","yes"
"A","C044","Hearts card game scenes run long (Ch13)","pacing","-","snag","convergent","C044","convergent","yes"
"A","C336","Onion sequence (Ch13)","pacing","-","snag","lens-specific","C330","lens-specific","yes"
"A","C337","Brass pins and hardware banter (Ch14)","pacing","-","quibble","lens-specific","C331","lens-specific","yes"
"A","C338","Mama Baga ""Stop"" section, lines 379-463 (Ch14)","pacing","-","stopper","lens-specific","C332","lens-specific","yes"
"A","C339","""Yes."" / ""No."" exchange repeats the same argument (Ch14)","pacing","-","quibble","lens-specific","C333","lens-specific","yes"
"A","C340","Sentence listing too many objects (Ch14)","pacing","-","quibble","lens-specific","C334","lens-specific","yes"
"A","C341","""Together / separate"" wordless voices (Ch14)","pacing","-","quibble","lens-specific","C335","lens-specific","yes"
"A","C342","Small talk about archivist and Stansbury's sentences (Ch14)","pacing","-","quibble","lens-specific","C336","lens-specific","yes"
"A","C343","Rejoining mechanism explained twice (Ch14)","pacing","-","quibble","minority","C337","minority","yes"
"A","C344","explanation of overlapping signatures (Ch15)","pacing","-","quibble","noise suspect","C338","noise suspect","yes"
"A","C345","Opening sensory list of fragments (Ch15)","pacing","-","quibble","lens-specific","C045","lens-specific","yes"
"A","C346","""Emotional weather"" paragraphs listing fragments (Ch15)","pacing","-","quibble","lens-specific","C045","lens-specific","yes"
"A","C045","Elizabeth's crying list runs one item too long (Ch16)","pacing","-","quibble","short of convergent","C046","short of convergent","yes"
"A","C046","Restitution inventory list could be shorter (Ch16-17)","pacing","-","snag","convergent","C047;C048","convergent","yes"
"A","C047","Restitution scenes repeat across Ch16-17","pacing","-","stopper","short of convergent","C047","convergent","no"
"A","C347","Chapter 17 repeats one joke: he wants to improve it, is told no, complies (Ch17)","pacing","-","snag","noise suspect","C048","convergent","no"
"A","C348","Aftermath montage slower; first-week rack and cabinet comedy and Hearts epilogue repeat Ch13 joke (Ch17)","pacing","-","quibble","lens-specific","C048","convergent","no"
"A","C349","Elizabeth's apartment paragraph (Ch17)","pacing","-","quibble","lens-specific","C339","lens-specific","yes"
"A","C350","Third recap of the arc in one chapter (Ch17)","pacing","-","quibble","lens-specific","C048","convergent","no"
"A","C351","Postcards, field guide, blue-string letters list (Ch18)","pacing","-","quibble","noise suspect","C340","noise suspect","yes"
"A","C048","Five-routes exchange runs long (Ch18)","pacing","-","snag","short of convergent","C049;C050","lens-specific;short of convergent","no"
"A","C352","Second door-and-wagon exchange (Ch18)","pacing","-","quibble","lens-specific","C050","lens-specific","yes"
"A","C353","Shelves of other people's feelings (Ch18)","pacing","-","quibble","lens-specific","C341","lens-specific","yes"
"A","C354","chapter 18 reversal of chapter 1's last exchange (Ch1,Ch18)","promise","+","mild","noise suspect","C342","noise suspect","yes"
"A","C355","Cake survives: understatement joke pays off the party detail (Ch1)","promise","+","strong","minority","C343","minority","yes"
"A","C356","""He still has it"" as a hook (Ch2)","promise","+","mild","minority","C344","minority","yes"
"A","C357","Spoon callback pays off the mixing spoon from Ch2 (Ch2,Ch12)","promise","+","strong","minority","C345","minority","yes"
"A","C358","Missing cookbook page as a hook (Ch3)","promise","+","strong","minority","C346","minority","yes"
"A","C359","Copying the blue notebook, HESS SAYS FOUR payoff (Ch4,Ch17)","promise","+","strong","noise suspect","C347","noise suspect","yes"
"A","C360","""He lies, you know"" / ""I don't lie"" plant (Ch5)","promise","+","mild","noise suspect","C348","noise suspect","yes"
"A","C361","Elizabeth cutting Pathwell free with the foam dagger, payoff of ch5 line (Ch7)","promise","+","strong","noise suspect","C349","noise suspect","yes"
"A","C362","Elizabeth asking ""Do you want to come?"" (Ch7,Ch18)","promise","+","mild","noise suspect","C350","noise suspect","yes"
"A","C363","""Ask him what he chose"" gives a thing to hold (Ch9)","promise","+","strong","minority","C351","minority","yes"
"A","C364","Diary in the intake rack pays off at the fire (Ch12,Ch14,Ch15)","promise","+","mild","noise suspect","C352","noise suspect","yes"
"A","C365","""Pathwell still wasn't there"" as hook (Ch12)","promise","+","mild","minority","C353","minority","yes"
"A","C056","Ch13 ends on the threshold opening as a hook","promise","+","mild","short of convergent","C146","short of convergent","yes"
"A","C366","Milo shouting inside the fire as ending hook (Ch14)","promise","+","strong","minority","C354","minority","yes"
"A","C367","Sequel hook of no one waiting who needed him to fix anything (Ch18)","promise","+","mild","noise suspect","C355","noise suspect","yes"
"A","C049","The apartment building and Elizabeth's ordinary life vanish after Ch1-2","promise","-","snag","minority","C052","minority","yes"
"A","C050","Why Pathwell and the blob came to Elizabeth's flat / whose door it was is never answered (Ch1-17)","promise","-","snag","convergent","C051","convergent","yes"
"A","C368","the page left behind when she snatches the book (Ch1)","promise","-","quibble","minority","C356","minority","yes"
"A","C369","man goes still at the hall, never explained (Ch1)","promise","-","quibble","minority","C357","minority","yes"
"A","C370","'You really don't know?' and whether Elizabeth has any power of her own (Ch1,Ch2,Ch4)","promise","-","snag","lens-specific","C358","lens-specific","yes"
"A","C371","Cookbook promised but almost no food or cooking on the page (Ch1,Ch4)","promise","-","snag","minority","C359","minority","yes"
"A","C372","shadow in Elizabeth's apartment window (Ch2)","promise","-","snag","minority","C360","minority","yes"
"A","C373","neighborhood changed (coffee shop became laundromat) never explained (Ch2,Ch18)","promise","-","quibble","lens-specific","C361","lens-specific","yes"
"A","C374","Nana's spoon set up as a hook and then dropped (Ch2,Ch12,Ch17)","promise","-","quibble","lens-specific","C362","lens-specific","yes"
"A","C375","Stray names left unexplained (Boots joke dropped, Bakhtak, Thumper) (Ch3,Ch5,Ch12,Ch18)","promise","-","quibble","noise suspect","C363","noise suspect","yes"
"A","C051","Pathwell's promise to answer all her questions is never kept (Ch3)","promise","-","snag","short of convergent","C053","short of convergent","yes"
"A","C376","What the cookbook was for and how it links to the door (Ch3,Ch4,Ch6,Ch7,Ch14)","promise","-","snag","minority","C364","minority","yes"
"A","C377","lavender-scented loose page that drifts out (Ch3)","promise","-","snag","minority","C365","minority","yes"
"A","C052","The cookbook gets heavier despite spent pages, never explained (Ch3-4)","promise","-","quibble","short of convergent","C054","short of convergent","yes"
"A","C378","Rai Stone and thirty Lydian coins dangled (Ch3)","promise","-","quibble","minority","C366","minority","yes"
"A","C379","what the tome bought in Ch3 is never said (Ch3)","promise","-","snag","lens-specific","C367","lens-specific","yes"
"A","C380","origin of the cleanup creatures never explained (Ch5)","promise","-","quibble","noise suspect","C368","noise suspect","yes"
"A","C053","Who asked Pathwell for help and what the problem was is never said (Ch5-18)","promise","-","snag","convergent","C057","convergent","yes"
"A","C381","Saturday versus Friday mismatch never explained (Ch5)","promise","-","quibble","minority","C369","minority","yes"
"A","C382","Elizabeth's missed nine o'clock meeting, no consequence (Ch5,Ch17)","promise","-","snag","minority","C370","minority","yes"
"A","C383","school closet door locks behind her, not revisited (Ch5)","promise","-","quibble","minority","C371","minority","yes"
"A","C384","Selling children's work question raised then left to banter (Ch5)","promise","-","snag","minority","C372","minority","yes"
"A","C385","Mint thud hook dropped immediately (Ch6)","promise","-","quibble","minority","C373","minority","yes"
"A","C054","The mirror, wrong reflection and the pull are never explained (Ch6-8)","promise","-","snag","short of convergent","C055","short of convergent","yes"
"A","C055","Bartender seems to act before his hand moves, then dropped (Ch6)","promise","-","quibble","short of convergent","C056","short of convergent","yes"
"A","C386","Elizabeth's mother mentioned once and dropped (Ch6)","promise","-","quibble","minority","C374","minority","yes"
"A","C387","'Which prune?' asked and answer withheld until Ch10 (Ch7-10)","promise","-","snag","minority","C375","minority","yes"
"A","C388","Space Between never explained (Ch7,Ch8,Ch18)","promise","-","snag","minority","C376","minority","yes"
"A","C389","how many creatures there are and where they come from ('That one is gone') (Ch7)","promise","-","quibble","lens-specific","C377","lens-specific","yes"
"A","C390","what Shade became and whether a taken piece is dead, absorbed or returned (Ch8,Ch10,Ch15,Ch16)","promise","-","snag","lens-specific","C378","lens-specific","yes"
"A","C391","Shade gets too little time and no scene of his own before he is taken (Ch8,Ch9,Ch13,Ch14,Ch15)","promise","-","snag","minority","C379","minority","yes"
"A","C392","Celia and the pears never return (Ch9,Ch11,Ch14,Ch17,Ch18)","promise","-","snag","minority","C380","minority","yes"
"A","C393","What Pathwell chose / the prune, never explained (Ch9)","promise","-","quibble","lens-specific","C381","lens-specific","yes"
"A","C394","third scrap of paper Stansbury brings down (Ch10)","promise","-","quibble","minority","C382","minority","yes"
"A","C395","Fate of the young woman from the wagon accident not confirmed (Ch12)","promise","-","quibble","minority","C383","minority","yes"
"A","C396","Nana's funeral page Elizabeth cannot finish (Ch12)","promise","-","quibble","minority","C384","minority","yes"
"A","C397","queen of spades token: power never shown (Ch13,Ch15)","promise","-","quibble","lens-specific","C385","lens-specific","yes"
"A","C398","Foam dagger raised and never used (Ch14,Ch15)","promise","-","quibble","minority","C386","minority","yes"
"A","C399","Pathwell's unheard whisper (Ch15)","promise","-","snag","minority","C387","minority","yes"
"A","C400","museum obligations stay separate and are never settled (Ch16)","promise","-","quibble","lens-specific","C388","lens-specific","yes"
"A","C401","Scar-removal thread set up and left open (Ch16)","promise","-","quibble","minority","C389","minority","yes"
"A","C402","Archive rule: donated pages are spent, archive keeps them (Ch4)","rule","+","strong","noise suspect","C390","noise suspect","yes"
"A","C403","copy rule closes the door on searching with a copy: rule, not character, blocks the move (Ch10)","rule","+","mild","lens-specific","C391","lens-specific","yes"
"A","C404","Mama Baga's rule for how workings fail (Ch14)","rule","+","strong","noise suspect","C392","noise suspect","yes"
"A","C035","No plain account of the magic's terms and rules (Ch1-18)","rule","-","snag","short of convergent","C058","convergent","no"
"A","C405","Grandmother's voice in the cookbook given only a rule, no reason (Ch1)","rule","-","quibble","minority","C393","minority","yes"
"A","C406","whether potential is one resource or two (what may be, future possibility, children's work) (Ch3,Ch5,Ch10,Ch18)","rule","-","snag","lens-specific","C394","lens-specific","yes"
"A","C407","why bad familiar coffee steadies people, rule never stated (Ch3,Ch9,Ch13,Ch18)","rule","-","quibble","lens-specific","C395","lens-specific","yes"
"A","C408","Magic's cost at scale never stated beyond 'paid in pieces of you' (Ch3,Ch5,Ch18)","rule","-","snag","minority","C058","convergent","no"
"A","C409","Cookbook page rule (spent not burned) shown but not stated (Ch4)","rule","-","quibble","lens-specific","C396","lens-specific","yes"
"A","C410","'fresh waste' is never defined (Ch4)","rule","-","quibble","lens-specific","C397","lens-specific","yes"
"A","C036","Waste-creature rule ""unpleasant rather than murderous"" dropped when inconvenient (Ch5,Ch15)","rule","-","snag","short of convergent","C060","short of convergent","yes"
"A","C411","dagger 'designed not to' cut people, untested on a bound person; missed move in Ch14 (Ch5,Ch7,Ch14)","rule","-","snag","lens-specific","C059","lens-specific","yes"
"A","C412","foam sword rule overpromises (does not stop the creature) (Ch5,Ch7)","rule","-","quibble","lens-specific","C398","lens-specific","yes"
"A","C413","Nature of the draw (magic, flaw, or deliberate) unclear (Ch8,Ch14)","rule","-","quibble","minority","C399","minority","yes"
"A","C414","the pull opens a threshold without a route mark when the plot needs it (Ch10,Ch11,Ch13)","rule","-","snag","lens-specific","C400","lens-specific","yes"
"A","C415","inherited-debt joke never confirmed as a rule (Ch18)","rule","-","quibble","lens-specific","C401","lens-specific","yes"
"A","C058","Cookbook as spell: ""Don't think. What's your favorite recipe?"" (Ch1)","strength","+","strong","short of convergent","C062;C402","noise suspect;short of convergent","no"
"A","C057","Opening image of a stranger reading her diary like a magazine (Ch1)","strength","+","strong","convergent","C061;C403","minority;short of convergent","no"
"A","C416","Opening line (Ch1)","strength","+","mild","minority","C404","minority","yes"
"A","C059","Low-tide smell image and motif (Ch1,Ch15)","strength","+","mild","short of convergent","C063","short of convergent","yes"
"A","C417","The cake being fine (Ch1)","strength","+","mild","minority","C405","minority","yes"
"A","C418","""Ready?"" ""No."" ""Perfect."" chapter endings (Ch1,Ch18)","strength","+","strong","minority","C406","minority","yes"
"A","C419","Party paragraph: cheese cubes, cake saying ELIZ, banner (Ch1)","strength","+","strong","minority","C407","minority","yes"
"A","C420","Elizabeth's frightened, uncertain voice in Ch1 before she picks up the style (Ch1)","strength","+","mild","minority","C408","minority","yes"
"A","C060","Dry-cleaning ticket blowing into the gutter (Ch2,Ch17)","strength","+","strong","short of convergent","C064","short of convergent","yes"
"A","C061","Tuesday/Thursday exchange (Ch2)","strength","+","mild","short of convergent","C067","short of convergent","yes"
"A","C062","Elizabeth's life packed into garbage bags (Ch2)","strength","+","strong","short of convergent","C065","short of convergent","yes"
"A","C063","Street changed: coffee shop gone, park that shouldn't be there (Ch2)","strength","+","strong","convergent","C066","convergent","yes"
"A","C421","Elizabeth's concrete grief and small real irritations (door, dry-cleaning ticket) (Ch2)","strength","+","strong","minority","C409","minority","yes"
"A","C422","""Replaceable."" (Ch2)","strength","+","mild","minority","C410","minority","yes"
"A","C423","Pathwell refusing a last name (Ch2)","strength","+","mild","minority","C411","minority","yes"
"A","C064","Bookshop of kept lives, ""Not books - lives"" (Ch3)","strength","+","strong","convergent","C068","convergent","yes"
"A","C065","Aisle where Elizabeth catches others' feelings and panic attack (Ch3)","strength","+","strong","short of convergent","C069","short of convergent","yes"
"A","C066","Bookshop payment scene: Pathwell sells his potential, real cost (Ch3)","strength","+","strong","convergent","C070;C071;C072","lens-specific;minority;short of convergent","no"
"A","C424","terrible coffee that helps (Ch3)","strength","+","mild","noise suspect","C412","noise suspect","yes"
"A","C425","blood-god cat and the handcart humor (Ch3)","strength","+","mild","noise suspect","C413","noise suspect","yes"
"A","C426","""Don't make anything of that."" (Ch3)","strength","+","mild","minority","C414","minority","yes"
"A","C067","Costs of magic are real and carried through the book (Ch3-16)","strength","+","strong","short of convergent","C072;C415;C468","minority;noise suspect","no"
"A","C068","Elizabeth gives up the whole cookbook for one page (Ch4)","strength","+","strong","convergent","C073","convergent","yes"
"A","C072","Camp as a place of repair (Ch4)","strength","+","mild","short of convergent","C076","short of convergent","yes"
"A","C071","""Specificity is expensive"" and the archive that keeps rather than hoards (Ch4)","strength","+","strong","short of convergent","C075","short of convergent","yes"
"A","C073","Archive humor: Hess still arguing, dead twenty-two years (Ch4)","strength","+","strong","short of convergent","C416;C424","minority;noise suspect","no"
"A","C427","Healer, Mama Baga and archivist are people the reader can stand near (Ch4)","strength","+","mild","minority","C417","minority","yes"
"A","C069","Nana's marginal note ""MORE IF THEY'RE SICK"" (Ch4)","strength","+","strong","short of convergent","C073;C077","convergent;short of convergent","no"
"A","C428","Nana's voice: soup as an argument (Ch4)","strength","+","mild","minority","C418","minority","yes"
"A","C070","Cookbook/diary given up then burned with consequences (Ch4-15)","strength","+","strong","short of convergent","C074","short of convergent","yes"
"A","C429","'Not X. Y.' and fragment runs that earn their place (Ch4,Ch15)","strength","+","strong","minority","C419","minority","yes"
"A","C430","Empty-hand-after-giving image passes from person to person (Ch4,Ch12,Ch15,Ch18)","strength","+","mild","minority","C420","minority","yes"
"A","C431","Chicken-and-dumplings scene and Nana memory (Ch4)","strength","+","strong","minority","C421","minority","yes"
"A","C074","Merritt cookbook marginalia ""RUTH LIED ABOUT THE LARD"" (Ch4,Ch18)","strength","+","strong","convergent","C077;C127","convergent;short of convergent","no"
"A","C432","Pathwell performing in Ch4 sounds most like himself (Ch4)","strength","+","strong","minority","C422","minority","yes"
"A","C433","Children and Milo have voices the adults' rhythm doesn't touch (Ch4,Ch15)","strength","+","strong","minority","C423","minority","yes"
"A","C076","Mrs. Pathwell / ""I'm the missus"" school bit (Ch5)","strength","+","strong","short of convergent","C078","short of convergent","yes"
"A","C077","Stansbury correcting Pathwell's dramatic version (Ch5)","strength","+","strong","short of convergent","C079","short of convergent","yes"
"A","C078","Foam-noodle sword set piece (Ch5)","strength","+","mild","lens-specific","C080","lens-specific","yes"
"A","C080","Elizabeth compares Stansbury's trade to Pathwell's potential sale (Ch5)","strength","+","mild","lens-specific","C081","short of convergent","no"
"A","C434","Elizabeth grows more decisive each time she is told what to do (Ch5,Ch7,Ch8,Ch11)","strength","+","strong","noise suspect","C425","noise suspect","yes"
"A","C435","school joke (""lucky guess"") (Ch5)","strength","+","mild","noise suspect","C078","short of convergent","no"
"A","C079","Stansbury turns children's schoolwork into weapons, his moral argument (Ch5)","strength","+","strong","short of convergent","C081","short of convergent","yes"
"A","C436","Stansbury gives first real definition of waste and failed workings (Ch5)","strength","+","mild","minority","C082","short of convergent","no"
"A","C437","""Run out of ways to say I don't know"" joke (Ch5)","strength","+","mild","minority","C426","minority","yes"
"A","C438","School scene and car ride move quickly (Ch5)","strength","+","mild","minority","C427","minority","yes"
"A","C439","Waste-creature rule stated plainly and later followed through (Ch5,Ch15)","strength","+","strong","minority","C082","short of convergent","no"
"A","C440","'Her door.' / 'Was it?' hook (Ch5)","strength","+","mild","minority","C428","minority","yes"
"A","C081","Dagger set up in Ch5 and used on the stated line ""Not flesh. A seam."" (Ch5,Ch7)","strength","+","strong","short of convergent","C083","short of convergent","yes"
"A","C441","Keys handed over, passenger seat callback (Ch6)","strength","+","strong","noise suspect","C429","noise suspect","yes"
"A","C082","Brothers' fish argument (Ch6)","strength","+","strong","short of convergent","C084","short of convergent","yes"
"A","C442","brothers moving each other's beers and darts (Ch6)","strength","+","strong","noise suspect","C084","short of convergent","no"
"A","C085","Chapter-end sting ""Wet. Heavy."" echoing Ch1 (Ch6)","strength","+","strong","convergent","C085","convergent","yes"
"A","C443","the book noticing its own withholding (Ch6,Ch10)","strength","+","mild","noise suspect","C430","noise suspect","yes"
"A","C084","""Points in an unpleasant direction"" / ""Mine."" (Ch6)","strength","+","strong","short of convergent","C431;C433","minority","no"
"A","C444","Reflection joke (Ch6)","strength","+","mild","minority","C086","short of convergent","no"
"A","C083","Back-hall mirror: his face as accusation (Ch6)","strength","+","strong","short of convergent","C086","short of convergent","yes"
"A","C445","Tab joke (Ch6)","strength","+","mild","minority","C432","minority","yes"
"A","C446","Reveal that it came for him; Elizabeth lets him have it (Ch6)","strength","+","mild","minority","C434","minority","yes"
"A","C086","Elizabeth's car speech about being the driver while no one explains (Ch7)","strength","+","strong","convergent","C087","convergent","yes"
"A","C447","Second blob goes after Pathwell, not Elizabeth, flipping chosen-one premise (Ch7)","strength","+","strong","noise suspect","C435","noise suspect","yes"
"A","C448","""Anything missing?"" / ""Several dignities."" (Ch7)","strength","+","mild","noise suspect","C436","noise suspect","yes"
"A","C449","Pathwell telling her to drive (Ch7)","strength","+","mild","noise suspect","C437","noise suspect","yes"
"A","C450","Elizabeth makes her first choice against the brothers (Ch7)","strength","+","strong","minority","C438","minority","yes"
"A","C451","Quick parking-lot fight and car-driving hook (Ch7)","strength","+","mild","minority","C439","minority","yes"
"A","C087","Elizabeth crashes the Cadillac on purpose (Ch8)","strength","+","strong","convergent","C088;C443","convergent;minority","no"
"A","C452","Shade's flat refusals (Ch8)","strength","+","mild","noise suspect","C440","noise suspect","yes"
"A","C453","Shade's introduction in the headlights (Ch8)","strength","+","strong","noise suspect","C441","noise suspect","yes"
"A","C454","Elizabeth following another man who sounded certain (Ch8)","strength","+","mild","noise suspect","C442","noise suspect","yes"
"A","C088","Shade as inherited-memory idea: ""Same ingredients. Different recipe."" (Ch8)","strength","+","strong","convergent","C089;C450","minority;short of convergent","no"
"A","C455","""Got her name right"" line (Ch8)","strength","+","strong","minority","C444","minority","yes"
"A","C456","Ending line about the accident (Ch8)","strength","+","mild","minority","C445","minority","yes"
"A","C091","Shade's right-hand motif (Ch8-9)","strength","+","strong","short of convergent","C093;C446","minority","no"
"A","C457","Shade wanting coffee as first fully believed line (Ch8)","strength","+","mild","minority","C447","minority","yes"
"A","C458","Shade's flat dry voice, distinct from Pathwell (Ch8,Ch9,Ch11-15)","strength","+","strong","minority","C448","minority","yes"
"A","C459","Book's subject: care versus control, deciding for others (Ch8-15)","strength","+","mild","minority","C449","minority","yes"
"A","C460","Diner scene makes Shade a specific person (Ch9)","strength","+","strong","noise suspect","C092","short of convergent","no"
"A","C089","""You were never the point"" refuses the chosen-one move (Ch9)","strength","+","strong","convergent","C090","convergent","yes"
"A","C090","Shade's list of borrowed memories (Ch9)","strength","+","strong","short of convergent","C091","short of convergent","yes"
"A","C461","Shade correcting ""We used to—"" (Ch9)","strength","+","mild","noise suspect","C451","noise suspect","yes"
"A","C462","Elizabeth asks the questions herself in the diner (Ch9)","strength","+","strong","minority","C452","minority","yes"
"A","C463","Shade on certainty, the book's first moral idea about Pathwell's wrong (Ch9)","strength","+","strong","minority","C453","minority","yes"
"A","C464","Carrying pieces of an answer line (Ch9)","strength","+","strong","minority","C454","minority","yes"
"A","C465","""Don't make that sentence larger"" (Ch9)","strength","+","mild","minority","C455","minority","yes"
"A","C466","Shade policing line between own mind and handed memories (Ch9)","strength","+","strong","minority","C091","short of convergent","no"
"A","C467","Running gag about meeting on the road twenty-five minutes ago (Ch9)","strength","+","mild","minority","C456","minority","yes"
"A","C468","Shade admitting Elizabeth is partly leverage (Ch9)","strength","+","mild","minority","C457","minority","yes"
"A","C469","Shade's small physical habits in the car and diner (Ch9)","strength","+","mild","minority","C092","short of convergent","no"
"A","C470","Pathwell would have done that. Probably. (Ch9)","strength","+","mild","minority","C458","minority","yes"
"A","C471","Shade's voice in the diner, hesitating and self-correcting (Ch9)","strength","+","mild","minority","C092","short of convergent","no"
"A","C092","Pathwell's confession in the van that his choice produced the failure (Ch10)","strength","+","strong","convergent","C094","convergent","yes"
"A","C094","Unsent letter spent to find her; grocery lists as route-finder (Ch10)","strength","+","strong","convergent","C096;C461","convergent;minority","no"
"A","C472","Stansbury copying before anything is spent (Ch10)","strength","+","mild","noise suspect","C459","noise suspect","yes"
"A","C473","Ch10 laugh lines (the axle, Bank it) (Ch10)","strength","+","mild","noise suspect","C460","noise suspect","yes"
"A","C093","Elizabeth refuses to be the excuse in the van (Ch10)","strength","+","strong","short of convergent","C094;C095","convergent;short of convergent","no"
"A","C095","Museum accession cards and Sam's eggs (Ch11)","strength","+","strong","convergent","C097;C464","convergent;noise suspect","no"
"A","C098","Pathwell says ""All right"" then does it anyway; book doesn't let him off (Ch11)","strength","+","strong","lens-specific","C462;C465","noise suspect","no"
"A","C474","Wrecked room of loose feelings (Ch11)","strength","+","strong","noise suspect","C463","noise suspect","yes"
"A","C097","Elizabeth chooses Camp: ""I'm still choosing it."" (Ch11)","strength","+","mild","short of convergent","C098;C467","noise suspect;short of convergent","no"
"A","C099","Elizabeth's broken shoulder as a real cost carried to the end (Ch11-17)","strength","+","strong","short of convergent","C100","short of convergent","yes"
"A","C475","cannon aimed at the gift shop (Ch11)","strength","+","mild","noise suspect","C466","noise suspect","yes"
"A","C476","Shade's hand trying to turn toward Pathwell (Ch11)","strength","+","mild","minority","C469","minority","yes"
"A","C477","""She banned me twice."" (Ch11)","strength","+","mild","minority","C470","minority","yes"
"A","C100","""I did that."" / ""Yes."" after the museum destruction (Ch11)","strength","+","strong","short of convergent","C099","short of convergent","yes"
"A","C096","Curator refuses substitution for lost Vale letters (Ch11,Ch17)","strength","+","strong","short of convergent","C471;C517","minority","no"
"A","C478","Shade stepping on squeaky floorboard on purpose (Ch11)","strength","+","strong","minority","C472","minority","yes"
"A","C479","Shade saying only Sorry after grabbing Elizabeth's arm, no accusing Pathwell (Ch11)","strength","+","mild","minority","C473","minority","yes"
"A","C480","Breakfast exchange between Shade and Pathwell (Ch11)","strength","+","mild","minority","C474","minority","yes"
"A","C481","'That's what you said at the museum' catches the hero (Ch11,Ch14)","strength","+","strong","minority","C475","minority","yes"
"A","C101","Healer asks permission before resetting the shoulder (Ch12)","strength","+","strong","convergent","C101;C481","lens-specific;minority","no"
"A","C103","Diary to-do list and Nana's spoon checklist (Ch12)","strength","+","strong","short of convergent","C103","short of convergent","yes"
"A","C102","Donor card: ""PATHWELL IS NOT DONOR"" (Ch12)","strength","+","strong","convergent","C102","convergent","yes"
"A","C482","turnip boy running gag (Ch12)","strength","+","mild","noise suspect","C476","noise suspect","yes"
"A","C483","""Efficient system"" and paperwork line (Ch12)","strength","+","mild","minority","C477","minority","yes"
"A","C484","Shade's humiliation and dropped spoon humanise him (Ch12)","strength","+","mild","minority","C478","minority","yes"
"A","C485","Healer's 'Good.' / 'I disagree with your use of the word.' (Ch12)","strength","+","mild","minority","C479","minority","yes"
"A","C486","Museums as injury category joke (Ch12)","strength","+","mild","minority","C480","minority","yes"
"A","C487","Diary handover: she could take it back and does not (Ch12)","strength","+","strong","minority","C482","minority","yes"
"A","C104","Camp people keep asking Shade what he wants (Ch13)","strength","+","strong","short of convergent","C104","short of convergent","yes"
"A","C105","Shade's coffee exchange echoing Pathwell (Ch13)","strength","+","strong","short of convergent","C105","short of convergent","yes"
"A","C106","Milo compares Shade to Pathwell (Ch13)","strength","+","strong","short of convergent","C106","short of convergent","yes"
"A","C107","Queen of spades laid early and paid late (Ch13-17)","strength","+","strong","short of convergent","C483;C484;C486;C513","minority;noise suspect","no"
"A","C108","Hearts game: Shade becomes a person, ""I don't know what I am here"" (Ch13)","strength","+","strong","short of convergent","C107","short of convergent","yes"
"A","C488","Shade states a want for the first time (Ch13)","strength","+","strong","minority","C485","minority","yes"
"A","C489","Shade's borrowed knowledge shown through hesitating hands (Ch13)","strength","+","mild","minority","C107","short of convergent","no"
"A","C490","Mama Baga's blunt line (Ch13)","strength","+","mild","minority","C487","minority","yes"
"A","C491","Threshold opens mid card game (Ch13)","strength","+","mild","minority","C488","minority","yes"
"A","C110","Shade refuses to be the rejoining anchor (Ch14)","strength","+","strong","short of convergent","C108;C109","short of convergent","yes"
"A","C112","Archive burning: records and human impressions breaking loose (Ch14)","strength","+","strong","convergent","C111","convergent","yes"
"A","C109","Stansbury's speech on responsibility (Ch14)","strength","+","strong","convergent","C110","convergent","yes"
"A","C492","Mama Baga's ""better coat"" line (Ch14)","strength","+","mild","noise suspect","C489","noise suspect","yes"
"A","C117","Shade's closing beats: ""I was winning"" / ""Corrupt institution"" (Ch14-15)","strength","+","strong","short of convergent","C112","short of convergent","yes"
"A","C493","Stakes finally visible: child trapped, archive burning, diary and cookbook in smoke (Ch14)","strength","+","mild","minority","C490","minority","yes"
"A","C111","Mama Baga states how the rejoining working fails (Ch14)","strength","+","strong","short of convergent","C491;C494","minority","no"
"A","C494","Shade defending Stansbury's pride (Ch14)","strength","+","strong","minority","C492","minority","yes"
"A","C495","Shade asking the question the book circles (Ch14)","strength","+","strong","minority","C493","minority","yes"
"A","C113","Fire takes diary and cookbook: ""No spell. No sacrifice."" (Ch15)","strength","+","strong","convergent","C115;C116","convergent;short of convergent","no"
"A","C496","Milo's sock finally stays up (Ch15)","strength","+","strong","noise suspect","C495","noise suspect","yes"
"A","C497","Pathwell asks and accepts Stansbury's no (Ch15)","strength","+","mild","noise suspect","C496","noise suspect","yes"
"A","C114","Shade walks into the blob: ""You still owe me a hand."" (Ch15-16)","strength","+","strong","short of convergent","C113;C505","noise suspect;short of convergent","no"
"A","C115","""Will you stay?"" / ""No."" exchange (Ch15)","strength","+","strong","short of convergent","C114","short of convergent","yes"
"A","C498","Stansbury at the window (Ch15)","strength","+","mild","noise suspect","C497","noise suspect","yes"
"A","C499","Elizabeth's order and moral center of the loss (Ch15)","strength","+","strong","minority","C116","short of convergent","no"
"A","C500","Shelf rescue sequence (Ch15)","strength","+","mild","minority","C116","short of convergent","no"
"A","C501","""Two men react at once"" makes the draw clear (Ch15)","strength","+","mild","minority","C498","minority","yes"
"A","C502","Shade's death is paid and final, nothing returned (Ch15,Ch16,Ch17)","strength","+","strong","minority","C499","minority","yes"
"A","C503","Stansbury's burned hand and permanent scar (Ch15,Ch16,Ch17)","strength","+","strong","minority","C500","minority","yes"
"A","C116","Last line ""Shade did not either."" (Ch15)","strength","+","strong","short of convergent","C117","short of convergent","yes"
"A","C504","First 'I know.' in Ch15 earns itself (Ch15)","strength","+","mild","minority","C501","minority","yes"
"A","C505","Pain-and-humor lines land (Ch15)","strength","+","mild","minority","C502","minority","yes"
"A","C506","Aphorism about a morning lands (Ch15)","strength","+","mild","minority","C503","minority","yes"
"A","C118","Archivist's ledger entry for Shade (Ch16)","strength","+","strong","convergent","C121","convergent","yes"
"A","C119","Elizabeth refuses to make Pathwell's guilt useful (Ch16)","strength","+","strong","convergent","C120","convergent","yes"
"A","C507","Pathwell accepts scar treatment limit (Ch16)","strength","+","mild","noise suspect","C504","noise suspect","yes"
"A","C120","Mama Baga on ""person"" (Ch16)","strength","+","strong","short of convergent","C119","short of convergent","yes"
"A","C508","Ch16 laugh lines (advertisement, Shade's coffee) (Ch16)","strength","+","mild","noise suspect","C506","noise suspect","yes"
"A","C121","Mama Baga's restitution scene refuses the grand gesture (Ch16)","strength","+","strong","convergent","C118;C510","minority;short of convergent","no"
"A","C509","Healer and Milo banter (Ch16)","strength","+","mild","minority","C507","minority","yes"
"A","C510","""Loss didn't care much about paperwork."" (Ch16)","strength","+","mild","minority","C508","minority","yes"
"A","C511","""Alive."" (Ch16)","strength","+","mild","minority","C509","minority","yes"
"A","C512","Elizabeth's crying, a specific list of losses (Ch16)","strength","+","mild","minority","C511","minority","yes"
"A","C122","Pathwell offers Henry Vale's letters then retracts (Ch17)","strength","+","strong","short of convergent","C122","short of convergent","yes"
"A","C123","The Lemon rack argument (Ch17)","strength","+","mild","short of convergent","C123","short of convergent","yes"
"A","C513","copying HESS SAYS FOUR with the uneven capitals (Ch17)","strength","+","mild","noise suspect","C512","noise suspect","yes"
"A","C514","Elizabeth's apartment taking time to become hers (Ch17)","strength","+","mild","noise suspect","C514","noise suspect","yes"
"A","C124","Elizabeth's written statement stays honest (Ch17)","strength","+","strong","short of convergent","C124","short of convergent","yes"
"A","C515","""The choice was ridiculous. It was still hers."" (Ch17)","strength","+","mild","minority","C515","minority","yes"
"A","C125","""She called it evidence"" (Ch17)","strength","+","strong","short of convergent","C125","short of convergent","yes"
"A","C516","Hearts scene funny and short (Ch17)","strength","+","mild","minority","C516","minority","yes"
"A","C126","Ending ""Because she wanted to go."" (Ch17-18)","strength","+","strong","short of convergent","C126","short of convergent","yes"
"A","C517","Elizabeth less frightened of the Space Between (Ch18)","strength","+","mild","noise suspect","C518","noise suspect","yes"
"A","C075","Pathwell shelves/closes the Merritt cookbook with no speech (Ch18)","strength","+","strong","short of convergent","C519;C525","minority;noise suspect","no"
"A","C518","Ch18 laugh lines (OUT OF ORDER door, geese) (Ch18)","strength","+","mild","noise suspect","C520","noise suspect","yes"
"A","C127","Ending ""Do you want to come?"" hands the choice back (Ch18)","strength","+","strong","short of convergent","C128","short of convergent","yes"
"A","C519","""House-trained by consequences"" line (Ch18)","strength","+","mild","minority","C521","minority","yes"
"A","C520","Geese run builds into a good joke (Ch18)","strength","+","strong","minority","C522","minority","yes"
"A","C521","Quiet callback closers work (Ch18)","strength","+","mild","minority","C523","minority","yes"
"A","C522","Apartment joke with a turn (Ch18)","strength","+","mild","minority","C524","minority","yes"
"A","C027","Ending bookends Chapter 1's ""Are you ready? / No. / Perfect.""","structure","+","mild","short of convergent","C129","short of convergent","yes"
"A","C523","Book gives Shade's origin openly and moves to what to do about it (Ch8)","structure","+","mild","noise suspect","C526","noise suspect","yes"
"A","C524","Cliffhanger seam of light between trees (Ch13)","structure","+","mild","noise suspect","C527","noise suspect","yes"
"A","C525","First three chapters are lore and capitalised nouns before human stakes appear in Ch4 (Ch1-3)","structure","-","snag","minority","C528","minority","yes"
"A","C526","Nana's death only a passing mention in the diary list, no scene (Ch1-3,Ch12)","structure","-","snag","minority","C529","minority","yes"
"A","C527","Book unsure which question it cares about (who decides about others' things; whether the wrongdoer can be trusted) (Ch1-18)","structure","-","quibble","lens-specific","C530","lens-specific","yes"
"A","C528","World is a string of rooms joined by convenient doors (Ch3,Ch4,Ch11,Ch13)","structure","-","snag","noise suspect","C531","noise suspect","yes"
"A","C529","exit from the Space Between not shown (Ch3,Ch4)","structure","-","quibble","minority","C532","minority","yes"
"A","C025","Diary donation in Ch12 repeats the Ch4 cookbook donation beat","structure","-","snag","convergent","C147","convergent","yes"
"A","C530","Section ends are short flat declaratives, predictable by Ch12 (Ch4,Ch12,Ch15)","structure","-","snag","minority","C533","minority","yes"
"A","C531","Folklore catalogue used as costume; names change no one's behaviour (Ch4,Ch5)","structure","-","snag","minority","C534","minority","yes"
"A","C532","Shade/prune answer given by confession, no clues to detect (Ch6,Ch7,Ch8,Ch9,Ch10)","structure","-","snag","minority","C535","minority","yes"
"A","C533","the brothers keep withholding explanations; Elizabeth becomes the driver (Ch7,Ch8)","structure","-","quibble","minority","C536","minority","yes"
"A","C534","Shade's identity guessable on arrival (Ch8)","structure","-","quibble","noise suspect","C537","noise suspect","yes"
"A","C535","Wanted more of Shade; he dies to a joke (Ch9,Ch15)","structure","-","quibble","minority","C538","minority","yes"
"A","C536","scene break puts Elizabeth and van on same road with no timeline (Ch10)","structure","-","quibble","minority","C539","minority","yes"
"A","C537","Shade as furniture by the wagon door with no stated want (Ch12)","structure","-","snag","minority","C540","minority","yes"
"A","C026","Milo trapped in the burning archive is stock child-in-peril (Ch14)","structure","-","quibble","convergent","C148","convergent","yes"
"A","C538","Fire is the chapter's focus; Shade bystander in last third (Ch14)","structure","-","quibble","minority","C541","minority","yes"
"A","C539","Shade's death cleans up draw, spill and blobs, plot cleanup (Ch14,Ch15)","structure","-","snag","minority","C542","minority","yes"
"A","C540","day-count montage (Ch17)","structure","-","snag","noise suspect","C543","noise suspect","yes"
"A","C541","Chapter front-loaded with banter, payoff late (Ch18)","structure","-","quibble","lens-specific","C544","lens-specific","yes"
"A","C542","Chapter 18 is mostly callbacks (Ch18)","structure","-","quibble","minority","C545","minority","yes"
"A","C543","Cold open: stranger reading her diary, cake line (Ch1)","tone","+","mild","noise suspect","C546","noise suspect","yes"
"A","C544","Early banter (Tuesday/Thursday, one-name, paper or plastic) (Ch2,Ch3)","tone","+","mild","noise suspect","C547","noise suspect","yes"
"A","C545","second-person aside about the town (Ch5)","tone","+","mild","noise suspect","C548","noise suspect","yes"
"A","C546","Brothers' fish argument and bar banter (Ch6)","tone","+","mild","noise suspect","C549","noise suspect","yes"
"A","C547","Peas and axle banter (Ch10)","tone","+","mild","noise suspect","C550","noise suspect","yes"
"A","C548","Museum banter (Ch11)","tone","+","mild","noise suspect","C551","noise suspect","yes"
"A","C549","Donor permission card joke (Ch12)","tone","+","mild","noise suspect","C552","noise suspect","yes"
"A","C550","Milo's foot-purple banter (Ch13)","tone","+","mild","noise suspect","C553","noise suspect","yes"
"A","C551","Standing-beautifully banter (Ch14)","tone","+","mild","noise suspect","C554","noise suspect","yes"
"A","C552","Healing banter (Ch16)","tone","+","mild","noise suspect","C555","noise suspect","yes"
"A","C553","Unreasonable government joke (Ch17)","tone","+","mild","noise suspect","C556","noise suspect","yes"
"A","C554","Phone call restraint comedy (Ch18)","tone","+","mild","noise suspect","C557","noise suspect","yes"
"A","C555","Pathwell as know-it-all quirky guide (Ch1,Ch2)","tone","-","quibble","noise suspect","C558","noise suspect","yes"
"A","C556","Ch1 action prose has comma splices and fragments (Ch1)","tone","-","snag","lens-specific","C559","lens-specific","yes"
"A","C557","Cookbook's sentimental pull delivered by flashback; 'Because it was hers' (Ch1)","tone","-","quibble","minority","C560","minority","yes"
"A","C558","Ending hook about Pathwell still having the diary (Ch2)","tone","-","quibble","noise suspect","C561","noise suspect","yes"
"A","C559","'Tuesday' / 'It's Thursday.' gag (Ch2)","tone","-","quibble","minority","C562","minority","yes"
"A","C560","Dumpling comedy runs while her panic is in the next paragraph; grief solved by a dumpling (Ch2)","tone","-","quibble","minority","C563","minority","yes"
"A","C561","Pathwell burning scene wording (Ch3)","tone","-","quibble","noise suspect","C564","noise suspect","yes"
"A","C562","Grief and consequence followed by a joke or quip; the book does not let loss sit (Ch3,Ch10,Ch11,Ch12,Ch16)","tone","-","snag","minority","C143","minority","yes"
"A","C563","Whimsy stacked in every paragraph keeps the bookshop from being frightening (Ch3)","tone","-","snag","minority","C143","minority","yes"
"A","C564","Narrator explains the meaning of the handover moment (Ch4)","tone","-","snag","minority","C141","convergent","no"
"A","C565","Fall-in-the-woods paragraph reaches for a metaphor and misses (Ch4)","tone","-","snag","lens-specific","C565","lens-specific","yes"
"A","C566","Stock wise elder and archivist with engineered quotability; children handled (Ch4)","tone","-","quibble","minority","C566","minority","yes"
"A","C567","School sequence is a sitcom template; foam swords and adult cast playing at children (Ch5)","tone","-","snag","minority","C567","minority","yes"
"A","C568","Elizabeth's mom 'red sky at night' line is generic (Ch6)","tone","-","quibble","noise suspect","C568","noise suspect","yes"
"A","C569","""Not now. Not here. Not necessarily not her."" sentence (Ch6)","tone","-","quibble","noise suspect","C569","noise suspect","yes"
"A","C570","Narrator explains a look the reader already got (Ch7)","tone","-","snag","minority","C141","convergent","no"
"A","C571","Elizabeth deliberately drives off the road, others shrug it off (Ch8)","tone","-","stopper","minority","C570","minority","yes"
"A","C572","Elizabeth's line comparing Shade and Pathwell (Ch8)","tone","-","quibble","minority","C571","minority","yes"
"A","C573","Pathwell backstory handed over as tidy exposition (Ch9)","tone","-","quibble","minority","C572","minority","yes"
"A","C574","Elizabeth states the theme aloud (Ch10)","tone","-","quibble","noise suspect","C573","noise suspect","yes"
"A","C575","Civil War brothers statues a wink too many (Ch11)","tone","-","quibble","noise suspect","C574","noise suspect","yes"
"A","C576","return to jokes right after the broken shoulder (Ch11)","tone","-","quibble","noise suspect","C144","short of convergent","no"
"A","C577","Narrator compares the wall to the unexplained Space Between (Ch11)","tone","-","snag","minority","C142","minority","yes"
"A","C578","Narrator explains the homesickness fragments (Ch11)","tone","-","quibble","minority","C142","minority","yes"
"A","C579","Museum lot banter right after a confession; cannon-in-gift-shop gag; pleased aphorisms (Ch11)","tone","-","quibble","minority","C144","short of convergent","no"
"A","C580","'Elizabeth started crying and had no idea why' tells rather than shows (Ch11)","tone","-","quibble","minority","C575","minority","yes"
"A","C581","Narrator tells us she is growing (Ch12)","tone","-","quibble","noise suspect","C141","convergent","no"
"A","C582","Narrator explaining Shade's withheld Pathwell knowledge (Ch12)","tone","-","quibble","minority","C576","minority","yes"
"A","C583","Narration explains what the scene already showed (Ch12,Ch15,Ch18)","tone","-","snag","lens-specific","C141","convergent","no"
"A","C584","Everyone is wise, dry and kind; no one is wrong at a cost (Ch12,Ch15,Ch18)","tone","-","snag","lens-specific","C577","lens-specific","yes"
"A","C585","Overwrought climax prose (Ch14)","tone","-","quibble","minority","C578","minority","yes"
"A","C586","'blob' is a flat word for what kills Shade (Ch15)","tone","-","quibble","lens-specific","C579","lens-specific","yes"
"A","C587","Narrator glosses character in a sentence (Ch15)","tone","-","quibble","lens-specific","C141","convergent","no"
"A","C588","Narrator steps in to tell the reader how to feel (Ch15)","tone","-","quibble","minority","C141","convergent","no"
"A","C589","Restitution tribunal with Mama Baga (Ch16)","tone","-","snag","noise suspect","C580","noise suspect","yes"
"A","C590","Mama Baga's 'Person' line after the ledger (Ch16)","tone","-","quibble","noise suspect","C581","noise suspect","yes"
"A","C591","Narrator's moral gloss on the burn (Ch16)","tone","-","quibble","noise suspect","C582","noise suspect","yes"
"A","C592","Elizabeth's second speech after that line (Ch16)","tone","-","quibble","noise suspect","C583","noise suspect","yes"
"A","C593","Elizabeth's crying list (Ch16)","tone","-","snag","noise suspect","C584","noise suspect","yes"
"A","C594","closing line about Pathwell not deciding (Ch16)","tone","-","quibble","noise suspect","C585","noise suspect","yes"
"A","C128","Ch17 closing recap restates losses the walk already showed","tone","-","quibble","lens-specific","C145","convergent","no"
"A","C595","""She called it evidence"" line (Ch17)","tone","-","quibble","noise suspect","C586","noise suspect","yes"
"A","C596","Narrator explains adventure and the diner (Ch17)","tone","-","snag","minority","C587","minority","yes"
"A","C597","Aftermath as sitcom montage and greeting-card close; recap paragraph (Ch17)","tone","-","snag","minority","C145","convergent","no"
"A","C598","Section endings say what was just shown (Ch18)","tone","-","quibble","noise suspect","C588","noise suspect","yes"
"A","C599","Post-cookbook aside blunts the emotional beat (Ch18)","tone","-","snag","minority","C589","minority","yes"
"A","C600","Shopkeeper sentence overloaded with a six-item list that depends on other chapters (Ch18)","tone","-","snag","lens-specific","C590","lens-specific","yes"
"A","C601","Stock or quote-page lines (Ch18)","tone","-","quibble","lens-specific","C591","lens-specific","yes"
"A","C602","Five-routes comedy and quips undercut the earned grief (Ch18)","tone","-","quibble","minority","C143","minority","yes"
"A","C130","The wet thud beat repeats the same words (Ch1-6)","voice/repetition","-","quibble","short of convergent","C130","short of convergent","yes"
"A","C603","""Pathwell went still"" repeated (Ch1,Ch4,Ch5,Ch6,Ch8,Ch11,Ch14)","voice/repetition","-","snag","noise suspect","C592","noise suspect","yes"
"A","C604","Repeated reassurance tags in the exit dialogue (Ch1)","voice/repetition","-","quibble","minority","C593","minority","yes"
"A","C129","Chapter 8 reuses the book's Ch1 opening line ""It was the crash that woke her"" (Ch1,Ch8)","voice/repetition","-","snag","convergent","C131","convergent","yes"
"A","C605","'Good.' as a filler one-word reply (Ch1,Ch9,Ch12,Ch15,Ch18)","voice/repetition","-","quibble","lens-specific","C594","lens-specific","yes"
"A","C131","""Perfect."" button repeated across bookend chapters (Ch1,Ch18)","voice/repetition","-","snag","short of convergent","C132","short of convergent","yes"
"A","C606","Man restates urgency and deflects the same way repeatedly (Ch1)","voice/repetition","-","quibble","lens-specific","C595","lens-specific","yes"
"A","C607","Participle-opener sentences four times (Ch1)","voice/repetition","-","quibble","lens-specific","C596","lens-specific","yes"
"A","C608","Tense slips and fragments used as stage directions (Ch1)","voice/repetition","-","quibble","minority","C597","minority","yes"
"A","C609","""Three weeks"" repeated (Ch2)","voice/repetition","-","quibble","minority","C598","minority","yes"
"A","C610","Repeated beat: cheerful Pathwell, upset Elizabeth, mock-wise remark (Ch2)","voice/repetition","-","snag","minority","C599","minority","yes"
"A","C611","Pathwell refuses a last name; quip doing the work of character, echoed by Shade in Ch8 (Ch2,Ch8)","voice/repetition","-","quibble","minority","C600","minority","yes"
"A","C612","Memory trigger repeats: a smell, voice or song brings a childhood memory in every quiet passage (Ch2,Ch9)","voice/repetition","-","quibble","minority","C601","minority","yes"
"A","C613","Pathwell's dialogue is lines not a person; nothing costs him (Ch2)","voice/repetition","-","quibble","minority","C602","minority","yes"
"A","C132","""That was the choice"" refrain repeated (Ch4,Ch15)","voice/repetition","-","snag","convergent","C133","convergent","yes"
"A","C133","Sock gag repeated across chapters (Ch4-15)","voice/repetition","-","snag","convergent","C134","convergent","yes"
"A","C614","copy-keeps-the-words-not-the-thing rule restated five times (Ch4,Ch10,Ch11,Ch17,Ch18)","voice/repetition","-","quibble","minority","C603","minority","yes"
"A","C134","Characters share one dry deadpan register so voices blur (Ch4-18)","voice/repetition","-","snag","short of convergent","C136","convergent","no"
"A","C615","Deadpan two-beat exchange used by every character, 30+ times (Ch4,Ch9,Ch12,Ch15,Ch18)","voice/repetition","-","snag","lens-specific","C136","convergent","no"
"A","C616","'looked at' as the reaction beat, about 112 uses (Ch4,Ch9,Ch12,Ch15,Ch18)","voice/repetition","-","snag","lens-specific","C604","lens-specific","yes"
"A","C136","""[Name] waited."" repeated as a beat (Ch4-18)","voice/repetition","-","quibble","short of convergent","C135","short of convergent","yes"
"A","C617","Mama Baga's mouth moved at one corner, identical both times (Ch4,Ch12)","voice/repetition","-","quibble","lens-specific","C605","lens-specific","yes"
"A","C137","""Not X. Y."" fragment pairs overused (Ch4-13)","voice/repetition","-","snag","short of convergent","C137","short of convergent","yes"
"A","C618","'I know.' as a standalone reply, about 13 times (Ch4,Ch9,Ch12,Ch15)","voice/repetition","-","quibble","lens-specific","C606","lens-specific","yes"
"A","C619","'Of course' as a repeated aside (Ch4,Ch9,Ch12,Ch18)","voice/repetition","-","quibble","lens-specific","C607","lens-specific","yes"
"A","C620","'disappeared' used 11 times as a flat verb (Ch4,Ch12,Ch15)","voice/repetition","-","quibble","lens-specific","C608","lens-specific","yes"
"A","C621","'as if / as though' crowded in Ch4 (Ch4)","voice/repetition","-","quibble","lens-specific","C609","lens-specific","yes"
"A","C622","Boy delivers a line then disappears, repeated exit (Ch4,Ch12)","voice/repetition","-","quibble","lens-specific","C610","lens-specific","yes"
"A","C623","'nodded' 22 times, 11 in Ch4 (Ch4)","voice/repetition","-","quibble","lens-specific","C611","lens-specific","yes"
"A","C624","Near-miss constructions 'nearly / almost' (Ch4)","voice/repetition","-","quibble","lens-specific","C612","lens-specific","yes"
"A","C625","Bad drink that comforts joke used twice (Ch4,Ch9)","voice/repetition","-","quibble","lens-specific","C613","lens-specific","yes"
"A","C138","Stray second-person narrator aside in the Ch5 town paragraph","voice/repetition","-","quibble","convergent","C139","convergent","yes"
"A","C626","Characters answering ""I don't know"" again and again (Ch5,Ch9,Ch10)","voice/repetition","-","snag","minority","C614","minority","yes"
"A","C627","Sibling banter engine and running gags (noodle, fish, peas, mounted fish, sock-style buttons) (Ch5,Ch6,Ch8,Ch10,Ch11,Ch13,Ch18)","voice/repetition","-","snag","minority","C615","minority","yes"
"A","C628","'Not here' / 'In the car' withholding reads as a device (Ch6,Ch7,Ch8,Ch10)","voice/repetition","-","snag","minority","C616","minority","yes"
"A","C135","""Important distinction"" catchphrase shared and repeated (Ch7-18)","voice/repetition","-","snag","short of convergent","C136;C624","convergent;lens-specific","no"
"A","C629","Shade's right hand mentioned five times (Ch9)","voice/repetition","-","snag","minority","C617","minority","yes"
"A","C630","Pathwell comparisons made of Shade (Ch9)","voice/repetition","-","quibble","minority","C618","minority","yes"
"A","C139","""Fair."" / stock one-word replies as a tic (Ch9-18)","voice/repetition","-","quibble","short of convergent","C138","short of convergent","yes"
"A","C631","'Probably.' as a one-word answer or aside (Ch9,Ch12,Ch15)","voice/repetition","-","quibble","lens-specific","C138","short of convergent","no"
"A","C632","Shade's jaw tightened and 'Shade's [body part] stopped' tags (Ch9)","voice/repetition","-","quibble","lens-specific","C619","lens-specific","yes"
"A","C633","Diner described as a catalogue of furniture; comparison does no work (Ch9)","voice/repetition","-","quibble","minority","C620","minority","yes"
"A","C634","'Observation. Not memory.' used three times; recap paragraph checks reader is keeping up (Ch9)","voice/repetition","-","quibble","minority","C621","minority","yes"
"A","C635","Running 'Lizzy' joke across chapters (Ch10)","voice/repetition","-","quibble","minority","C622","minority","yes"
"A","C636","POV slip into Pathwell's side of the room (Ch11)","voice/repetition","-","quibble","noise suspect","C623","noise suspect","yes"
"A","C637","Shade's jokes drift into Camp register (Ch12,Ch13)","voice/repetition","-","quibble","lens-specific","C136","convergent","no"
"A","C638","Two wise child sees-through-everyone gags (turnip boy, Milo) (Ch12,Ch13)","voice/repetition","-","quibble","lens-specific","C136","convergent","no"
"A","C639","Space Between coffee joke reused (Ch13)","voice/repetition","-","quibble","noise suspect","C625","noise suspect","yes"
"A","C640","Coffee paragraph ""He knew"" run (Ch13)","voice/repetition","-","quibble","minority","C626","minority","yes"
"A","C641","Mama Baga's repeated ""Stop"" (Ch14)","voice/repetition","-","quibble","noise suspect","C627","noise suspect","yes"
"A","C642","Shade's long explanation speech of the rejoining working (Ch14)","voice/repetition","-","snag","lens-specific","C140","lens-specific","yes"
"A","C643","Technical vocabulary makes Shade sound like Pathwell (Ch14)","voice/repetition","-","quibble","lens-specific","C140","lens-specific","yes"
"A","C644","Same 'emotional weather ... breaking loose' sentence twice (Ch15)","voice/repetition","-","quibble","lens-specific","C628","lens-specific","yes"
"A","C645","Tags ""Elizabeth looked at..."" between lines (Ch16)","voice/repetition","-","quibble","minority","C629","minority","yes"
"A","C646","Camp's wise characters have a zinger for everything; epigram-machine (Ch16)","voice/repetition","-","snag","minority","C136","convergent","no"
"A","C647","Pathwell proposes, archivist refuses, Pathwell complies (rack, cabinets, board, wagon) (Ch17)","voice/repetition","-","snag","minority","C630","minority","yes"
"A","C648","Catalogue of absences told three times (Ch18)","voice/repetition","-","snag","lens-specific","C631","lens-specific","yes"
"A","C649","Elizabeth smiles despite herself, four times in Ch18 (Ch18)","voice/repetition","-","quibble","lens-specific","C632","lens-specific","yes"
"B","C149","Who the intruder is and why he reads her diary","confusion","-","quibble","lens-specific","C140","lens-specific","yes"
"B","C001","What the blob is and what ""marked"" means in Ch1 is unclear","confusion","-","snag","short of convergent","C001;C002","short of convergent","yes"
"B","C150","Why a recipe works as key and why Nana's voice is in the cookbook","confusion","-","quibble","lens-specific","C141","lens-specific","yes"
"B","C151","Staging of the fight with the blob","confusion","-","snag","lens-specific","C142","lens-specific","yes"
"B","C152","Pathwell's name and why he gives only one","confusion","-","quibble","lens-specific","C143","lens-specific","yes"
"B","C153","Why the shuttered laundromat and park appear","confusion","-","quibble","lens-specific","C144","lens-specific","yes"
"B","C154","Tuesday/Thursday exchange: joke or shifted time","confusion","-","quibble","lens-specific","C145","lens-specific","yes"
"B","C002","What ""He still has it"" refers to (Ch2) is unclear","confusion","-","snag","convergent","C003","convergent","yes"
"B","C155","The Space Between never explained or made picturable","confusion","-","snag","lens-specific","C146","lens-specific","yes"
"B","C156","Boots the guardian cat and blood god","confusion","-","snag","lens-specific","C147","lens-specific","yes"
"B","C004","Camp Cunnan is named with no explanation (Ch3)","confusion","-","quibble","short of convergent","C005","short of convergent","yes"
"B","C003","Rai Stones, Lydian coins and the bill's currency are never explained (Ch3)","confusion","-","stopper","convergent","C004","convergent","yes"
"B","C005","Untranslated Latin in the binding ritual is not glossed (Ch3)","confusion","-","quibble","short of convergent","C006","short of convergent","yes"
"B","C157","Cost of the binding ritual never named","confusion","-","snag","lens-specific","C148","lens-specific","yes"
"B","C158","Unnamed shopkeeper (""the round man"")","confusion","-","quibble","lens-specific","C149","lens-specific","yes"
"B","C159","Boots, Mama Baga, the archive and the bookshop bill: reader has the words but not why they matter","confusion","-","quibble","lens-specific","C150","lens-specific","yes"
"B","C160","what 'Yours?' refers to","confusion","-","quibble","lens-specific","C151","lens-specific","yes"
"B","C161","untagged 'Aren't you?'","confusion","-","quibble","lens-specific","C152","lens-specific","yes"
"B","C006","Who says ""This wheel is new."" is unattributed (Ch4)","confusion","-","quibble","short of convergent","C007","short of convergent","yes"
"B","C162","List of Camp's occupants reads as a glossary","confusion","-","snag","lens-specific","C153","lens-specific","yes"
"B","C163","'The working' and 'fresh waste' used as if known, never defined","confusion","-","snag","lens-specific","C154","lens-specific","yes"
"B","C164","What the Archive is for","confusion","-","quibble","lens-specific","C155","lens-specific","yes"
"B","C007","Olan and Hess are named with no context (Ch4)","confusion","-","stopper","short of convergent","C008","short of convergent","yes"
"B","C165","Lizzy versus Elizabeth: same woman?","confusion","-","quibble","lens-specific","C156","lens-specific","yes"
"B","C166","untagged 'Stansbury.' at tree line","confusion","-","quibble","lens-specific","C157","lens-specific","yes"
"B","C167","'Newer,' Pathwell amended corrects nothing visible","confusion","-","snag","minority","C158","minority","yes"
"B","C008","Bakhtak is mentioned and never explained (Ch5)","confusion","-","quibble","convergent","C009","convergent","yes"
"B","C168","Portal 'to where' answered 'Here' and not followed up","confusion","-","quibble","lens-specific","C159","lens-specific","yes"
"B","C169","'Pruned' / pruning unexplained until Ch10","confusion","-","snag","lens-specific","C160","lens-specific","yes"
"B","C170","'Noodle' used as slang with unclear meaning","confusion","-","quibble","lens-specific","C161","lens-specific","yes"
"B","C171","Whose door it was (""Her door."")","confusion","-","snag","lens-specific","C162","lens-specific","yes"
"B","C172","Ken and Stansbury confused at the school door","confusion","-","quibble","lens-specific","C163","lens-specific","yes"
"B","C173","untagged lines in Stansbury/Pathwell exchange","confusion","-","quibble","lens-specific","C164","lens-specific","yes"
"B","C009","The pull (and the draw) is never defined (Ch6)","confusion","-","snag","short of convergent","C010","short of convergent","yes"
"B","C174","What the blob is; it arrives as if the reader should know it","confusion","-","snag","lens-specific","C002","short of convergent","no"
"B","C010","The ""how much machine she was responsible for"" line is unclear (Ch7)","confusion","-","quibble","convergent","C011","convergent","yes"
"B","C175","""Zero books"" joke lands flat without context","confusion","-","quibble","lens-specific","C165","lens-specific","yes"
"B","C176","Elizabeth's 'Stansbury.' only inferable as speaker","confusion","-","quibble","lens-specific","C166","lens-specific","yes"
"B","C177","stand-alone line repeating the book's first sentence","confusion","-","snag","noise suspect","C167","noise suspect","yes"
"B","C011","What Shade is is never stated (Ch8)","confusion","-","snag","short of convergent","C012","short of convergent","yes"
"B","C178","Pathwell/Shade exchange about naming and existing; hard to tell who speaks","confusion","-","snag","lens-specific","C168","lens-specific","yes"
"B","C179","untagged 'Seatbelt.'","confusion","-","quibble","lens-specific","C169","lens-specific","yes"
"B","C180","Stansbury answers 'Bruised' to question put to Elizabeth","confusion","-","quibble","lens-specific","C170","lens-specific","yes"
"B","C181","referent of Stansbury's 'Again?'","confusion","-","quibble","lens-specific","C171","lens-specific","yes"
"B","C182","Prague and Celia memories not tied to anything","confusion","-","quibble","lens-specific","C172","lens-specific","yes"
"B","C183","References to events in unread chapters (museum, graffiti threshold, prune, bar)","confusion","-","quibble","minority","C173","minority","yes"
"B","C012","Stansbury's ""Leo"" and ""big cat"" nicknames are never explained (Ch10)","confusion","-","snag","convergent","C013","convergent","yes"
"B","C184","'Malformed pruning', 'unclaimed possibility', 'unclaimed waste' named not defined","confusion","-","quibble","lens-specific","C174","lens-specific","yes"
"B","C185","How a wall anchors the door ('history') not defined","confusion","-","quibble","lens-specific","C175","lens-specific","yes"
"B","C186","Library magic explanation: lost whose feeling was whose","confusion","-","snag","lens-specific","C176","lens-specific","yes"
"B","C187","Longing paragraph, unclear whose","confusion","-","quibble","lens-specific","C177","lens-specific","yes"
"B","C188","'You know the place?' 'Unfortunately.' speaker ambiguous","confusion","-","quibble","lens-specific","C178","lens-specific","yes"
"B","C189","Transparent plane containment spell described not explained","confusion","-","quibble","lens-specific","C179","lens-specific","yes"
"B","C013","Reader loses track of who is where in the museum blast (Ch11)","confusion","-","snag","short of convergent","C014","short of convergent","yes"
"B","C190","untagged 'I am older than you.'","confusion","-","quibble","lens-specific","C180","lens-specific","yes"
"B","C014","Thumper is introduced without explanation (Ch12)","confusion","-","snag","short of convergent","C015","short of convergent","yes"
"B","C191","'Charged' never defined","confusion","-","quibble","lens-specific","C181","lens-specific","yes"
"B","C192","""Old Pathwell knowledge"" unclear","confusion","-","quibble","lens-specific","C182","lens-specific","yes"
"B","C193","Sock kid versus turnip boy","confusion","-","quibble","lens-specific","C183","lens-specific","yes"
"B","C194","Cookbook on reserve shelf, unclear how it got there","confusion","-","quibble","lens-specific","C184","lens-specific","yes"
"B","C195","Queen of spades as evidence of corruption, meaning unclear","confusion","-","quibble","lens-specific","C185","lens-specific","yes"
"B","C196","Names given to some characters (Milo) and not others (archivist, older woman)","confusion","-","quibble","lens-specific","C016","short of convergent","no"
"B","C197","Hearts opening: rules and who is who","confusion","-","quibble","lens-specific","C186","lens-specific","yes"
"B","C198","Archivist never named; confused with Stansbury and the older woman","confusion","-","snag","lens-specific","C016","short of convergent","no"
"B","C199","Climax jargon stacks up and physical action becomes hard to see","confusion","-","snag","lens-specific","C187","lens-specific","yes"
"B","C200","Payment mechanism described a third time, told not shown","confusion","-","quibble","lens-specific","C188","lens-specific","yes"
"B","C201","'Practitioner' appears as Pathwell's title without introduction","confusion","-","quibble","lens-specific","C189","lens-specific","yes"
"B","C202","Cord and ""the connection"" lost","confusion","-","snag","lens-specific","C190","lens-specific","yes"
"B","C203","Possibility-given-a-shape sentence","confusion","-","quibble","lens-specific","C191","lens-specific","yes"
"B","C204","untagged 'Good.'","confusion","-","quibble","lens-specific","C192","lens-specific","yes"
"B","C205","referent of Elizabeth's 'You should do it.'","confusion","-","quibble","lens-specific","C193","lens-specific","yes"
"B","C206","Nothing changing is acceptable to me, unparseable and out of voice","confusion","-","snag","minority","C194","minority","yes"
"B","C207","Voice echoing line","confusion","-","quibble","lens-specific","C195","lens-specific","yes"
"B","C208","Shade's fate unclear; death not felt in the scene","confusion","-","snag","lens-specific","C196","lens-specific","yes"
"B","C209","'That hand was promising.' reader could not place it","confusion","-","quibble","minority","C197","minority","yes"
"B","C210","Pruning shock used as diagnosis without description","confusion","-","quibble","lens-specific","C198","lens-specific","yes"
"B","C211","""Rare morning for those"" joke missed","confusion","-","quibble","lens-specific","C199","lens-specific","yes"
"B","C212","""Pruning?"" ""No."" half lands","confusion","-","quibble","lens-specific","C200","lens-specific","yes"
"B","C213","Older woman in knitted cap versus Mama Baga","confusion","-","quibble","lens-specific","C201","lens-specific","yes"
"B","C214","Stansbury's role as Pathwell's brother lost between sittings","confusion","-","quibble","lens-specific","C202","lens-specific","yes"
"B","C215","Museum stacks list of Vales and Bells","confusion","-","snag","lens-specific","C203","lens-specific","yes"
"B","C216","Geese 'remember me' unexplained","confusion","-","quibble","lens-specific","C204","lens-specific","yes"
"B","C217","shopkeeper's lines not tagged","confusion","-","quibble","lens-specific","C205","lens-specific","yes"
"B","C218","pajamas first mentioned in Ch4","continuity","-","quibble","lens-specific","C206","lens-specific","yes"
"B","C017","Pronoun slip when a single cookbook is described (Ch1)","continuity","-","quibble","short of convergent","C018","short of convergent","yes"
"B","C015","Cookbook pages-used count does not match the card (Ch1-15)","continuity","-","snag","short of convergent","C017","short of convergent","yes"
"B","C016","Whether the flat is marked and cleared is never tracked (Ch1-18)","continuity","-","snag","minority","C207;C227","minority","yes"
"B","C219","unclear whether the recipe page was torn out or consumed","continuity","-","quibble","minority","C208","minority","yes"
"B","C220","Monster named inconsistently (blob, behemoth, ooze)","continuity","-","quibble","minority","C209","minority","yes"
"B","C018","Coffee shop became a shuttered laundromat, never explained (Ch2-18)","continuity","-","quibble","short of convergent","C210;C214","lens-specific;noise suspect","no"
"B","C221","""dropped her books"" when only a cookbook and diary were taken","continuity","-","quibble","noise suspect","C211","noise suspect","yes"
"B","C019","Day-of-week slips (Thursday vs Saturday) are never acknowledged (Ch2-5)","continuity","-","snag","convergent","C019","convergent","yes"
"B","C222","dumpling count and 'second one'","continuity","-","quibble","lens-specific","C212","lens-specific","yes"
"B","C223","phones appear in Ch18 though Ch2 had none","continuity","-","quibble","lens-specific","C213","lens-specific","yes"
"B","C224","pocket coins dumped and never picked up","continuity","-","quibble","lens-specific","C215","lens-specific","yes"
"B","C225","cat scratch scar on Elizabeth's hand vanishes and moves","continuity","-","snag","lens-specific","C216","lens-specific","yes"
"B","C226","shopkeeper's offer to send her back first reported in Ch4","continuity","-","quibble","lens-specific","C217","lens-specific","yes"
"B","C227","twine crate loaded by Pathwell not shown","continuity","-","quibble","lens-specific","C218","lens-specific","yes"
"B","C228","who carried Elizabeth after she faints","continuity","-","quibble","lens-specific","C219","lens-specific","yes"
"B","C229","folded-paper door never mentioned again","continuity","-","quibble","lens-specific","C220","lens-specific","yes"
"B","C230","scars outside Pathwell's wheelhouse vs his offer to reduce Stansbury's scar","continuity","-","snag","minority","C221","minority","yes"
"B","C231","Missing line in the wheel exchange","continuity","-","quibble","noise suspect","C222","noise suspect","yes"
"B","C232","archivist's pen then three pencils then one pencil","continuity","-","quibble","lens-specific","C223","lens-specific","yes"
"B","C233","Pathwell's coat first mentioned in Ch5","continuity","-","quibble","lens-specific","C224","lens-specific","yes"
"B","C234","Mama Baga's bracelets appear in Ch12","continuity","-","quibble","lens-specific","C225","lens-specific","yes"
"B","C235","Milo's boots first appear in Ch15","continuity","-","quibble","lens-specific","C226","lens-specific","yes"
"B","C236","Elizabeth's missed nine o'clock meeting dropped","continuity","-","quibble","noise suspect","C228","noise suspect","yes"
"B","C237","box of foam weapons, no stated end","continuity","-","snag","lens-specific","C229","lens-specific","yes"
"B","C238","museum is daylight while Camp is dark","continuity","-","snag","lens-specific","C230","lens-specific","yes"
"B","C239","diary's whereabouts untracked","continuity","-","quibble","lens-specific","C231","lens-specific","yes"
"B","C240","bandana singed though she never closed her fingers on it","continuity","-","quibble","lens-specific","C232","lens-specific","yes"
"B","C241","sky overcast then low sun then open red sky","continuity","-","quibble","lens-specific","C233","lens-specific","yes"
"B","C242","brothers both seated on 'her other side'","continuity","-","snag","lens-specific","C234","lens-specific","yes"
"B","C243","Cadillac keys pocketed then in ignition","continuity","-","quibble","lens-specific","C235","lens-specific","yes"
"B","C244","Pathwell's coat empty in Ch7, full of hardware in Ch14","continuity","-","quibble","lens-specific","C236","lens-specific","yes"
"B","C245","Pathwell's rib injury with no cause","continuity","-","quibble","lens-specific","C237","lens-specific","yes"
"B","C246","Line 'It was the crash that woke her' in middle of the wreck","continuity","-","snag","noise suspect","C238","noise suspect","yes"
"B","C247","ditch side vs rear door of the Cadillac","continuity","-","snag","lens-specific","C239","lens-specific","yes"
"B","C020","The Cadillac's fate is never tracked after the crash (Ch8-11)","continuity","-","snag","short of convergent","C021;C240","lens-specific;short of convergent","no"
"B","C248","which shoulder Elizabeth's old bruise and new injury are","continuity","-","quibble","lens-specific","C241","lens-specific","yes"
"B","C249","doubled twenty-five minutes","continuity","-","quibble","lens-specific","C242","lens-specific","yes"
"B","C250","Shade's wallet and sedan key unmentioned after coat swap","continuity","-","quibble","lens-specific","C243","lens-specific","yes"
"B","C251","van overtaking a walker who faces traffic","continuity","-","snag","lens-specific","C244","lens-specific","yes"
"B","C252","quarantine letter taken while Stansbury upstairs, shown late","continuity","-","quibble","lens-specific","C245","lens-specific","yes"
"B","C253","work van described when needed","continuity","-","quibble","lens-specific","C246","lens-specific","yes"
"B","C254","Pathwell's concussion never established","continuity","-","quibble","lens-specific","C247","lens-specific","yes"
"B","C021","Thumper's six-toed paw print appears without setup (Ch12)","continuity","-","quibble","short of convergent","C020","short of convergent","yes"
"B","C255","Which hand is bandaged, forgotten palm cut","continuity","-","quibble","minority","C248","minority","yes"
"B","C256","archive-door lantern and runner appear when needed","continuity","-","quibble","lens-specific","C249","lens-specific","yes"
"B","C257","Elizabeth's foam dagger after Ch15","continuity","-","snag","lens-specific","C250","lens-specific","yes"
"B","C258","'no card' versus queen of spades still on table","continuity","-","quibble","lens-specific","C251","lens-specific","yes"
"B","C259","museum's incident record omits Shade's death while Camp records it","continuity","-","quibble","minority","C252","minority","yes"
"B","C260","'Shopkeeper' capitalized once","continuity","-","quibble","minority","C253","minority","yes"
"B","C261","Time signals conflict: three weeks and four days vs less than two weeks","continuity","-","quibble","minority","C254","minority","yes"
"B","C262","Book lets us into Pathwell's head and he later explains, resolving the quiet fairly","knowledge","+","strong","noise suspect","C255","noise suspect","yes"
"B","C026","Narration goes quiet when Pathwell knows something (Ch1-6)","knowledge","-","snag","minority","C028","minority","yes"
"B","C263","how Pathwell knew about the cookbook and why he was in her flat","knowledge","-","quibble","minority","C256","minority","yes"
"B","C027","Pathwell calls her ""Lizzy"" before she gives the name (Ch2-3)","knowledge","-","quibble","convergent","C029","convergent","yes"
"B","C264","Pathwell asks for Camp Cunnan supplies and won't say why","knowledge","-","quibble","noise suspect","C257","noise suspect","yes"
"B","C265","Mama Baga knows about the missing front door","knowledge","-","quibble","minority","C258","minority","yes"
"B","C266","Pathwell mirror scene enters his head then stops one sentence short","knowledge","-","snag","noise suspect","C259","noise suspect","yes"
"B","C267","Brothers apologise and still explain nothing","knowledge","-","snag","noise suspect","C260","noise suspect","yes"
"B","C268","Stansbury names the back hall he never saw","knowledge","-","quibble","minority","C261","minority","yes"
"B","C028","Shade is a mystery whose nature is withheld or over-explained (Ch8)","knowledge","-","quibble","short of convergent","C262;C263","minority;noise suspect","no"
"B","C269","Worldbuilding rules (Camp, spill, payment, blobs) taken on characters' word","knowledge","-","quibble","minority","C264","minority","yes"
"B","C029","What Pathwell chose to do is kicked down the road (Ch9)","knowledge","-","quibble","minority","C030","minority","yes"
"B","C270","Stansbury's history with Pathwell and Shade","knowledge","-","quibble","minority","C265","minority","yes"
"B","C271","Could not follow why Shade and Pathwell share a face and a pull","knowledge","-","snag","minority","C266","minority","yes"
"B","C030","Narrator hindsight about Pathwell's fidgeting is unclear (Ch14)","knowledge","-","quibble","minority","C031","minority","yes"
"B","C272","Lizzy versus Elizabeth and what it costs Pathwell","knowledge","-","quibble","minority","C267","minority","yes"
"B","C273","Elizabeth lifts shelf with the reduced shoulder (accepted)","logic","+","mild","minority","C268","minority","yes"
"B","C274","reason given for not cutting the cord with the dagger","logic","+","mild","minority","C269","minority","yes"
"B","C275","Pathwell takes her diary and nobody remarks on it","logic","-","quibble","noise suspect","C270","noise suspect","yes"
"B","C022","Why the blob was already at Elizabeth's door is never explained (Ch1-5)","logic","-","snag","convergent","C022","convergent","yes"
"B","C276","Reader stopped believing the magic was a system, saw it as excuses for choices","logic","-","snag","minority","C271","minority","yes"
"B","C277","Elizabeth complies and leaves too fast; reader stopped believing at 'Do you have shoes?'","logic","-","stopper","minority","C272","minority","yes"
"B","C278","Magic arrives with no setup","logic","-","quibble","minority","C273","minority","yes"
"B","C279","shop account at zero but Pathwell's sold potential is not counted","logic","-","quibble","minority","C274","minority","yes"
"B","C280","young woman from the wagon saved then gone, later life not covered","logic","-","quibble","minority","C275","minority","yes"
"B","C281","nobody tries the dagger on the draw, which may be a binding","logic","-","snag","minority","C276","minority","yes"
"B","C282","Elizabeth's Friday meeting and job: no consequence follows","logic","-","quibble","minority","C277","minority","yes"
"B","C283","objection to selling children's unused energy answered in one line","logic","-","quibble","minority","C278","minority","yes"
"B","C284","Pathwell carries no books in his coat, 'it slipped my mind'","logic","-","quibble","minority","C279","minority","yes"
"B","C285","decoy idea for the creature appears only in Ch15, too late","logic","-","quibble","minority","C280","minority","yes"
"B","C286","Sedan appears on cue; timing not believed","logic","-","quibble","minority","C281","minority","yes"
"B","C024","Elizabeth's walk to the bar makes no sense (Ch9)","logic","-","snag","short of convergent","C282;C283","minority;noise suspect","no"
"B","C287","How a failed working became a person is never understood","logic","-","quibble","minority","C284","minority","yes"
"B","C288","Shade grabbing Elizabeth's arm reads as convenient","logic","-","quibble","minority","C285","minority","yes"
"B","C023","Why Pathwell cannot or will not cancel or scope the Ch11 working (Ch11-14)","logic","-","quibble","minority","C024","minority","yes"
"B","C289","Rejoining frame: why brass pins and waxed cord would work","logic","-","quibble","minority","C286","minority","yes"
"B","C290","why the released spillage went into the archive records","logic","-","quibble","minority","C287","minority","yes"
"B","C291","Shade stays within reach of the pins, passive refusal, why not step out of range","logic","-","snag","minority","C288","minority","yes"
"B","C025","Shade's death is a convenient exit that the plot did not need (Ch15)","logic","-","stopper","short of convergent","C023","short of convergent","yes"
"B","C292","the draw ends with Shade's death; cost passes to Shade, none further to Pathwell","logic","-","quibble","minority","C289","minority","yes"
"B","C293","Milo's burned boot solved in a line","logic","-","quibble","minority","C290","minority","yes"
"B","C294","Pathwell's ribs and temple healed offscreen","logic","-","quibble","minority","C291","minority","yes"
"B","C295","Elizabeth follows Pathwell for her own reasons","motivation","+","mild","noise suspect","C292","noise suspect","yes"
"B","C296","Elizabeth's stated reason for giving the whole book, not just the page","motivation","+","mild","minority","C293","minority","yes"
"B","C297","Pathwell's reason for refusing to lift his hand and let the frame fail","motivation","+","mild","minority","C294","minority","yes"
"B","C298","Elizabeth goes along with a stranger's orders quickly","motivation","-","quibble","minority","C295","minority","yes"
"B","C033","Elizabeth's own want is thin or unclear (Ch1-18)","motivation","-","snag","convergent","C034","convergent","yes"
"B","C299","brothers keep saying ""Not here"" and stalling","motivation","-","snag","noise suspect","C296","noise suspect","yes"
"B","C300","Elizabeth gets into Shade's car","motivation","-","snag","noise suspect","C297","noise suspect","yes"
"B","C301","No scene of Shade angry at Pathwell; feeling toward him hard to follow","motivation","-","quibble","lens-specific","C298","lens-specific","yes"
"B","C302","Elizabeth walks back alone on a county road at night","motivation","-","snag","noise suspect","C299","noise suspect","yes"
"B","C303","Pathwell as a person before the fall","motivation","-","snag","noise suspect","C300","noise suspect","yes"
"B","C031","Pathwell repeats the same mistake from Ch11 into Ch14","motivation","-","snag","convergent","C032","convergent","yes"
"B","C304","Shade adopting Camp as goal the moment Elizabeth names it","motivation","-","snag","lens-specific","C301","lens-specific","yes"
"B","C305","Pull knocks Shade into Elizabeth so scene goes wrong; hand as plot lever","motivation","-","snag","lens-specific","C302","lens-specific","yes"
"B","C306","Shade shows no reaction to own injury or Elizabeth's broken shoulder","motivation","-","snag","lens-specific","C303","lens-specific","yes"
"B","C307","Shade's muted response to the boy's Good about not being Pathwell","motivation","-","snag","lens-specific","C304","lens-specific","yes"
"B","C308","Shift from I want to stay here to walking into blob after one afternoon of wanting","motivation","-","snag","lens-specific","C305","lens-specific","yes"
"B","C309","Whatever happens next is yours versus thought I'd be the one carrying it","motivation","-","snag","lens-specific","C306","lens-specific","yes"
"B","C032","Shade's reason for volunteering and for walking into the blob is unstated (Ch15)","motivation","-","snag","short of convergent","C033","short of convergent","yes"
"B","C310","why Pathwell closes the Merritt cookbook and shopkeeper must sit down","motivation","-","snag","minority","C307","minority","yes"
"B","C311","""marked, magically speaking"" exchange repeats its gag","pacing","-","quibble","noise suspect","C308","noise suspect","yes"
"B","C312","Party inventory stalls the crash","pacing","-","snag","lens-specific","C309","lens-specific","yes"
"B","C313","Light-switch aside goes nowhere","pacing","-","quibble","lens-specific","C310","lens-specific","yes"
"B","C314","Sun and rain detail in the baking memory","pacing","-","quibble","lens-specific","C311","lens-specific","yes"
"B","C034","Dumpling digression slows Ch2","pacing","-","quibble","short of convergent","C037","short of convergent","yes"
"B","C315","Landlord, door and dry-cleaning panic list","pacing","-","quibble","lens-specific","C312","lens-specific","yes"
"B","C316","Atmosphere line about the city","pacing","-","quibble","lens-specific","C313","lens-specific","yes"
"B","C317","Rai Stone / Lydian coin haggling aimed at tiny audience","pacing","-","quibble","noise suspect","C314","noise suspect","yes"
"B","C318","Middle of the ritual paragraph","pacing","-","quibble","lens-specific","C315","lens-specific","yes"
"B","C319","Door-closing and ""Pathwell?"" vanishing run feels like stalling","pacing","-","quibble","lens-specific","C316","lens-specific","yes"
"B","C036","The Camp roll call of cunning folk drags (Ch4)","pacing","-","quibble","convergent","C038","convergent","yes"
"B","C320","Notebook-and-Hess exchange, one more quirky camp bit","pacing","-","quibble","noise suspect","C317","noise suspect","yes"
"B","C321","Wardrobe montage (pajamas to pastel linen)","pacing","-","quibble","minority","C318","minority","yes"
"B","C035","Portal and school-halls wandering runs long (Ch5)","pacing","-","quibble","lens-specific","C039","lens-specific","yes"
"B","C322","Giving-blood sleep simile","pacing","-","quibble","lens-specific","C319","lens-specific","yes"
"B","C323","Narrator's address and paragraph on the crossroads town","pacing","-","stopper","lens-specific","C320","lens-specific","yes"
"B","C037","Bar description runs long (Ch6)","pacing","-","quibble","lens-specific","C321;C322","lens-specific","yes"
"B","C324","""What pull?"" asked twice, brothers keep dodging","pacing","-","snag","lens-specific","C323","lens-specific","yes"
"B","C038","""Which prune?"" loop repeats without an answer (Ch7-8)","pacing","-","stopper","lens-specific","C040","lens-specific","yes"
"B","C325","Farmer stray thought","pacing","-","quibble","lens-specific","C324","lens-specific","yes"
"B","C326","First car-radio stretch","pacing","-","quibble","noise suspect","C325","noise suspect","yes"
"B","C327","Bacon food beat","pacing","-","quibble","lens-specific","C326","lens-specific","yes"
"B","C039","Memory-working set piece runs long (Ch10)","pacing","-","snag","short of convergent","C327;C328;C329","lens-specific;noise suspect","no"
"B","C041","Museum destruction is spectacle, not decision (Ch11)","pacing","-","snag","short of convergent","C041","short of convergent","yes"
"B","C040","Parking-lot and breakfast banter delay the museum set piece (Ch11)","pacing","-","quibble","short of convergent","C042","short of convergent","yes"
"B","C042","Museum asides (soldier's poem, curator's handwriting) stall the scene (Ch11)","pacing","-","stopper","lens-specific","C330;C331","lens-specific","yes"
"B","C043","Healer scene runs long (Ch12)","pacing","-","quibble","short of convergent","C043;C332;C333","lens-specific;noise suspect;short of convergent","no"
"B","C328","Camp waking-up image","pacing","-","quibble","lens-specific","C334","lens-specific","yes"
"B","C329","Archive intake paperwork run","pacing","-","snag","lens-specific","C335","lens-specific","yes"
"B","C044","Hearts game runs too long and drains the threat (Ch13)","pacing","-","snag","convergent","C044","convergent","yes"
"B","C330","Onion sequence","pacing","-","snag","lens-specific","C336","lens-specific","yes"
"B","C331","Brass pins and hardware banter","pacing","-","quibble","lens-specific","C337","lens-specific","yes"
"B","C332","Mama Baga ""Stop"" section, lines 379-463","pacing","-","stopper","lens-specific","C338","lens-specific","yes"
"B","C333","""Yes."" / ""No."" exchange repeats the same argument","pacing","-","quibble","lens-specific","C339","lens-specific","yes"
"B","C334","Sentence listing too many objects","pacing","-","quibble","lens-specific","C340","lens-specific","yes"
"B","C335","""Together / separate"" wordless voices","pacing","-","quibble","lens-specific","C341","lens-specific","yes"
"B","C336","Small talk about archivist and Stansbury's sentences","pacing","-","quibble","lens-specific","C342","lens-specific","yes"
"B","C337","Rejoining mechanism explained twice","pacing","-","quibble","minority","C343","minority","yes"
"B","C338","explanation of overlapping signatures","pacing","-","quibble","noise suspect","C344","noise suspect","yes"
"B","C045","Emotional-weather fragment lists run long (Ch15)","pacing","-","quibble","lens-specific","C345;C346","lens-specific","yes"
"B","C046","Elizabeth's crying list runs one item too long (Ch16)","pacing","-","quibble","short of convergent","C045","short of convergent","yes"
"B","C047","Restitution scenes (Ch16) list their items and repeat the point","pacing","-","stopper","convergent","C046;C047","convergent;short of convergent","no"
"B","C048","Ch17 aftermath and recap passages run long","pacing","-","snag","convergent","C046;C347;C348;C350","convergent;lens-specific;noise suspect","no"
"B","C339","Elizabeth's apartment paragraph","pacing","-","quibble","lens-specific","C349","lens-specific","yes"
"B","C340","Postcards, field guide, blue-string letters list","pacing","-","quibble","noise suspect","C351","noise suspect","yes"
"B","C049","Ch18 five-routes exchange runs long","pacing","-","quibble","short of convergent","C048","short of convergent","yes"
"B","C050","Ch18 opening call and wagon banter run long","pacing","-","snag","lens-specific","C048;C352","lens-specific;short of convergent","no"
"B","C341","Shelves of other people's feelings","pacing","-","quibble","lens-specific","C353","lens-specific","yes"
"B","C342","chapter 18 reversal of chapter 1's last exchange","promise","+","mild","noise suspect","C354","noise suspect","yes"
"B","C343","Cake survives: understatement joke pays off the party detail","promise","+","strong","minority","C355","minority","yes"
"B","C344","""He still has it"" as a hook","promise","+","mild","minority","C356","minority","yes"
"B","C345","Spoon callback pays off the mixing spoon from Ch2","promise","+","strong","minority","C357","minority","yes"
"B","C346","Missing cookbook page as a hook","promise","+","strong","minority","C358","minority","yes"
"B","C347","Copying the blue notebook, HESS SAYS FOUR payoff","promise","+","strong","noise suspect","C359","noise suspect","yes"
"B","C348","""He lies, you know"" / ""I don't lie"" plant","promise","+","mild","noise suspect","C360","noise suspect","yes"
"B","C349","Elizabeth cutting Pathwell free with the foam dagger, payoff of ch5 line","promise","+","strong","noise suspect","C361","noise suspect","yes"
"B","C350","Elizabeth asking ""Do you want to come?""","promise","+","mild","noise suspect","C362","noise suspect","yes"
"B","C351","""Ask him what he chose"" gives a thing to hold","promise","+","strong","minority","C363","minority","yes"
"B","C352","Diary in the intake rack pays off at the fire","promise","+","mild","noise suspect","C364","noise suspect","yes"
"B","C353","""Pathwell still wasn't there"" as hook","promise","+","mild","minority","C365","minority","yes"
"B","C146","Chapter 13 ends on the threshold opening (Ch13)","promise","+","mild","short of convergent","C056","short of convergent","yes"
"B","C354","Milo shouting inside the fire as ending hook","promise","+","strong","minority","C366","minority","yes"
"B","C355","Sequel hook of no one waiting who needed him to fix anything","promise","+","mild","noise suspect","C367","noise suspect","yes"
"B","C052","Elizabeth's building and neighbours vanish from the story (Ch1-18)","promise","-","snag","minority","C049","minority","yes"
"B","C051","Why Pathwell was in Elizabeth's flat and why the creature came to her door is never explained (Ch1-17)","promise","-","snag","convergent","C050","convergent","yes"
"B","C356","the page left behind when she snatches the book","promise","-","quibble","minority","C368","minority","yes"
"B","C357","man goes still at the hall, never explained","promise","-","quibble","minority","C369","minority","yes"
"B","C358","'You really don't know?' and whether Elizabeth has any power of her own","promise","-","snag","lens-specific","C370","lens-specific","yes"
"B","C359","Cookbook promised but almost no food or cooking on the page","promise","-","snag","minority","C371","minority","yes"
"B","C360","shadow in Elizabeth's apartment window","promise","-","snag","minority","C372","minority","yes"
"B","C361","neighborhood changed (coffee shop became laundromat) never explained","promise","-","quibble","lens-specific","C373","lens-specific","yes"
"B","C362","Nana's spoon set up as a hook and then dropped","promise","-","quibble","lens-specific","C374","lens-specific","yes"
"B","C363","Stray names left unexplained (Boots joke dropped, Bakhtak, Thumper)","promise","-","quibble","noise suspect","C375","noise suspect","yes"
"B","C053","Pathwell's promise to answer all questions is never kept (Ch3)","promise","-","snag","short of convergent","C051","short of convergent","yes"
"B","C364","What the cookbook was for and how it links to the door","promise","-","snag","minority","C376","minority","yes"
"B","C365","lavender-scented loose page that drifts out","promise","-","snag","minority","C377","minority","yes"
"B","C054","The cookbook's weight is never explained (Ch3-4)","promise","-","quibble","short of convergent","C052","short of convergent","yes"
"B","C366","Rai Stone and thirty Lydian coins dangled","promise","-","quibble","minority","C378","minority","yes"
"B","C367","what the tome bought in Ch3 is never said","promise","-","snag","lens-specific","C379","lens-specific","yes"
"B","C368","origin of the cleanup creatures never explained","promise","-","quibble","noise suspect","C380","noise suspect","yes"
"B","C057","Who asked Pathwell for help, and what the problem was, is never named (Ch5-17)","promise","-","snag","convergent","C053","convergent","yes"
"B","C369","Saturday versus Friday mismatch never explained","promise","-","quibble","minority","C381","minority","yes"
"B","C370","Elizabeth's missed nine o'clock meeting, no consequence","promise","-","snag","minority","C382","minority","yes"
"B","C371","school closet door locks behind her, not revisited","promise","-","quibble","minority","C383","minority","yes"
"B","C372","Selling children's work question raised then left to banter","promise","-","snag","minority","C384","minority","yes"
"B","C373","Mint thud hook dropped immediately","promise","-","quibble","minority","C385","minority","yes"
"B","C055","Mirror reflection is wrong and the wrongness is never explained (Ch6-7)","promise","-","snag","short of convergent","C054","short of convergent","yes"
"B","C056","Bartender's hand moves before the glass and it goes nowhere (Ch6)","promise","-","quibble","short of convergent","C055","short of convergent","yes"
"B","C374","Elizabeth's mother mentioned once and dropped","promise","-","quibble","minority","C386","minority","yes"
"B","C375","'Which prune?' asked and answer withheld until Ch10","promise","-","snag","minority","C387","minority","yes"
"B","C376","Space Between never explained","promise","-","snag","minority","C388","minority","yes"
"B","C377","how many creatures there are and where they come from ('That one is gone')","promise","-","quibble","lens-specific","C389","lens-specific","yes"
"B","C378","what Shade became and whether a taken piece is dead, absorbed or returned","promise","-","snag","lens-specific","C390","lens-specific","yes"
"B","C379","Shade gets too little time and no scene of his own before he is taken","promise","-","snag","minority","C391","minority","yes"
"B","C380","Celia and the pears never return","promise","-","snag","minority","C392","minority","yes"
"B","C381","What Pathwell chose / the prune, never explained","promise","-","quibble","lens-specific","C393","lens-specific","yes"
"B","C382","third scrap of paper Stansbury brings down","promise","-","quibble","minority","C394","minority","yes"
"B","C383","Fate of the young woman from the wagon accident not confirmed","promise","-","quibble","minority","C395","minority","yes"
"B","C384","Nana's funeral page Elizabeth cannot finish","promise","-","quibble","minority","C396","minority","yes"
"B","C385","queen of spades token: power never shown","promise","-","quibble","lens-specific","C397","lens-specific","yes"
"B","C386","Foam dagger raised and never used","promise","-","quibble","minority","C398","minority","yes"
"B","C387","Pathwell's unheard whisper","promise","-","snag","minority","C399","minority","yes"
"B","C388","museum obligations stay separate and are never settled","promise","-","quibble","lens-specific","C400","lens-specific","yes"
"B","C389","Scar-removal thread set up and left open","promise","-","quibble","minority","C401","minority","yes"
"B","C390","Archive rule: donated pages are spent, archive keeps them","rule","+","strong","noise suspect","C402","noise suspect","yes"
"B","C391","copy rule closes the door on searching with a copy: rule, not character, blocks the move","rule","+","mild","lens-specific","C403","lens-specific","yes"
"B","C392","Mama Baga's rule for how workings fail","rule","+","strong","noise suspect","C404","noise suspect","yes"
"B","C058","The magic has no plain stated rules the reader can judge choices by (Ch1-18)","rule","-","snag","convergent","C035;C408","minority;short of convergent","no"
"B","C393","Grandmother's voice in the cookbook given only a rule, no reason","rule","-","quibble","minority","C405","minority","yes"
"B","C394","whether potential is one resource or two (what may be, future possibility, children's work)","rule","-","snag","lens-specific","C406","lens-specific","yes"
"B","C395","why bad familiar coffee steadies people, rule never stated","rule","-","quibble","lens-specific","C407","lens-specific","yes"
"B","C396","Cookbook page rule (spent not burned) shown but not stated","rule","-","quibble","lens-specific","C409","lens-specific","yes"
"B","C397","'fresh waste' is never defined","rule","-","quibble","lens-specific","C410","lens-specific","yes"
"B","C060","The waste-creature rule is dropped whenever it is inconvenient (Ch5-15)","rule","-","snag","short of convergent","C036","short of convergent","yes"
"B","C059","The dagger's cutting rule is applied inconsistently (Ch5-14)","rule","-","snag","lens-specific","C411","lens-specific","yes"
"B","C398","foam sword rule overpromises (does not stop the creature)","rule","-","quibble","lens-specific","C412","lens-specific","yes"
"B","C399","Nature of the draw (magic, flaw, or deliberate) unclear","rule","-","quibble","minority","C413","minority","yes"
"B","C400","the pull opens a threshold without a route mark when the plot needs it","rule","-","snag","lens-specific","C414","lens-specific","yes"
"B","C401","inherited-debt joke never confirmed as a rule","rule","-","quibble","lens-specific","C415","lens-specific","yes"
"B","C402","Sugar-cookie spell, magic in a recipe","strength","+","strong","noise suspect","C058","short of convergent","no"
"B","C061","Opening image of the stranger reading her diary works (Ch1)","strength","+","strong","short of convergent","C057","convergent","no"
"B","C062","The ""Don't think. What's your favorite recipe?"" drill pulls the reader in (Ch1)","strength","+","strong","short of convergent","C058","short of convergent","yes"
"B","C403","Opening scene is concrete and quick (her party, boxes, Nana, stranger)","strength","+","mild","minority","C057","convergent","no"
"B","C404","Opening line","strength","+","mild","minority","C416","minority","yes"
"B","C063","Low-tide smell works as a motif (Ch1-15)","strength","+","mild","short of convergent","C059","short of convergent","yes"
"B","C405","The cake being fine","strength","+","mild","minority","C417","minority","yes"
"B","C406","""Ready?"" ""No."" ""Perfect."" chapter endings","strength","+","strong","minority","C418","minority","yes"
"B","C407","Party paragraph: cheese cubes, cake saying ELIZ, banner","strength","+","strong","minority","C419","minority","yes"
"B","C408","Elizabeth's frightened, uncertain voice in Ch1 before she picks up the style","strength","+","mild","minority","C420","minority","yes"
"B","C064","Dry-cleaning ticket beat lands (Ch2-17)","strength","+","strong","short of convergent","C060","short of convergent","yes"
"B","C067","Tuesday/Thursday exchange lands (Ch2)","strength","+","mild","short of convergent","C061","short of convergent","yes"
"B","C065","Elizabeth's packed-up life in garbage bags (Ch2)","strength","+","strong","short of convergent","C062","short of convergent","yes"
"B","C066","Street dislocation: the coffee shop gone and a park that should not be there (Ch2)","strength","+","strong","convergent","C063","convergent","yes"
"B","C409","Elizabeth's concrete grief and small real irritations (door, dry-cleaning ticket)","strength","+","strong","minority","C421","minority","yes"
"B","C410","""Replaceable.""","strength","+","mild","minority","C422","minority","yes"
"B","C411","Pathwell refusing a last name","strength","+","mild","minority","C423","minority","yes"
"B","C068","The bookshop of kept lives is the book's best idea (Ch3)","strength","+","strong","convergent","C064","convergent","yes"
"B","C069","The aisle where Elizabeth catches other people's feelings is strong (Ch3)","strength","+","strong","short of convergent","C065","short of convergent","yes"
"B","C071","Paying with Pathwell's potential has real cost (Ch3)","strength","+","strong","lens-specific","C066","convergent","no"
"B","C412","terrible coffee that helps","strength","+","mild","noise suspect","C424","noise suspect","yes"
"B","C413","blood-god cat and the handcart humor","strength","+","mild","noise suspect","C425","noise suspect","yes"
"B","C070","The bookshop sacrifice is the strongest writing so far (Ch3)","strength","+","strong","short of convergent","C066","convergent","no"
"B","C414","""Don't make anything of that.""","strength","+","mild","minority","C426","minority","yes"
"B","C072","Pathwell's potential cost is paid in a visible body (Ch3-16)","strength","+","strong","minority","C066;C067","convergent;short of convergent","no"
"B","C415","the rules are good because the costs are real (overall)","strength","+","strong","minority","C067","short of convergent","no"
"B","C073","Giving up the cookbook page is the book's central cost (Ch4)","strength","+","strong","convergent","C068;C069","convergent;short of convergent","no"
"B","C076","Camp as a place of repair (Ch4)","strength","+","mild","short of convergent","C072","short of convergent","yes"
"B","C075","""Specificity is expensive."" lands (Ch4)","strength","+","strong","short of convergent","C071","short of convergent","yes"
"B","C416","archive humor (the beetle, Hess still arguing)","strength","+","mild","noise suspect","C073","short of convergent","no"
"B","C417","Healer, Mama Baga and archivist are people the reader can stand near","strength","+","mild","minority","C427","minority","yes"
"B","C418","Nana's voice: soup as an argument","strength","+","mild","minority","C428","minority","yes"
"B","C074","Cookbook given up in Ch4 pays off in the Ch15 fire (Ch4-15)","strength","+","strong","short of convergent","C070","short of convergent","yes"
"B","C419","'Not X. Y.' and fragment runs that earn their place","strength","+","strong","minority","C429","minority","yes"
"B","C420","Empty-hand-after-giving image passes from person to person","strength","+","mild","minority","C430","minority","yes"
"B","C421","Chicken-and-dumplings scene and Nana memory","strength","+","strong","minority","C431","minority","yes"
"B","C077","Nana's margin note ""MORE IF THEY'RE SICK"" carries her voice (Ch4)","strength","+","strong","short of convergent","C069;C074","convergent;short of convergent","no"
"B","C422","Pathwell performing in Ch4 sounds most like himself","strength","+","strong","minority","C432","minority","yes"
"B","C423","Children and Milo have voices the adults' rhythm doesn't touch","strength","+","strong","minority","C433","minority","yes"
"B","C424","Concrete odd detail in the camp archive notebook","strength","+","strong","minority","C073","short of convergent","no"
"B","C078","The Mr. and Mrs. Pathwell school bit (Ch5)","strength","+","strong","short of convergent","C076;C435","noise suspect;short of convergent","no"
"B","C079","Stansbury corrects Pathwell's dramatic version (Ch5)","strength","+","strong","short of convergent","C077","short of convergent","yes"
"B","C080","Foam-sword scene comedy (Ch5)","strength","+","mild","lens-specific","C078","lens-specific","yes"
"B","C081","Stansbury's children's-work argument (Ch5)","strength","+","strong","short of convergent","C079;C080","lens-specific;short of convergent","no"
"B","C425","Elizabeth grows more decisive each time she is told what to do","strength","+","strong","noise suspect","C434","noise suspect","yes"
"B","C082","Stansbury's first definition of waste and failed workings (Ch5)","strength","+","strong","short of convergent","C436;C439","minority","no"
"B","C426","""Run out of ways to say I don't know"" joke","strength","+","mild","minority","C437","minority","yes"
"B","C427","School scene and car ride move quickly","strength","+","mild","minority","C438","minority","yes"
"B","C428","'Her door.' / 'Was it?' hook","strength","+","mild","minority","C440","minority","yes"
"B","C083","Elizabeth frees Pathwell with the dagger (Ch7)","strength","+","strong","short of convergent","C081","short of convergent","yes"
"B","C429","Keys handed over, passenger seat callback","strength","+","strong","noise suspect","C441","noise suspect","yes"
"B","C084","The brothers' fish-and-bar argument (Ch6)","strength","+","strong","short of convergent","C082;C442","noise suspect;short of convergent","no"
"B","C085","""Wet. Heavy."" sting at the end of Ch6 echoes Ch1","strength","+","strong","convergent","C085","convergent","yes"
"B","C430","the book noticing its own withholding","strength","+","mild","noise suspect","C443","noise suspect","yes"
"B","C431","Brothers' bar scene and first interior passage on Pathwell; 'Mine.' lands","strength","+","strong","minority","C084","short of convergent","no"
"B","C086","Mirror self-recognition passage (Ch6)","strength","+","strong","short of convergent","C083;C444","minority;short of convergent","no"
"B","C432","Tab joke","strength","+","mild","minority","C445","minority","yes"
"B","C433","""Points in an unpleasant direction"" / ""Mine.""","strength","+","mild","minority","C084","short of convergent","no"
"B","C434","Reveal that it came for him; Elizabeth lets him have it","strength","+","mild","minority","C446","minority","yes"
"B","C087","Elizabeth's car speech about becoming the driver (Ch7)","strength","+","strong","convergent","C086","convergent","yes"
"B","C435","Second blob goes after Pathwell, not Elizabeth, flipping chosen-one premise","strength","+","strong","noise suspect","C447","noise suspect","yes"
"B","C436","""Anything missing?"" / ""Several dignities.""","strength","+","mild","noise suspect","C448","noise suspect","yes"
"B","C437","Pathwell telling her to drive","strength","+","mild","noise suspect","C449","noise suspect","yes"
"B","C438","Elizabeth makes her first choice against the brothers","strength","+","strong","minority","C450","minority","yes"
"B","C439","Quick parking-lot fight and car-driving hook","strength","+","mild","minority","C451","minority","yes"
"B","C088","Elizabeth crashes the car on purpose (Ch8)","strength","+","strong","convergent","C087","convergent","yes"
"B","C440","Shade's flat refusals","strength","+","mild","noise suspect","C452","noise suspect","yes"
"B","C441","Shade's introduction in the headlights","strength","+","strong","noise suspect","C453","noise suspect","yes"
"B","C442","Elizabeth following another man who sounded certain","strength","+","mild","noise suspect","C454","noise suspect","yes"
"B","C089","""Same ingredients. Different recipe."" reveal lands (Ch8)","strength","+","strong","short of convergent","C088","convergent","no"
"B","C443","Opening: choosing where to crash","strength","+","strong","minority","C087","convergent","no"
"B","C444","""Got her name right"" line","strength","+","strong","minority","C455","minority","yes"
"B","C445","Ending line about the accident","strength","+","mild","minority","C456","minority","yes"
"B","C446","Shade's hand fighting him, shown not explained","strength","+","strong","minority","C091","short of convergent","no"
"B","C447","Shade wanting coffee as first fully believed line","strength","+","mild","minority","C457","minority","yes"
"B","C448","Shade's flat dry voice, distinct from Pathwell","strength","+","strong","minority","C458","minority","yes"
"B","C449","Book's subject: care versus control, deciding for others","strength","+","mild","minority","C459","minority","yes"
"B","C450","Shade as an idea: a doubled man with remembered things","strength","+","strong","minority","C088","convergent","no"
"B","C092","The diner gives Shade a specific voice and habits (Ch9)","strength","+","strong","short of convergent","C460;C469;C471","minority;noise suspect","no"
"B","C090","""You were never the point"" refuses the chosen-one move (Ch9)","strength","+","strong","convergent","C089","convergent","yes"
"B","C091","Shade's borrowed memories are specific fragments (Ch9)","strength","+","strong","short of convergent","C090;C466","minority;short of convergent","no"
"B","C451","Shade correcting ""We used to—""","strength","+","mild","noise suspect","C461","noise suspect","yes"
"B","C452","Elizabeth asks the questions herself in the diner","strength","+","strong","minority","C462","minority","yes"
"B","C453","Shade on certainty, the book's first moral idea about Pathwell's wrong","strength","+","strong","minority","C463","minority","yes"
"B","C454","Carrying pieces of an answer line","strength","+","strong","minority","C464","minority","yes"
"B","C455","""Don't make that sentence larger""","strength","+","mild","minority","C465","minority","yes"
"B","C456","Running gag about meeting on the road twenty-five minutes ago","strength","+","mild","minority","C467","minority","yes"
"B","C457","Shade admitting Elizabeth is partly leverage","strength","+","mild","minority","C468","minority","yes"
"B","C458","Pathwell would have done that. Probably.","strength","+","mild","minority","C470","minority","yes"
"B","C093","Shade's right-hand motif pays off (Ch9-15)","strength","+","strong","minority","C091","short of convergent","no"
"B","C094","Pathwell's van confession (Ch10)","strength","+","strong","convergent","C092;C093","convergent;short of convergent","no"
"B","C096","Grocery-list tracking spell and the unsent letter (Ch10)","strength","+","strong","convergent","C094","convergent","yes"
"B","C459","Stansbury copying before anything is spent","strength","+","mild","noise suspect","C472","noise suspect","yes"
"B","C460","Ch10 laugh lines (the axle, Bank it)","strength","+","mild","noise suspect","C473","noise suspect","yes"
"B","C095","Elizabeth refuses to be Pathwell's excuse (Ch10)","strength","+","strong","short of convergent","C093","short of convergent","yes"
"B","C461","Unsent letter and magic that loosens the handwriting","strength","+","strong","minority","C094","convergent","no"
"B","C097","Accession cards and household ledgers show what magic breaks (Ch11)","strength","+","strong","convergent","C095","convergent","yes"
"B","C462","Pathwell breaks his van promise and the book doesn't let him off","strength","+","strong","noise suspect","C098","lens-specific","no"
"B","C463","Wrecked room of loose feelings","strength","+","strong","noise suspect","C474","noise suspect","yes"
"B","C098","Elizabeth chooses Camp at the wall (Ch11)","strength","+","mild","short of convergent","C097","short of convergent","yes"
"B","C464","Sam's notebook and the end of the war","strength","+","strong","noise suspect","C095","convergent","no"
"B","C465","Pathwell says ""All right"" then does it anyway, shown from his side","strength","+","strong","noise suspect","C098","lens-specific","no"
"B","C100","Elizabeth's broken shoulder is a lasting cost (Ch11-17)","strength","+","strong","short of convergent","C099","short of convergent","yes"
"B","C466","cannon aimed at the gift shop","strength","+","mild","noise suspect","C475","noise suspect","yes"
"B","C467","Pathwell's exit line","strength","+","mild","noise suspect","C097","short of convergent","no"
"B","C468","costs of the harm stay on the page","strength","+","strong","noise suspect","C067","short of convergent","no"
"B","C469","Shade's hand trying to turn toward Pathwell","strength","+","mild","minority","C476","minority","yes"
"B","C470","""She banned me twice.""","strength","+","mild","minority","C477","minority","yes"
"B","C099","Pathwell's ""I did that."" lands on the destruction (Ch11)","strength","+","strong","short of convergent","C100","short of convergent","yes"
"B","C471","Daniel Vale letters lost, substitutes refused","strength","+","strong","minority","C096","short of convergent","no"
"B","C472","Shade stepping on squeaky floorboard on purpose","strength","+","strong","minority","C478","minority","yes"
"B","C473","Shade saying only Sorry after grabbing Elizabeth's arm, no accusing Pathwell","strength","+","mild","minority","C479","minority","yes"
"B","C474","Breakfast exchange between Shade and Pathwell","strength","+","mild","minority","C480","minority","yes"
"B","C475","'That's what you said at the museum' catches the hero","strength","+","strong","minority","C481","minority","yes"
"B","C101","Healer asks before touching the shoulder (Ch12)","strength","+","strong","lens-specific","C101","convergent","no"
"B","C103","Diary to-do list and Nana's spoon checklist (Ch12)","strength","+","strong","short of convergent","C103","short of convergent","yes"
"B","C102","Donor permission card joke (Ch12)","strength","+","strong","convergent","C102","convergent","yes"
"B","C476","turnip boy running gag","strength","+","mild","noise suspect","C482","noise suspect","yes"
"B","C477","""Efficient system"" and paperwork line","strength","+","mild","minority","C483","minority","yes"
"B","C478","Shade's humiliation and dropped spoon humanise him","strength","+","mild","minority","C484","minority","yes"
"B","C479","Healer's 'Good.' / 'I disagree with your use of the word.'","strength","+","mild","minority","C485","minority","yes"
"B","C480","Museums as injury category joke","strength","+","mild","minority","C486","minority","yes"
"B","C481","Shoulder reset written with restraint","strength","+","strong","minority","C101","convergent","no"
"B","C482","Diary handover: she could take it back and does not","strength","+","strong","minority","C487","minority","yes"
"B","C104","Camp keeps asking Shade what he wants (Ch13)","strength","+","strong","short of convergent","C104","short of convergent","yes"
"B","C105","Shade drinks the coffee and echoes Pathwell (Ch13)","strength","+","strong","short of convergent","C105","short of convergent","yes"
"B","C106","Milo says Shade looks like Pathwell (Ch13)","strength","+","strong","short of convergent","C106","short of convergent","yes"
"B","C483","queen of spades image","strength","+","mild","noise suspect","C107","short of convergent","no"
"B","C107","Shade becomes a person at the card table (Ch13)","strength","+","strong","short of convergent","C108;C489","minority;short of convergent","no"
"B","C484","queen of spades laid early, paid late","strength","+","strong","minority","C107","short of convergent","no"
"B","C485","Shade states a want for the first time","strength","+","strong","minority","C488","minority","yes"
"B","C486","Queen of spades pocketed then returned to Milo","strength","+","mild","minority","C107","short of convergent","no"
"B","C487","Mama Baga's blunt line","strength","+","mild","minority","C490","minority","yes"
"B","C488","Threshold opens mid card game","strength","+","mild","minority","C491","minority","yes"
"B","C108","Shade refuses to be the rejoining anchor (Ch14)","strength","+","strong","short of convergent","C110","short of convergent","yes"
"B","C111","The burning archive image (Ch14)","strength","+","strong","convergent","C112","convergent","yes"
"B","C110","Stansbury's responsibility speech states the book's thesis (Ch14)","strength","+","strong","convergent","C109","convergent","yes"
"B","C109","Shade's argument that the result does not decide the choice (Ch14)","strength","+","strong","short of convergent","C110","short of convergent","yes"
"B","C489","Mama Baga's ""better coat"" line","strength","+","mild","noise suspect","C492","noise suspect","yes"
"B","C112","Shade's death and exit lines (Ch15)","strength","+","strong","short of convergent","C117","short of convergent","yes"
"B","C490","Stakes finally visible: child trapped, archive burning, diary and cookbook in smoke","strength","+","mild","minority","C493","minority","yes"
"B","C491","rejoining frame fails on intent; Mama Baga states the rule; Elizabeth with unused dagger","strength","+","strong","minority","C111","short of convergent","no"
"B","C492","Shade defending Stansbury's pride","strength","+","strong","minority","C494","minority","yes"
"B","C493","Shade asking the question the book circles","strength","+","strong","minority","C495","minority","yes"
"B","C494","Mama Baga's sharp lines about the working","strength","+","strong","minority","C111","short of convergent","no"
"B","C115","The cookbook and diary burn with no magical payoff (Ch15)","strength","+","strong","convergent","C113","convergent","yes"
"B","C495","Milo's sock finally stays up","strength","+","strong","noise suspect","C496","noise suspect","yes"
"B","C496","Pathwell asks and accepts Stansbury's no","strength","+","mild","noise suspect","C497","noise suspect","yes"
"B","C113","Shade walks into the blob: ""You still owe me a hand"" (Ch15)","strength","+","strong","short of convergent","C114","short of convergent","yes"
"B","C116","Elizabeth runs past her diary and cookbook to save Milo (Ch15)","strength","+","strong","short of convergent","C113;C499;C500","convergent;minority","no"
"B","C114","""Will you stay?"" / ""No."" exchange (Ch15)","strength","+","strong","short of convergent","C115","short of convergent","yes"
"B","C497","Stansbury at the window","strength","+","mild","noise suspect","C498","noise suspect","yes"
"B","C498","""Two men react at once"" makes the draw clear","strength","+","mild","minority","C501","minority","yes"
"B","C499","Shade's death is paid and final, nothing returned","strength","+","strong","minority","C502","minority","yes"
"B","C500","Stansbury's burned hand and permanent scar","strength","+","strong","minority","C503","minority","yes"
"B","C117","""Shade did not either."" closes Ch15","strength","+","strong","short of convergent","C116","short of convergent","yes"
"B","C501","First 'I know.' in Ch15 earns itself","strength","+","mild","minority","C504","minority","yes"
"B","C502","Pain-and-humor lines land","strength","+","mild","minority","C505","minority","yes"
"B","C503","Aphorism about a morning lands","strength","+","mild","minority","C506","minority","yes"
"B","C121","Archivist's ledger entry for Shade (Ch16)","strength","+","strong","convergent","C118","convergent","yes"
"B","C120","Elizabeth refuses to make Pathwell's guilt useful (Ch16)","strength","+","strong","convergent","C119","convergent","yes"
"B","C504","Pathwell accepts scar treatment limit","strength","+","mild","noise suspect","C507","noise suspect","yes"
"B","C505","Milo and Shade's debt","strength","+","strong","noise suspect","C114","short of convergent","no"
"B","C119","Mama Baga defines Shade as a person (Ch16)","strength","+","strong","short of convergent","C120","short of convergent","yes"
"B","C506","Ch16 laugh lines (advertisement, Shade's coffee)","strength","+","mild","noise suspect","C508","noise suspect","yes"
"B","C118","Mama Baga's restitution scene is the book's thesis (Ch16)","strength","+","strong","short of convergent","C121","convergent","no"
"B","C507","Healer and Milo banter","strength","+","mild","minority","C509","minority","yes"
"B","C508","""Loss didn't care much about paperwork.""","strength","+","mild","minority","C510","minority","yes"
"B","C509","""Alive.""","strength","+","mild","minority","C511","minority","yes"
"B","C510","Camp's restitution terms say who sets the price","strength","+","strong","minority","C121","convergent","no"
"B","C511","Elizabeth's crying, a specific list of losses","strength","+","mild","minority","C512","minority","yes"
"B","C122","Pathwell stops himself offering Henry Vale's letters (Ch17)","strength","+","strong","short of convergent","C122","short of convergent","yes"
"B","C123","Shelf-rack argument and ""diseased lemon"" (Ch17)","strength","+","mild","short of convergent","C123","short of convergent","yes"
"B","C512","copying HESS SAYS FOUR with the uneven capitals","strength","+","mild","noise suspect","C513","noise suspect","yes"
"B","C513","Hearts game and queen of spades echoing Shade","strength","+","mild","noise suspect","C107","short of convergent","no"
"B","C514","Elizabeth's apartment taking time to become hers","strength","+","mild","noise suspect","C514","noise suspect","yes"
"B","C124","Elizabeth's written statement records what happened (Ch17)","strength","+","strong","short of convergent","C124","short of convergent","yes"
"B","C515","""The choice was ridiculous. It was still hers.""","strength","+","mild","minority","C515","minority","yes"
"B","C125","Elizabeth calls it evidence, not redemption (Ch17)","strength","+","strong","short of convergent","C125","short of convergent","yes"
"B","C516","Hearts scene funny and short","strength","+","mild","minority","C516","minority","yes"
"B","C126","Elizabeth's ending: she wanted to go (Ch17-18)","strength","+","strong","short of convergent","C126","short of convergent","yes"
"B","C517","Curator refuses substitution; facsimile card","strength","+","strong","minority","C096","short of convergent","no"
"B","C127","Merritt cookbook margin note ""RUTH LIED ABOUT THE LARD"" (Ch18)","strength","+","strong","convergent","C074","convergent","yes"
"B","C518","Elizabeth less frightened of the Space Between","strength","+","mild","noise suspect","C517","noise suspect","yes"
"B","C519","Pathwell shelving the cookbook square to the edge","strength","+","strong","noise suspect","C075","short of convergent","no"
"B","C520","Ch18 laugh lines (OUT OF ORDER door, geese)","strength","+","mild","noise suspect","C518","noise suspect","yes"
"B","C128","The ending hands the choice back: ""Do you want to come?"" (Ch18)","strength","+","strong","short of convergent","C127","short of convergent","yes"
"B","C521","""House-trained by consequences"" line","strength","+","mild","minority","C519","minority","yes"
"B","C522","Geese run builds into a good joke","strength","+","strong","minority","C520","minority","yes"
"B","C523","Quiet callback closers work","strength","+","mild","minority","C521","minority","yes"
"B","C524","Apartment joke with a turn","strength","+","mild","minority","C522","minority","yes"
"B","C525","Pathwell closes the book; no speech","strength","+","mild","minority","C075","short of convergent","no"
"B","C129","Ch18 bookends Ch1's ""Are you ready?"" (Ch1, Ch18)","structure","+","mild","short of convergent","C027","short of convergent","yes"
"B","C526","Book gives Shade's origin openly and moves to what to do about it","structure","+","mild","noise suspect","C523","noise suspect","yes"
"B","C527","Cliffhanger seam of light between trees","structure","+","mild","noise suspect","C524","noise suspect","yes"
"B","C528","First three chapters are lore and capitalised nouns before human stakes appear in Ch4","structure","-","snag","minority","C525","minority","yes"
"B","C529","Nana's death only a passing mention in the diary list, no scene","structure","-","snag","minority","C526","minority","yes"
"B","C530","Book unsure which question it cares about (who decides about others' things; whether the wrongdoer can be trusted)","structure","-","quibble","lens-specific","C527","lens-specific","yes"
"B","C531","World is a string of rooms joined by convenient doors","structure","-","snag","noise suspect","C528","noise suspect","yes"
"B","C532","exit from the Space Between not shown","structure","-","quibble","minority","C529","minority","yes"
"B","C147","Diary donation repeats the cookbook donation (Ch4, Ch12)","structure","-","snag","convergent","C025","convergent","yes"
"B","C533","Section ends are short flat declaratives, predictable by Ch12","structure","-","snag","minority","C530","minority","yes"
"B","C534","Folklore catalogue used as costume; names change no one's behaviour","structure","-","snag","minority","C531","minority","yes"
"B","C535","Shade/prune answer given by confession, no clues to detect","structure","-","snag","minority","C532","minority","yes"
"B","C536","the brothers keep withholding explanations; Elizabeth becomes the driver","structure","-","quibble","minority","C533","minority","yes"
"B","C537","Shade's identity guessable on arrival","structure","-","quibble","noise suspect","C534","noise suspect","yes"
"B","C538","Wanted more of Shade; he dies to a joke","structure","-","quibble","minority","C535","minority","yes"
"B","C539","scene break puts Elizabeth and van on same road with no timeline","structure","-","quibble","minority","C536","minority","yes"
"B","C540","Shade as furniture by the wagon door with no stated want","structure","-","snag","minority","C537","minority","yes"
"B","C148","Milo trapped in the burning archive is a stock peril (Ch14)","structure","-","quibble","convergent","C026","convergent","yes"
"B","C541","Fire is the chapter's focus; Shade bystander in last third","structure","-","quibble","minority","C538","minority","yes"
"B","C542","Shade's death cleans up draw, spill and blobs, plot cleanup","structure","-","snag","minority","C539","minority","yes"
"B","C543","day-count montage","structure","-","snag","noise suspect","C540","noise suspect","yes"
"B","C544","Chapter front-loaded with banter, payoff late","structure","-","quibble","lens-specific","C541","lens-specific","yes"
"B","C545","Chapter 18 is mostly callbacks","structure","-","quibble","minority","C542","minority","yes"
"B","C546","Cold open: stranger reading her diary, cake line","tone","+","mild","noise suspect","C543","noise suspect","yes"
"B","C547","Early banter (Tuesday/Thursday, one-name, paper or plastic)","tone","+","mild","noise suspect","C544","noise suspect","yes"
"B","C548","second-person aside about the town","tone","+","mild","noise suspect","C545","noise suspect","yes"
"B","C549","Brothers' fish argument and bar banter","tone","+","mild","noise suspect","C546","noise suspect","yes"
"B","C550","Peas and axle banter","tone","+","mild","noise suspect","C547","noise suspect","yes"
"B","C551","Museum banter","tone","+","mild","noise suspect","C548","noise suspect","yes"
"B","C552","Donor permission card joke","tone","+","mild","noise suspect","C549","noise suspect","yes"
"B","C553","Milo's foot-purple banter","tone","+","mild","noise suspect","C550","noise suspect","yes"
"B","C554","Standing-beautifully banter","tone","+","mild","noise suspect","C551","noise suspect","yes"
"B","C555","Healing banter","tone","+","mild","noise suspect","C552","noise suspect","yes"
"B","C556","Unreasonable government joke","tone","+","mild","noise suspect","C553","noise suspect","yes"
"B","C557","Phone call restraint comedy","tone","+","mild","noise suspect","C554","noise suspect","yes"
"B","C558","Pathwell as know-it-all quirky guide","tone","-","quibble","noise suspect","C555","noise suspect","yes"
"B","C559","Ch1 action prose has comma splices and fragments","tone","-","snag","lens-specific","C556","lens-specific","yes"
"B","C560","Cookbook's sentimental pull delivered by flashback; 'Because it was hers'","tone","-","quibble","minority","C557","minority","yes"
"B","C561","Ending hook about Pathwell still having the diary","tone","-","quibble","noise suspect","C558","noise suspect","yes"
"B","C562","'Tuesday' / 'It's Thursday.' gag","tone","-","quibble","minority","C559","minority","yes"
"B","C563","Dumpling comedy runs while her panic is in the next paragraph; grief solved by a dumpling","tone","-","quibble","minority","C560","minority","yes"
"B","C564","Pathwell burning scene wording","tone","-","quibble","noise suspect","C561","noise suspect","yes"
"B","C143","Quips undercut grief and loss (Ch3-18)","tone","-","snag","minority","C562;C563;C602","minority","yes"
"B","C141","Narrator explains what the scene already showed (Ch4-18)","tone","-","snag","convergent","C564;C570;C581;C583;C587;C588","lens-specific;minority;noise suspect","no"
"B","C565","Fall-in-the-woods paragraph reaches for a metaphor and misses","tone","-","snag","lens-specific","C565","lens-specific","yes"
"B","C566","Stock wise elder and archivist with engineered quotability; children handled","tone","-","quibble","minority","C566","minority","yes"
"B","C567","School sequence is a sitcom template; foam swords and adult cast playing at children","tone","-","snag","minority","C567","minority","yes"
"B","C568","Elizabeth's mom 'red sky at night' line is generic","tone","-","quibble","noise suspect","C568","noise suspect","yes"
"B","C569","""Not now. Not here. Not necessarily not her."" sentence","tone","-","quibble","noise suspect","C569","noise suspect","yes"
"B","C570","Elizabeth deliberately drives off the road, others shrug it off","tone","-","stopper","minority","C571","minority","yes"
"B","C571","Elizabeth's line comparing Shade and Pathwell","tone","-","quibble","minority","C572","minority","yes"
"B","C572","Pathwell backstory handed over as tidy exposition","tone","-","quibble","minority","C573","minority","yes"
"B","C573","Elizabeth states the theme aloud","tone","-","quibble","noise suspect","C574","noise suspect","yes"
"B","C574","Civil War brothers statues a wink too many","tone","-","quibble","noise suspect","C575","noise suspect","yes"
"B","C144","Jokes arrive too soon after serious beats (Ch11)","tone","-","quibble","short of convergent","C576;C579","minority;noise suspect","no"
"B","C142","Narrator explains the wall and homesickness fragments (Ch11)","tone","-","snag","minority","C577;C578","minority","yes"
"B","C575","'Elizabeth started crying and had no idea why' tells rather than shows","tone","-","quibble","minority","C580","minority","yes"
"B","C576","Narrator explaining Shade's withheld Pathwell knowledge","tone","-","quibble","minority","C582","minority","yes"
"B","C577","Everyone is wise, dry and kind; no one is wrong at a cost","tone","-","snag","lens-specific","C584","lens-specific","yes"
"B","C578","Overwrought climax prose","tone","-","quibble","minority","C585","minority","yes"
"B","C579","'blob' is a flat word for what kills Shade","tone","-","quibble","lens-specific","C586","lens-specific","yes"
"B","C580","Restitution tribunal with Mama Baga","tone","-","snag","noise suspect","C589","noise suspect","yes"
"B","C581","Mama Baga's 'Person' line after the ledger","tone","-","quibble","noise suspect","C590","noise suspect","yes"
"B","C582","Narrator's moral gloss on the burn","tone","-","quibble","noise suspect","C591","noise suspect","yes"
"B","C583","Elizabeth's second speech after that line","tone","-","quibble","noise suspect","C592","noise suspect","yes"
"B","C584","Elizabeth's crying list","tone","-","snag","noise suspect","C593","noise suspect","yes"
"B","C585","closing line about Pathwell not deciding","tone","-","quibble","noise suspect","C594","noise suspect","yes"
"B","C145","Ch17 summary paragraphs restate the arc (Ch17)","tone","-","snag","convergent","C128;C597","lens-specific;minority","no"
"B","C586","""She called it evidence"" line","tone","-","quibble","noise suspect","C595","noise suspect","yes"
"B","C587","Narrator explains adventure and the diner","tone","-","snag","minority","C596","minority","yes"
"B","C588","Section endings say what was just shown","tone","-","quibble","noise suspect","C598","noise suspect","yes"
"B","C589","Post-cookbook aside blunts the emotional beat","tone","-","snag","minority","C599","minority","yes"
"B","C590","Shopkeeper sentence overloaded with a six-item list that depends on other chapters","tone","-","snag","lens-specific","C600","lens-specific","yes"
"B","C591","Stock or quote-page lines","tone","-","quibble","lens-specific","C601","lens-specific","yes"
"B","C130","Ch1's ""Wet thud"" beat is repeated (Ch1, Ch6)","voice/repetition","-","quibble","short of convergent","C130","short of convergent","yes"
"B","C592","""Pathwell went still"" repeated","voice/repetition","-","snag","noise suspect","C603","noise suspect","yes"
"B","C593","Repeated reassurance tags in the exit dialogue","voice/repetition","-","quibble","minority","C604","minority","yes"
"B","C131","Ch8 opens by repeating Ch1's first line (Ch1, Ch8)","voice/repetition","-","snag","convergent","C129","convergent","yes"
"B","C594","'Good.' as a filler one-word reply","voice/repetition","-","quibble","lens-specific","C605","lens-specific","yes"
"B","C132","""Perfect."" used as a recurring reply (Ch1, Ch18)","voice/repetition","-","snag","short of convergent","C131","short of convergent","yes"
"B","C595","Man restates urgency and deflects the same way repeatedly","voice/repetition","-","quibble","lens-specific","C606","lens-specific","yes"
"B","C596","Participle-opener sentences four times","voice/repetition","-","quibble","lens-specific","C607","lens-specific","yes"
"B","C597","Tense slips and fragments used as stage directions","voice/repetition","-","quibble","minority","C608","minority","yes"
"B","C598","""Three weeks"" repeated","voice/repetition","-","quibble","minority","C609","minority","yes"
"B","C599","Repeated beat: cheerful Pathwell, upset Elizabeth, mock-wise remark","voice/repetition","-","snag","minority","C610","minority","yes"
"B","C600","Pathwell refuses a last name; quip doing the work of character, echoed by Shade in Ch8","voice/repetition","-","quibble","minority","C611","minority","yes"
"B","C601","Memory trigger repeats: a smell, voice or song brings a childhood memory in every quiet passage","voice/repetition","-","quibble","minority","C612","minority","yes"
"B","C602","Pathwell's dialogue is lines not a person; nothing costs him","voice/repetition","-","quibble","minority","C613","minority","yes"
"B","C133","""That was the choice."" line is repeated (Ch4, Ch15)","voice/repetition","-","snag","convergent","C132","convergent","yes"
"B","C134","Milo's falling-sock gag repeats (Ch4-15)","voice/repetition","-","snag","convergent","C133","convergent","yes"
"B","C603","copy-keeps-the-words-not-the-thing rule restated five times","voice/repetition","-","quibble","minority","C614","minority","yes"
"B","C136","Every character speaks in the same dry register (Ch4-18)","voice/repetition","-","snag","convergent","C134;C135;C615;C637;C638;C646","lens-specific;minority;short of convergent","no"
"B","C604","'looked at' as the reaction beat, about 112 uses","voice/repetition","-","snag","lens-specific","C616","lens-specific","yes"
"B","C135","""Waited."" used as a repeated beat (Ch4-15)","voice/repetition","-","quibble","short of convergent","C136","short of convergent","yes"
"B","C605","Mama Baga's mouth moved at one corner, identical both times","voice/repetition","-","quibble","lens-specific","C617","lens-specific","yes"
"B","C137","""Not X. Y."" fragment pairs are overused (Ch4-13)","voice/repetition","-","snag","short of convergent","C137","short of convergent","yes"
"B","C606","'I know.' as a standalone reply, about 13 times","voice/repetition","-","quibble","lens-specific","C618","lens-specific","yes"
"B","C607","'Of course' as a repeated aside","voice/repetition","-","quibble","lens-specific","C619","lens-specific","yes"
"B","C608","'disappeared' used 11 times as a flat verb","voice/repetition","-","quibble","lens-specific","C620","lens-specific","yes"
"B","C609","'as if / as though' crowded in Ch4","voice/repetition","-","quibble","lens-specific","C621","lens-specific","yes"
"B","C610","Boy delivers a line then disappears, repeated exit","voice/repetition","-","quibble","lens-specific","C622","lens-specific","yes"
"B","C611","'nodded' 22 times, 11 in Ch4","voice/repetition","-","quibble","lens-specific","C623","lens-specific","yes"
"B","C612","Near-miss constructions 'nearly / almost'","voice/repetition","-","quibble","lens-specific","C624","lens-specific","yes"
"B","C613","Bad drink that comforts joke used twice","voice/repetition","-","quibble","lens-specific","C625","lens-specific","yes"
"B","C139","Second-person narrator aside in the town paragraph (Ch5)","voice/repetition","-","quibble","convergent","C138","convergent","yes"
"B","C614","Characters answering ""I don't know"" again and again","voice/repetition","-","snag","minority","C626","minority","yes"
"B","C615","Sibling banter engine and running gags (noodle, fish, peas, mounted fish, sock-style buttons)","voice/repetition","-","snag","minority","C627","minority","yes"
"B","C616","'Not here' / 'In the car' withholding reads as a device","voice/repetition","-","snag","minority","C628","minority","yes"
"B","C617","Shade's right hand mentioned five times","voice/repetition","-","snag","minority","C629","minority","yes"
"B","C618","Pathwell comparisons made of Shade","voice/repetition","-","quibble","minority","C630","minority","yes"
"B","C138","Stock one-word replies (""Probably."", ""Fair."") repeat (Ch9)","voice/repetition","-","quibble","short of convergent","C139;C631","lens-specific;short of convergent","no"
"B","C619","Shade's jaw tightened and 'Shade's [body part] stopped' tags","voice/repetition","-","quibble","lens-specific","C632","lens-specific","yes"
"B","C620","Diner described as a catalogue of furniture; comparison does no work","voice/repetition","-","quibble","minority","C633","minority","yes"
"B","C621","'Observation. Not memory.' used three times; recap paragraph checks reader is keeping up","voice/repetition","-","quibble","minority","C634","minority","yes"
"B","C622","Running 'Lizzy' joke across chapters","voice/repetition","-","quibble","minority","C635","minority","yes"
"B","C623","POV slip into Pathwell's side of the room","voice/repetition","-","quibble","noise suspect","C636","noise suspect","yes"
"B","C624","'Important distinction.' repeated word for word","voice/repetition","-","quibble","lens-specific","C135","short of convergent","no"
"B","C625","Space Between coffee joke reused","voice/repetition","-","quibble","noise suspect","C639","noise suspect","yes"
"B","C626","Coffee paragraph ""He knew"" run","voice/repetition","-","quibble","minority","C640","minority","yes"
"B","C627","Mama Baga's repeated ""Stop""","voice/repetition","-","quibble","noise suspect","C641","noise suspect","yes"
"B","C140","Shade speaks in Pathwell's technical vocabulary (Ch14)","voice/repetition","-","snag","lens-specific","C642;C643","lens-specific","yes"
"B","C628","Same 'emotional weather ... breaking loose' sentence twice","voice/repetition","-","quibble","lens-specific","C644","lens-specific","yes"
"B","C629","Tags ""Elizabeth looked at..."" between lines","voice/repetition","-","quibble","minority","C645","minority","yes"
"B","C630","Pathwell proposes, archivist refuses, Pathwell complies (rack, cabinets, board, wagon)","voice/repetition","-","snag","minority","C647","minority","yes"
"B","C631","Catalogue of absences told three times","voice/repetition","-","snag","lens-specific","C648","lens-specific","yes"
"B","C632","Elizabeth smiles despite herself, four times in Ch18","voice/repetition","-","quibble","lens-specific","C649","lens-specific","yes"
