"id","lens","run","model","chapters","subject","type","polarity","quote","severity","prompted","rank","source"
"reluctant#002","reluctant","1","haiku","Ch1","Who the intruder is and why he reads her diary","confusion","-","reading her diary like a magazine in a waiting room","quibble","unprompted","","log.md Ch1"
"reluctant#003","reluctant","1","haiku","Ch1;Ch15","What the blob is and the low tide smell","confusion","-","Low tide, a long way from any sea.","snag","unprompted","","log.md Ch1"
"reluctant#004","reluctant","1","haiku","Ch1","What 'marked' means and what happens if she stays","confusion","-","your house has now been marked, magically speaking.","snag","unprompted","","log.md Ch1"
"reluctant#005","reluctant","1","haiku","Ch1;Ch2;Ch4","Why a recipe works as key and why Nana's voice is in the cookbook","confusion","-","Because it was hers","quibble","unprompted","","log.md Ch1"
"skimmer#004","skimmer","1","haiku","Ch1","Staging of the fight with the blob","confusion","-","It rolled over the gold on the carpet, and the gold went out.","snag","unprompted","","chain_log.md Sitting 1 (c)"
"skimmer#006","skimmer","1","haiku","Ch1;Ch4;Ch9","Unnamed man, unexplained blob and what ""marked"" means","confusion","-","your house has now been marked, magically speaking","quibble","unprompted","","chain_log.md Sitting 1 (b)"
"reluctant#006","reluctant","1","haiku","Ch2","Pathwell's name and why he gives only one","confusion","-","Don't need one. Saves everybody time.","quibble","unprompted","","log.md Ch2"
"reluctant#007","reluctant","1","haiku","Ch2","Why the shuttered laundromat and park appear","confusion","-","a park that shouldn't have been there","quibble","unprompted","","log.md Ch2"
"reluctant#008","reluctant","1","haiku","Ch2","Tuesday/Thursday exchange: joke or shifted time","confusion","-","","quibble","unprompted","","log.md Ch2"
"skimmer#024","skimmer","1","haiku","Ch2;Ch3;Ch4","Who ""he"" is in ""He still has it""","confusion","-","He still has it.","snag","unprompted","","chain_log.md Sitting 3 (a)"
"auditor#054","auditor","1","sonnet","Ch2","what 'it' is in 'He still has it'","confusion","-","He still has it.","quibble","unprompted","","log.md Ch2 S6 end"
"hostile#011","hostile","1","haiku","Ch2","'He still has it.' unclear what 'it' is","confusion","-","He still has it.","snag","unprompted","7","log.md Ch2"
"reluctant#010","reluctant","1","haiku","Ch3;Ch18","The Space Between never explained or made picturable","confusion","-","commonly referred to as the Space Between","snag","unprompted","","log.md Ch3"
"reluctant#011","reluctant","1","haiku","Ch3","Boots the guardian cat and blood god","confusion","-","full-time guardian and part-time blood god","snag","unprompted","3","log.md Ch3"
"reluctant#012","reluctant","1","haiku","Ch3","Camp Cunnan named without saying who or what it is","confusion","-","Did Camp Cunnan ask you for all of this?","quibble","unprompted","","log.md Ch3"
"reluctant#013","reluctant","1","haiku","Ch3","Rai Stones and Lydian coins currency (where reader would have quit)","confusion","-","We could settle today, past bills and all, for… a Rai Stone.","stopper","unprompted","1","lens_output.md (b)"
"reluctant#014","reluctant","1","haiku","Ch3","Untranslated Latin in binding ritual","confusion","-","Perdat quod esse poterat.","quibble","unprompted","3","log.md Ch3"
"reluctant#015","reluctant","1","haiku","Ch3","Cost of the binding ritual never named","confusion","-","are you sure this is worth what it will cost?","snag","unprompted","","log.md Ch3"
"skimmer#025","skimmer","1","haiku","Ch3","Haggling over the bill (Rai Stone, Lydian coins, who is cheating whom)","confusion","-","I've got potential to sell. Lots.","snag","unprompted","","chain_log.md Sitting 3 (c)"
"skimmer#026","skimmer","1","haiku","Ch3","Camp Cunnan named with no explanation","confusion","-","Did Camp Cunnan ask you for all of this?","quibble","unprompted","","chain_log.md Sitting 3 (c)"
"skimmer#029","skimmer","1","haiku","Ch3","Unnamed shopkeeper (""the round man"")","confusion","-","","quibble","unprompted","","chain_log.md Sitting 3 (c)"
"skimmer#035","skimmer","1","haiku","Ch3;Ch4;Ch5;Ch6","Boots, Mama Baga, the archive and the bookshop bill: reader has the words but not why they matter","confusion","-","","quibble","unprompted","","chain_log.md Sitting 4 (a)"
"auditor#038","auditor","1","sonnet","Ch3","what 'Yours?' refers to","confusion","-","Yours?","quibble","unprompted","","log.md Ch3 S3"
"auditor#039","auditor","1","sonnet","Ch3","untagged 'Aren't you?'","confusion","-","Aren't you?","quibble","unprompted","","log.md Ch3 S3"
"hostile#017","hostile","1","haiku","Ch3;Ch18","Rai Stone, Lydian coins, Camp Cunnan, Space Between: economy nouns never explained","confusion","-","thirty Lydian coins","snag","unprompted","3","log.md Ch3"
"hostile#018","hostile","1","haiku","Ch3","Latin phrase not glossed","confusion","-","Perdat quod esse poterat","quibble","unprompted","","log.md Ch3"
"target-2#023","target","2","sonnet","Ch4","unattributed ""This wheel is new."" line","confusion","-","This wheel is new.","quibble","unprompted","10","log.md [Fresh read] Ch4"
"reluctant#018","reluctant","1","haiku","Ch4","List of Camp's occupants reads as a glossary","confusion","-","Abode of the spaewives and the gwyllion... Haven to the mambos. Did I say runemasters?","snag","unprompted","4","log.md Ch4"
"reluctant#019","reluctant","1","haiku","Ch4;Ch5;Ch10;Ch11","'The working' and 'fresh waste' used as if known, never defined","confusion","-","It changed targets. Fresh waste.","snag","unprompted","","log.md Ch4"
"reluctant#020","reluctant","1","haiku","Ch4","What the Archive is for","confusion","-","That is generally the opposite of an archive.","quibble","unprompted","","log.md Ch4"
"reluctant#021","reluctant","1","haiku","Ch4;Ch17","Olan and Hess named with no context","confusion","-","Hess has been dead twenty-two years.","quibble","unprompted","","log.md Ch4"
"skimmer#036","skimmer","1","haiku","Ch4","Archive notebook exchange (Olan, Hess, creek crossing)","confusion","-","Tell Olan he was wrong.","stopper","unprompted","","chain_log.md Sitting 4 (c)"
"skimmer#039","skimmer","1","haiku","Ch4","Lizzy versus Elizabeth: same woman?","confusion","-","","quibble","unprompted","","chain_log.md Sitting 4 (a)"
"auditor#040","auditor","1","sonnet","Ch4","who says 'This wheel is new'","confusion","-","This wheel is new.","quibble","unprompted","","log.md Ch4 S4"
"auditor#041","auditor","1","sonnet","Ch4","untagged 'Stansbury.' at tree line","confusion","-","Stansbury.","quibble","unprompted","","log.md Ch4 S6"
"prose#017","prose","1","sonnet","Ch4","'Newer,' Pathwell amended corrects nothing visible","confusion","-","Newer,' Pathwell amended.","snag","unprompted","10","log.md Ch4 Seam"
"target-2#035","target","2","sonnet","Ch5","the Bakhtak aside left unexplained","confusion","-","","quibble","unprompted","10","topten.md #10"
"reluctant#027","reluctant","1","haiku","Ch5","Portal 'to where' answered 'Here' and not followed up","confusion","-","That was a portal.","quibble","unprompted","","log.md Ch5"
"reluctant#028","reluctant","1","haiku","Ch5-10","'Pruned' / pruning unexplained until Ch10","confusion","-","You pruned.","snag","unprompted","","log.md Ch5"
"reluctant#029","reluctant","1","haiku","Ch5","Bakhtak mentioned and never defined","confusion","-","a particularly annoying Bakhtak—","quibble","unprompted","","log.md Ch5"
"reluctant#030","reluctant","1","haiku","Ch5","'Noodle' used as slang with unclear meaning","confusion","-","put your noodle away","quibble","unprompted","","log.md Ch5"
"skimmer#045","skimmer","1","haiku","Ch5","Whose door it was (""Her door."")","confusion","-","""Her door,"" Pathwell said.","snag","unprompted","","chain_log.md Sitting 5 (c)"
"skimmer#046","skimmer","1","haiku","Ch5","Ken and Stansbury confused at the school door","confusion","-","","quibble","unprompted","","chain_log.md Sitting 5 (c)"
"auditor#042","auditor","1","sonnet","Ch5","untagged lines in Stansbury/Pathwell exchange","confusion","-","That is a more compelling version.","quibble","unprompted","","log.md Ch5 S4"
"hostile#030","hostile","1","haiku","Ch5","'Bakhtak' dropped as a name and never explained","confusion","-","Bakhtak","quibble","unprompted","6","log.md Ch5"
"reluctant#036","reluctant","1","haiku","Ch6-15","The pull / draw / mirror tension never defined","confusion","-","The tension had direction if I tested it. Barely.","snag","unprompted","","log.md Ch6"
"skimmer#057","skimmer","1","haiku","Ch6","Back-hall pull and turning paragraph","confusion","-","A pull without a destination. A thread caught somewhere behind the ribs and drawn taut at odd intervals.","snag","unprompted","","chain_log.md Sitting 6 (c)"
"skimmer#058","skimmer","1","haiku","Ch6;Ch15","What the blob is; it arrives as if the reader should know it","confusion","-","The apartment door. The blob already there before the cookbook.","snag","unprompted","","chain_log.md Sitting 6 (c)"
"reluctant#037","reluctant","1","haiku","Ch7","Unclear 'machine' line","confusion","-","She had become very aware of how much machine she was responsible for.","quibble","unprompted","","log.md Ch7"
"skimmer#068","skimmer","1","haiku","Ch7","""Zero books"" joke lands flat without context","confusion","-","You mean to tell me you brought zero books with you!?","quibble","unprompted","","chain_log.md Sitting 7 (c)"
"skimmer#072","skimmer","1","haiku","Ch7","""How much machine she was responsible for""","confusion","-","She had become very aware of how much machine she was responsible for.","quibble","unprompted","","chain_log.md Sitting 7 (c)"
"auditor#044","auditor","1","sonnet","Ch7","Elizabeth's 'Stansbury.' only inferable as speaker","confusion","-","Stansbury. He paused.","quibble","unprompted","","lens_output.md (c)7"
"hostile#041","hostile","1","haiku","Ch7","Odd phrase about the machine she was responsible for","confusion","-","She had become very aware of how much machine she was responsible for","quibble","unprompted","","log.md Ch7"
"target-2#049","target","2","sonnet","Ch8;Ch1","stand-alone line repeating the book's first sentence","confusion","-","It was the crash that woke her.","snag","unprompted","2","log.md [Fresh read] Ch8"
"reluctant#043","reluctant","1","haiku","Ch8;Ch16","What Shade is is never stated","confusion","-","Existing. Pick a word.","snag","unprompted","7","log.md Ch8"
"skimmer#080","skimmer","1","haiku","Ch8","Pathwell/Shade exchange about naming and existing; hard to tell who speaks","confusion","-","existing, pick a word","snag","unprompted","","chain_log.md Sitting 8 (c)"
"skimmer#081","skimmer","1","haiku","Ch8","What Shade is, beyond looking like Pathwell","confusion","-","","quibble","unprompted","","chain_log.md Sitting 8 (b)"
"auditor#046","auditor","1","sonnet","Ch8","untagged 'Seatbelt.'","confusion","-","Seatbelt.","quibble","unprompted","","log.md Addenda Ch8 S1"
"auditor#047","auditor","1","sonnet","Ch8","Stansbury answers 'Bruised' to question put to Elizabeth","confusion","-","Bruised,"" Stansbury said.","quibble","unprompted","","log.md Ch8 S2"
"auditor#048","auditor","1","sonnet","Ch8","referent of Stansbury's 'Again?'","confusion","-","Again?","quibble","unprompted","","log.md Ch8 S2"
"reluctant#047","reluctant","1","haiku","Ch9;Ch14","Prague and Celia memories not tied to anything","confusion","-","A room in Prague I have never entered. A woman named Celia who hated pears.","quibble","unprompted","","log.md Ch9"
"prose#021","prose","1","sonnet","Ch9;Ch12;Ch15","References to events in unread chapters (museum, graffiti threshold, prune, bar)","confusion","-","","quibble","unprompted","","log.md Ch9 seam / Ch12 / Ch15"
"target-1#058","target","1","sonnet","Ch10","Leo / big cat nicknames unexplained","confusion","-","She is our responsibility, Leo.","quibble","unprompted","","log.md Ch10"
"target-2#063","target","2","sonnet","Ch10","""Leo"" and ""big cat"" / ""grande gatto"" used without explanation","confusion","-","","quibble","unprompted","10","log.md [Fresh read] Ch10"
"reluctant#051","reluctant","1","haiku","Ch10;Ch15","'Malformed pruning', 'unclaimed possibility', 'unclaimed waste' named not defined","confusion","-","I know what malformed pruning looks like.","quibble","unprompted","","log.md Ch10"
"reluctant#052","reluctant","1","haiku","Ch10","How a wall anchors the door ('history') not defined","confusion","-","If it's still carrying enough history, it can anchor the door.","quibble","unprompted","","log.md Ch10"
"reluctant#053","reluctant","1","haiku","Ch10","Stansbury suddenly called Leo with no explanation","confusion","-","She's our responsibility, Leo.","quibble","unprompted","","lens_output.md (a)36"
"skimmer#091","skimmer","1","haiku","Ch10","Library magic explanation: lost whose feeling was whose","confusion","-","The working tightened and slipped. Too much of that one belonged to her and not enough to him.","snag","unprompted","","chain_log.md Sitting 10 (c)"
"skimmer#092","skimmer","1","haiku","Ch10","Longing paragraph, unclear whose","confusion","-","A woman's patience worn raw around one particular absence. A porch in summer.","quibble","unprompted","","chain_log.md Sitting 10 (c)"
"skimmer#097","skimmer","1","haiku","Ch10;Ch11","Stansbury also called Leo, unclear which name the book uses","confusion","-","","quibble","unprompted","","chain_log.md Sitting 11 (a)"
"auditor#017","auditor","1","sonnet","Ch10","Stansbury called Leo and big cat, unexplained","confusion","-","She is our responsibility, Leo.","snag","unprompted","9","log.md Ch10 S2"
"auditor#049","auditor","1","sonnet","Ch10","'You know the place?' 'Unfortunately.' speaker ambiguous","confusion","-","You know the place?","quibble","unprompted","","lens_output.md (c)13"
"reluctant#056","reluctant","1","haiku","Ch11","Transparent plane containment spell described not explained","confusion","-","The working tried to make distance physical.","quibble","unprompted","","lens_output.md (a)38"
"skimmer#103","skimmer","1","haiku","Ch11","Lost track of ""he"" in the blast and wall opening","confusion","-","","snag","unprompted","","chain_log.md Sitting 11 (b)"
"auditor#050","auditor","1","sonnet","Ch11","untagged 'I am older than you.'","confusion","-","I am older than you.","quibble","unprompted","","lens_output.md (c)14"
"rules#012","rules","1","haiku","Ch11","lost track of who was where in the museum","confusion","-","","snag","unprompted","","core_and_topten.md Core 3"
"target-2#078","target","2","sonnet","Ch12;Ch13","Thumper named once and never explained","confusion","-","Thumper was in there too: his six-toed paw print pressed into the center of a page.","quibble","unprompted","10","log.md [Fresh read] Ch12"
"reluctant#058","reluctant","1","haiku","Ch12","Thumper dropped in as if already introduced","confusion","-","Thumper was in there too: his six-toed paw print pressed into the center of a page.","snag","unprompted","","log.md Ch12"
"reluctant#061","reluctant","1","haiku","Ch12;Ch14;Ch16","'Charged' never defined","confusion","-","whether it was charged","quibble","unprompted","","log.md Ch12"
"skimmer#112","skimmer","1","haiku","Ch12","""Old Pathwell knowledge"" unclear","confusion","-","Whatever pieces of old Pathwell knowledge he carried, he kept them out of a treatment nobody had asked him to direct.","quibble","unprompted","","chain_log.md Sitting 12 (c)"
"skimmer#115","skimmer","1","haiku","Ch12","Sock kid versus turnip boy","confusion","-","","quibble","unprompted","","chain_log.md Sitting 12 (c)"
"skimmer#116","skimmer","1","haiku","Ch12","Cookbook on reserve shelf, unclear how it got there","confusion","-","","quibble","unprompted","","chain_log.md Sitting 12 (b)"
"reluctant#067","reluctant","1","haiku","Ch13","Queen of spades as evidence of corruption, meaning unclear","confusion","-","Corruption.","quibble","unprompted","","log.md Ch13"
"reluctant#068","reluctant","1","haiku","Ch13","Names given to some characters (Milo) and not others (archivist, older woman)","confusion","-","","quibble","unprompted","","log.md Ch13"
"skimmer#122","skimmer","1","haiku","Ch13","Hearts opening: rules and who is who","confusion","-","Shade was bad at Hearts.","quibble","unprompted","","chain_log.md Sitting 13 (c)"
"skimmer#123","skimmer","1","haiku","Ch13;Ch15;Ch16;Ch17;Ch18","Archivist never named; confused with Stansbury and the older woman","confusion","-","","snag","unprompted","8","chain_log.md Sitting 13 (c); topten.md 8"
"reluctant#070","reluctant","1","haiku","Ch14","Climax jargon stacks up and physical action becomes hard to see","confusion","-","Fresh spillage.","snag","unprompted","9","core.md Q4"
"reluctant#073","reluctant","1","haiku","Ch14","Payment mechanism described a third time, told not shown","confusion","-","It accepts my pruning directly.","quibble","unprompted","","log.md Ch14"
"reluctant#074","reluctant","1","haiku","Ch14","'Practitioner' appears as Pathwell's title without introduction","confusion","-","the practitioner who had supplied the contradiction and the payment","quibble","unprompted","","lens_output.md (a)50"
"skimmer#127","skimmer","1","haiku","Ch14","Cord and ""the connection"" lost","confusion","-","A way to look at the connection without you dislocating a shoulder every time I get close.","snag","unprompted","","chain_log.md Sitting 14 (c)"
"skimmer#130","skimmer","1","haiku","Ch14","Possibility-given-a-shape sentence","confusion","-","possibility given a shape only because the eye needed something to fail at understanding","quibble","unprompted","","chain_log.md Sitting 14 (c)"
"auditor#051","auditor","1","sonnet","Ch14","untagged 'Good.'","confusion","-","Good.","quibble","unprompted","","log.md Ch14 S1"
"auditor#052","auditor","1","sonnet","Ch14","referent of Elizabeth's 'You should do it.'","confusion","-","You should do it.","quibble","unprompted","","log.md Ch14 S2"
"character#035","character","1","sonnet","Ch14","Nothing changing is acceptable to me, unparseable and out of voice","confusion","-","Nothing changing is acceptable to me","snag","prompted","4","log.md Ch14"
"skimmer#138","skimmer","1","haiku","Ch15","Voice echoing line","confusion","-","The answer came out in Shade's voice and Pathwell's voice and her own.","quibble","unprompted","","chain_log.md Sitting 15 (c)"
"skimmer#139","skimmer","1","haiku","Ch15","Shade's fate unclear; death not felt in the scene","confusion","-","there was no Shade standing in the clearing","snag","unprompted","3","chain_log.md Sitting 15 (b); topten.md 3"
"prose#020","prose","1","sonnet","Ch15","'That hand was promising.' reader could not place it","confusion","-","That hand was promising.","quibble","unprompted","10","log.md Ch15 Aphorism"
"reluctant#080","reluctant","1","haiku","Ch16","Pruning shock used as diagnosis without description","confusion","-","Pruning shock.","quibble","unprompted","","log.md Ch16"
"skimmer#146","skimmer","1","haiku","Ch16","""Rare morning for those"" joke missed","confusion","-","Rare morning for those,","quibble","unprompted","","chain_log.md Sitting 16 (c)"
"skimmer#147","skimmer","1","haiku","Ch16","""Pruning?"" ""No."" half lands","confusion","-","Pruning?","quibble","unprompted","","chain_log.md Sitting 16 (c)"
"skimmer#149","skimmer","1","haiku","Ch16","Older woman in knitted cap versus Mama Baga","confusion","-","","quibble","unprompted","","chain_log.md Sitting 16 (b)"
"skimmer#150","skimmer","1","haiku","Ch16;Ch18","Stansbury's role as Pathwell's brother lost between sittings","confusion","-","","quibble","unprompted","","chain_log.md Sitting 16 (a)"
"skimmer#156","skimmer","1","haiku","Ch17","Museum stacks list of Vales and Bells","confusion","-","Daniel Vale letters. Household notebook. Medical ledger. Three accession cards by Margaret Bell.","snag","unprompted","8","chain_log.md Sitting 17 (c); topten.md 8"
"reluctant#090","reluctant","1","haiku","Ch18","Geese 'remember me' unexplained","confusion","-","They remember me.","quibble","unprompted","","log.md Ch18"
"auditor#053","auditor","1","sonnet","Ch18","shopkeeper's lines not tagged","confusion","-","Three weeks is not a character trait.","quibble","unprompted","","lens_output.md (c)17"
"auditor#033","auditor","1","sonnet","Ch1;Ch2;Ch4","pajamas first mentioned in Ch4","continuity","-","the pajama legs showing beneath it, which Elizabeth had been trying not to think about since the lobby of her building","quibble","unprompted","","log.md Ch4 S3b"
"auditor#055","auditor","1","sonnet","Ch1","cookbook asked for singular, answered plural","continuity","-","They're… in a box in the kitchen?","quibble","unprompted","","log.md Ch1 S1"
"rules#001","rules","1","haiku","Ch1;Ch4;Ch12","cookbook page count (two pages used, Ch12 card says one)","continuity","-","ONE PAGE USED — CHICKEN & DUMPLINGS","snag","unprompted","4","log.md F4.5; lens_output.md (b)1"
"rules#002","rules","1","haiku","Ch1;Ch4;Ch6;Ch7;Ch17;Ch18","whether the flat is marked against Elizabeth or Pathwell, and whether it is cleared","continuity","-","your house has now been marked, magically speaking.","snag","unprompted","3","log.md R1.8, F7.1; lens_output.md (b)2"
"rules#029","rules","1","haiku","Ch1","unclear whether the recipe page was torn out or consumed","continuity","-","A ragged edge stuck out where the page had been.","quibble","unprompted","","log.md R1.4"
"prose#026","prose","1","sonnet","Ch1","Pronoun slip answering about a single cookbook","continuity","-","They're… in a box in the kitchen?","quibble","unprompted","","log.md Ch1 pronoun slip"
"hostile#002","hostile","1","haiku","Ch1","Monster named inconsistently (blob, behemoth, ooze)","continuity","-","some sort of blob","quibble","unprompted","","log.md Ch1"
"target-1#010","target","1","sonnet","Ch2","Neighbourhood swapped coffee shop for laundromat, unremarked","continuity","-","","quibble","unprompted","","log.md Ch2"
"target-2#010","target","2","sonnet","Ch2","""dropped her books"" when only a cookbook and diary were taken","continuity","-","dropped her books on the table","quibble","unprompted","","log.md [Fresh read] Ch2"
"auditor#030","auditor","1","sonnet","Ch2;Ch5","Pathwell's wrong day-of-week answers never acknowledged","continuity","-","It's Thursday.","quibble","unprompted","","log.md Ch2 S5"
"auditor#057","auditor","1","sonnet","Ch2","dumpling count and 'second one'","continuity","-","inhaled his second one","quibble","unprompted","","log.md Ch2 S6"
"auditor#080","auditor","1","sonnet","Ch2;Ch18","phones appear in Ch18 though Ch2 had none","continuity","-","Elizabeth looked at the phone in her hand.","quibble","unprompted","","log.md Ch18 S1"
"auditor#081","auditor","1","sonnet","Ch2;Ch18","Ch18 open laundromat versus Ch2 shuttered one","continuity","-","","quibble","unprompted","","log.md Ch18 S2"
"auditor#083","auditor","1","sonnet","Ch2;Ch9","pocket coins dumped and never picked up","continuity","-","She dumped the contents of her pockets on the table.","quibble","unprompted","","log.md Ch2 S6"
"auditor#004","auditor","1","sonnet","Ch3;Ch5;Ch18","cat scratch scar on Elizabeth's hand vanishes and moves","continuity","-","The old scratch was long gone.","snag","unprompted","4","log.md Ch5 S4 (CHG candidate); Ch18 S3"
"auditor#034","auditor","1","sonnet","Ch3;Ch4","shopkeeper's offer to send her back first reported in Ch4","continuity","-","after the shopkeeper had offered to send her back to the sidewalk","quibble","unprompted","","log.md Ch4 S1"
"auditor#036","auditor","1","sonnet","Ch3;Ch4","twine crate loaded by Pathwell not shown","continuity","-","the one Pathwell had loaded with both hands and a great deal of complaining","quibble","unprompted","","lens_output.md (d)4"
"auditor#058","auditor","1","sonnet","Ch3","who carried Elizabeth after she faints","continuity","-","carpet against her knees","quibble","unprompted","","log.md Ch3 S2"
"auditor#059","auditor","1","sonnet","Ch3","folded-paper door never mentioned again","continuity","-","","quibble","unprompted","","log.md Ch3 S1"
"rules#008","rules","1","haiku","Ch3;Ch16","scars outside Pathwell's wheelhouse vs his offer to reduce Stansbury's scar","continuity","-","Unfortunately, scars are outside my wheelhouse.","snag","unprompted","8","log.md R3.6, F16.2; lens_output.md (b)4"
"rules#009","rules","1","haiku","Ch3;Ch5","Pathwell says 'It's Saturday' (child says Friday) and 'I don't lie'","continuity","-","I don't lie.","snag","unprompted","9","log.md R5.9, R5.10; lens_output.md (b)5"
"target-1#023","target","1","sonnet","Ch4","Missing line in the wheel exchange","continuity","-","This wheel is new. / Newer, Pathwell amended.","quibble","unprompted","","log.md Ch4"
"auditor#003","auditor","1","sonnet","Ch4;Ch12;Ch15","cookbook pages-used count (two gone, card says one)","continuity","-","ONE PAGE USED — CHICKEN & DUMPLINGS.","snag","unprompted","3","log.md Ch12 S4"
"auditor#021","auditor","1","sonnet","Ch4;Ch12;Ch13","archivist's pen then three pencils then one pencil","continuity","-","one pencil still behind his ear","quibble","unprompted","9","log.md Ch13 S4-S6"
"auditor#060","auditor","1","sonnet","Ch4;Ch5","Pathwell's coat first mentioned in Ch5","continuity","-","Pathwell's coat took flight behind him","quibble","unprompted","","log.md Ch5 S1"
"auditor#074","auditor","1","sonnet","Ch4;Ch12","Mama Baga's bracelets appear in Ch12","continuity","-","","quibble","unprompted","","log.md Ch12 S1"
"auditor#077","auditor","1","sonnet","Ch4;Ch12;Ch13;Ch15","Milo's boots first appear in Ch15","continuity","-","His sock had finally stayed up.","quibble","unprompted","","log.md Ch15 S1"
"rules#062","rules","1","haiku","Ch4;Ch18","landlord replaces the marked door; nobody asks about the mark","continuity","-","aggressively ordinary","quibble","unprompted","","log.md F18.1; lens_output.md (d)"
"target-2#031","target","2","sonnet","Ch5","Elizabeth's missed nine o'clock meeting dropped","continuity","-","her nine o'clock meeting had come and gone while she sat in a field","quibble","unprompted","","log.md [Fresh read] Ch5"
"auditor#015","auditor","1","sonnet","Ch5;Ch7;Ch10;Ch11","box of foam weapons, no stated end","continuity","-","The box of swords rode in the back","snag","unprompted","7","log.md Ch7 S3"
"auditor#020","auditor","1","sonnet","Ch5;Ch11;Ch12","museum is daylight while Camp is dark","continuity","-","Outside the high windows, it was daylight.","snag","unprompted","9","log.md Ch11 S5"
"auditor#061","auditor","1","sonnet","Ch5;Ch9;Ch12","diary's whereabouts untracked","continuity","-","All I have to my name right now is my diary and a foam dagger.","quibble","unprompted","","log.md Ch8 S3"
"auditor#062","auditor","1","sonnet","Ch5","bandana singed though she never closed her fingers on it","continuity","-","the bandana in her hand had been singed in half","quibble","unprompted","","log.md Ch5 S1"
"auditor#064","auditor","1","sonnet","Ch5;Ch6","sky overcast then low sun then open red sky","continuity","-","The low sun scattered itself through the single tree.","quibble","unprompted","","log.md Ch6 S5"
"hostile#026","hostile","1","haiku","Ch5","Day-of-week slip (Saturday vs Friday)","continuity","-","It's Saturday,","quibble","unprompted","","log.md Ch5"
"auditor#043","auditor","1","sonnet","Ch6","brothers both seated on 'her other side'","continuity","-","sat back down on her other side","snag","unprompted","","log.md Ch6 S4"
"auditor#065","auditor","1","sonnet","Ch7;Ch8","Cadillac keys pocketed then in ignition","continuity","-","shoved the keys into her coat pocket","quibble","unprompted","","log.md Addenda Ch7"
"auditor#066","auditor","1","sonnet","Ch7;Ch14","Pathwell's coat empty in Ch7, full of hardware in Ch14","continuity","-","went for his coat, patted it, and came up with nothing","quibble","unprompted","","log.md Ch14 S1"
"auditor#072","auditor","1","sonnet","Ch7;Ch10;Ch11","Pathwell's rib injury with no cause","continuity","-","one arm across his ribs","quibble","unprompted","","log.md Ch11 S6"
"target-1#043","target","1","sonnet","Ch8","Line 'It was the crash that woke her' in middle of the wreck","continuity","-","It was the crash that woke her.","snag","unprompted","5","log.md Ch8"
"auditor#005","auditor","1","sonnet","Ch8","ditch side vs rear door of the Cadillac","continuity","-","Pathwell shoved at the rear door. It stuck halfway against the slope of the ditch.","snag","unprompted","5","log.md Ch8 S1"
"auditor#013","auditor","1","sonnet","Ch8;Ch11","wrecked Cadillac and farmer's fence never resolved","continuity","-","My axle is in a drainage culvert.","snag","unprompted","7","lens_output.md (d)18"
"auditor#014","auditor","1","sonnet","Ch8;Ch11","Shade's sedan left at the museum lot","continuity","-","","snag","unprompted","7","lens_output.md (d)18"
"auditor#073","auditor","1","sonnet","Ch8;Ch11","which shoulder Elizabeth's old bruise and new injury are","continuity","-","","quibble","unprompted","","log.md Ch11 S4"
"rules#061","rules","1","haiku","Ch8;Ch10","the Cadillac is broken and then never mentioned","continuity","-","You broke my car.","quibble","unprompted","","log.md R8.5; lens_output.md (d)"
"auditor#018","auditor","1","sonnet","Ch9","doubled twenty-five minutes","continuity","-","I met you on the road twenty-five minutes ago.","quibble","unprompted","9","log.md Ch9 S2"
"auditor#068","auditor","1","sonnet","Ch9;Ch13","Shade's wallet and sedan key unmentioned after coat swap","continuity","-","","quibble","unprompted","","log.md Ch13 S1"
"auditor#006","auditor","1","sonnet","Ch10","van overtaking a walker who faces traffic","continuity","-","came up behind her on the far side of the road","snag","unprompted","5","log.md Ch10 S6"
"auditor#069","auditor","1","sonnet","Ch10;Ch11","quarantine letter taken while Stansbury upstairs, shown late","continuity","-","You took that while I was upstairs.","quibble","unprompted","","log.md Ch11 S3"
"auditor#071","auditor","1","sonnet","Ch10","work van described when needed","continuity","-","Stansbury's work van was white, square, and honest about being a work van.","quibble","unprompted","","lens_output.md (d)14"
"auditor#079","auditor","1","sonnet","Ch11;Ch17","Pathwell's concussion never established","continuity","-","I am deciding whether the concussion was permanent","quibble","unprompted","","log.md Ch17 S3"
"auditor#075","auditor","1","sonnet","Ch12","Thumper mentioned once, never introduced","continuity","-","Thumper was in there too: his six-toed paw print pressed into the center of a page.","quibble","unprompted","","lens_output.md (d)10"
"hostile#061","hostile","1","haiku","Ch12","Thumper's six-toed paw print has no setup","continuity","-","six-toed paw print","quibble","unprompted","8","log.md Ch12"
"character#033","character","1","sonnet","Ch13","Which hand is bandaged, forgotten palm cut","continuity","-","","quibble","prompted","","log.md Ch13"
"auditor#076","auditor","1","sonnet","Ch14","archive-door lantern and runner appear when needed","continuity","-","the hanging lantern beside the archive door, still lit from the night","quibble","unprompted","","lens_output.md (d)11"
"auditor#012","auditor","1","sonnet","Ch15;Ch16;Ch17;Ch18","Elizabeth's foam dagger after Ch15","continuity","-","Her hand had found the foam dagger at her back","snag","unprompted","7","log.md Ch11 S5 (not re-mentioned); lens_output.md (d)16"
"auditor#078","auditor","1","sonnet","Ch15","'no card' versus queen of spades still on table","continuity","-","no coat, no card, nothing anyone could use","quibble","unprompted","","log.md Ch15 S4"
"rules#038","rules","1","haiku","Ch16;Ch17","museum's incident record omits Shade's death while Camp records it","continuity","-","","quibble","unprompted","","log.md F17.2"
"prose#018","prose","1","sonnet","Ch18","'Shopkeeper' capitalized once","continuity","-","without making the Shopkeeper invent anything","quibble","unprompted","10","log.md Ch18 Typo"
"prose#019","prose","1","sonnet","Ch18","Time signals conflict: three weeks and four days vs less than two weeks","continuity","-","Three weeks and four days after","quibble","unprompted","10","log.md Ch18 time"
"target-1#004","target","1","sonnet","Ch6;Ch10","Book lets us into Pathwell's head and he later explains, resolving the quiet fairly","knowledge","+","His own face in the mirror suddenly felt less like evidence than like an accusation.","strong","unprompted","","log.md Ch6"
"target-1#003","target","1","sonnet","Ch1;Ch4;Ch5;Ch6","Narration goes quiet when Pathwell knows something","knowledge","-","Then he went still. When he turned back, he was sure of himself again.","snag","unprompted","","log.md Ch1"
"target-2#003","target","2","sonnet","Ch1","Pathwell goes still in the hall and the narrator does not say what he saw","knowledge","-","Then he went still. When he turned back, he was sure of himself again.","quibble","unprompted","","log.md [Fresh read] Ch1"
"rules#020","rules","1","haiku","Ch1","how Pathwell knew about the cookbook and why he was in her flat","knowledge","-","Where's your cookbook?","quibble","unprompted","","log.md R1.10; lens_output.md (b)8"
"target-1#007","target","1","sonnet","Ch2;Ch3","Pathwell calls her Lizzy before she gave the name","knowledge","-","Isn't that what your grandmother called you?","quibble","unprompted","","log.md Ch2"
"target-2#008","target","2","sonnet","Ch2","Pathwell calling her ""Lizzy"", a name she never told him","knowledge","-","","quibble","unprompted","","log.md [Fresh read] Ch2"
"rules#019","rules","1","haiku","Ch2;Ch3","how Pathwell knows the nickname 'Lizzy'","knowledge","-","Isn't that what your grandmother called you?","quibble","unprompted","","log.md R2.5, F3.4; lens_output.md (b)7"
"target-2#017","target","2","sonnet","Ch3","Pathwell asks for Camp Cunnan supplies and won't say why","knowledge","-","","quibble","unprompted","","log.md [Fresh read] Ch3"
"auditor#037","auditor","1","sonnet","Ch4","Mama Baga knows about the missing front door","knowledge","-","She didn't ask about the apartment, or the missing front door.","quibble","unprompted","","log.md Ch4 S3"
"target-2#041","target","2","sonnet","Ch6","Pathwell mirror scene enters his head then stops one sentence short","knowledge","-","His own face in the mirror suddenly felt less like evidence than like an accusation.","snag","unprompted","","log.md [Fresh read] Ch6"
"target-1#038","target","1","sonnet","Ch7","Brothers apologise and still explain nothing","knowledge","-","Nothing followed.","snag","unprompted","","log.md Ch7"
"auditor#045","auditor","1","sonnet","Ch7","Stansbury names the back hall he never saw","knowledge","-","The back hall,"" Stansbury said.","quibble","unprompted","","log.md Ch7 S2"
"target-2#051","target","2","sonnet","Ch8","reader guessing what Shade is before being told","knowledge","-","","quibble","unprompted","","log.md [Fresh read] Ch8"
"character#003","character","1","sonnet","Ch8","Shade as mysterious man who knows pieces, risk of later exposition","knowledge","-","I remember things I did not live","quibble","prompted","","log.md Ch8"
"character#053","character","1","sonnet","Ch8-15","Worldbuilding rules (Camp, spill, payment, blobs) taken on characters' word","knowledge","-","","quibble","unprompted","","lens_output.md (g)"
"target-1#051","target","1","sonnet","Ch9","Question 'what he chose' kicked down the road by several characters","knowledge","-","Ask him what he chose","quibble","unprompted","","log.md Ch9"
"target-2#056","target","2","sonnet","Ch9","Shade's ""Ask him what he chose"" handoff","knowledge","-","Ask him what he chose. He knows what he did.","quibble","unprompted","","log.md [Fresh read] Ch9"
"character#014","character","1","sonnet","Ch9","Stansbury's history with Pathwell and Shade","knowledge","-","Fragments of him. Before me","quibble","unprompted","","lens_output.md (g)"
"prose#022","prose","1","sonnet","Ch9;Ch12;Ch15","Could not follow why Shade and Pathwell share a face and a pull","knowledge","-","","snag","unprompted","","core.md 4"
"target-1#084","target","1","sonnet","Ch14","Hindsight flag about fidgeting","knowledge","-","At the time, it looked like fidgeting","quibble","unprompted","","log.md Ch14"
"target-2#090","target","2","sonnet","Ch14","narrator hindsight about Pathwell's fingers","knowledge","-","At the time, it looked like fidgeting.","quibble","unprompted","","log.md [Fresh read] Ch14"
"character#042","character","1","sonnet","Ch14","Lizzy versus Elizabeth and what it costs Pathwell","knowledge","-","Lizzy","quibble","unprompted","","lens_output.md (g)"
"auditor#026","auditor","1","sonnet","Ch12;Ch15","Elizabeth lifts shelf with the reduced shoulder (accepted)","logic","+","You are not using this arm today.","mild","unprompted","","lens_output.md (b)14"
"rules#047","rules","1","haiku","Ch14","reason given for not cutting the cord with the dagger","logic","+","She didn't know what it would cut, or whose it was to cut. She left it where it was.","mild","unprompted","","log.md R14.9; lens_output.md (c)5"
"target-1#006","target","1","sonnet","Ch1","Pathwell takes her diary and nobody remarks on it","logic","-","","quibble","unprompted","","log.md Ch1"
"target-1#041","target","1","sonnet","Ch1;Ch5;Ch7;Ch15","Blob logic: why first blob was already at her door and why it behaves differently","logic","-","The part that doesn't fit is why it was already at your door","snag","unprompted","4","core.md Q4"
"reluctant#026","reluctant","1","haiku","Ch1-14","Reader stopped believing the magic was a system, saw it as excuses for choices","logic","-","","snag","unprompted","","core.md Q4"
"prose#011","prose","1","sonnet","Ch1","Elizabeth complies and leaves too fast; reader stopped believing at 'Do you have shoes?'","logic","-","","stopper","unprompted","5","core.md 4 Chapter 1"
"hostile#001","hostile","1","haiku","Ch1","Magic arrives with no setup","logic","-","Don't think.","quibble","unprompted","","log.md Ch1"
"rules#068","rules","1","haiku","Ch3;Ch18","shop account at zero but Pathwell's sold potential is not counted","logic","-","Your account remains at zero.","quibble","unprompted","","log.md R18.6; lens_output.md (d)"
"rules#018","rules","1","haiku","Ch4;Ch5;Ch6","why the creature was at the door before the cookbook was used","logic","-","It was already at the door before you used the cookbook?","snag","unprompted","","log.md R4.7, F4.2; lens_output.md (b)6"
"rules#063","rules","1","haiku","Ch4;Ch12","young woman from the wagon saved then gone, later life not covered","logic","-","The young woman from the wagon accident was gone from the cot.","quibble","unprompted","","lens_output.md (d)"
"auditor#029","auditor","1","sonnet","Ch5","why the blob was already at her door, answered by assumption","logic","-","The part that doesn't fit is why it was already at your door","snag","unprompted","","core.md Q5"
"rules#042","rules","1","haiku","Ch5;Ch8;Ch9;Ch13","nobody tries the dagger on the draw, which may be a binding","logic","-","Adhesions. Clinging effects. Certain magical bindings.","snag","unprompted","","lens_output.md (c)2"
"rules#060","rules","1","haiku","Ch5;Ch17","Elizabeth's Friday meeting and job: no consequence follows","logic","-","her nine o'clock meeting had come and gone while she sat in a field","quibble","unprompted","","log.md R5.9; lens_output.md (d)"
"rules#065","rules","1","haiku","Ch5","objection to selling children's unused energy answered in one line","logic","-","I don't steal anything. The kids get their work back.","quibble","unprompted","","log.md R5.5; lens_output.md (d)"
"rules#032","rules","1","haiku","Ch7","Pathwell carries no books in his coat, 'it slipped my mind'","logic","-","Yes! It slipped my mind! Would you please focus!?","quibble","unprompted","","log.md R7.4, F7.4"
"rules#043","rules","1","haiku","Ch7;Ch15","decoy idea for the creature appears only in Ch15, too late","logic","-","Fresh pruning spill by the frame. It should be what it's here for.","quibble","unprompted","","lens_output.md (c)3; log.md R15.9"
"hostile#045","hostile","1","haiku","Ch8","Sedan appears on cue; timing not believed","logic","-","Perfect,","quibble","unprompted","","log.md Ch8"
"target-2#057","target","2","sonnet","Ch9","Elizabeth walking to a bar twenty minutes away by car","logic","-","","snag","unprompted","","log.md [Fresh read] Ch9"
"auditor#067","auditor","1","sonnet","Ch9;Ch10","night 'started' at the bar, but it started at her apartment","logic","-","She walked toward the bar because it was where the night had started.","snag","unprompted","","log.md Addenda Ch9 S3"
"hostile#074","hostile","1","haiku","Ch10;Ch15","How a failed working became a person is never understood","logic","-","","quibble","unprompted","","core.md Q4"
"rules#013","rules","1","haiku","Ch11","Shade grabbing Elizabeth's arm reads as convenient","logic","-","","quibble","unprompted","","core_and_topten.md Core 3"
"rules#025","rules","1","haiku","Ch11;Ch14","why Pathwell could not or would not cancel the Ch11 working","logic","-","I can contain this.","quibble","unprompted","","log.md R11.6; lens_output.md (b)18"
"rules#044","rules","1","haiku","Ch11","quarantine working could have been scoped to Shade's pieces; no reason given why not","logic","-","I can contain this.","quibble","unprompted","","lens_output.md (c)7"
"reluctant#072","reluctant","1","haiku","Ch14","Rejoining frame: why brass pins and waxed cord would work","logic","-","make the working decide that we're one settled structure instead of two.","quibble","unprompted","","log.md Ch14"
"rules#036","rules","1","haiku","Ch14","why the released spillage went into the archive records","logic","-","Fresh spillage.","quibble","unprompted","","log.md F14.5"
"character#036","character","1","sonnet","Ch14","Shade stays within reach of the pins, passive refusal, why not step out of range","logic","-","I am not fighting you.","snag","prompted","8","log.md Ch14"
"target-2#094","target","2","sonnet","Ch15","Shade's exit as a convenient removal of the plot's problem","logic","-","","quibble","unprompted","","log.md [Fresh read] Ch15"
"rules#067","rules","1","haiku","Ch15","the draw ends with Shade's death; cost passes to Shade, none further to Pathwell","logic","-","The draw did not return.","quibble","unprompted","","log.md F15.1; lens_output.md (d)"
"character#045","character","1","sonnet","Ch15","Shade's sacrifice appears unneeded; blob eats spill anyway","logic","-","It could just take the fresh spill.","stopper","prompted","1","log.md Ch15"
"rules#064","rules","1","haiku","Ch16;Ch17","Milo's burned boot solved in a line","logic","-","My boot burned too.","quibble","unprompted","","log.md R16.12; lens_output.md (d)"
"rules#066","rules","1","haiku","Ch18","Pathwell's ribs and temple healed offscreen","logic","-","His face had mostly healed.","quibble","unprompted","","lens_output.md (d)"
"target-1#024","target","1","sonnet","Ch4","Elizabeth follows Pathwell for her own reasons","motivation","+","Not because he had her things. He didn't.","mild","unprompted","","log.md Ch4"
"rules#045","rules","1","haiku","Ch4","Elizabeth's stated reason for giving the whole book, not just the page","motivation","+","If I keep holding the rest, I'm going to spend the next ten minutes finding a reason this page is the wrong one.","mild","unprompted","","log.md R4.8; lens_output.md (c)1"
"rules#048","rules","1","haiku","Ch14","Pathwell's reason for refusing to lift his hand and let the frame fail","motivation","+","I can't keep leaving damage behind me.","mild","unprompted","","lens_output.md (c)6"
"rules#030","rules","1","haiku","Ch1","Elizabeth goes along with a stranger's orders quickly","motivation","-","Don't think. What's your favorite recipe?","quibble","unprompted","","log.md R1.10"
"prose#016","prose","1","sonnet","Ch1;Ch4;Ch18","Elizabeth's own want unclear; job and meeting drop out","motivation","-","Work would still contain email","snag","unprompted","9","core.md 5 Elizabeth's own want"
"target-2#036","target","2","sonnet","Ch5-8","brothers keep saying ""Not here"" and stalling","motivation","-","Not here","snag","unprompted","5","log.md [Fresh read] Ch7"
"auditor#028","auditor","1","sonnet","Ch5-16","Elizabeth reacts through the middle, wants little","motivation","-","","snag","unprompted","","core.md Q5"
"target-1#047","target","1","sonnet","Ch8","Elizabeth gets into Shade's car","motivation","-","the man in the sedan had pieces Pathwell wouldn't give her","snag","unprompted","8","log.md Ch8"
"character#051","character","1","sonnet","Ch8-15","No scene of Shade angry at Pathwell; feeling toward him hard to follow","motivation","-","","quibble","prompted","","core.md Q5"
"target-1#048","target","1","sonnet","Ch9","Elizabeth walks back alone on a county road at night","motivation","-","I'm going back","snag","unprompted","8","log.md Ch9"
"target-1#117","target","1","sonnet","Ch10;Ch11","Pathwell as a person before the fall","motivation","-","Seventeen years","snag","unprompted","","core.md Q5"
"target-2#072","target","2","sonnet","Ch10;Ch11;Ch14","Pathwell told to stop and doing it anyway, on a larger scale each time","motivation","-","","quibble","unprompted","","log.md [Fresh read] Ch14"
"hostile#059","hostile","1","haiku","Ch10;Ch11;Ch14","Pathwell repeats 'I can contain this'; reader wanted him wrong in a new way","motivation","-","I can contain this","quibble","unprompted","","log.md Ch11; lens_output.md (a)"
"target-1#067","target","1","sonnet","Ch11;Ch14","Pathwell repeats the same mistake in Ch14 as in Ch11","motivation","-","That's what you said at the museum.","snag","unprompted","6","log.md Ch14"
"character#015","character","1","sonnet","Ch11","Shade adopting Camp as goal the moment Elizabeth names it","motivation","-","Something like recognition passed over Shade's face.","snag","prompted","","log.md Ch11"
"character#017","character","1","sonnet","Ch11","Pull knocks Shade into Elizabeth so scene goes wrong; hand as plot lever","motivation","-","","snag","prompted","6","log.md Ch11"
"character#019","character","1","sonnet","Ch11;Ch12","Shade shows no reaction to own injury or Elizabeth's broken shoulder","motivation","-","","snag","prompted","7","log.md Ch11"
"character#023","character","1","sonnet","Ch12","Shade's muted response to the boy's Good about not being Pathwell","motivation","-","I don't know what that means.","snag","prompted","7","log.md Ch12"
"character#049","character","1","sonnet","Ch13;Ch15","Shift from I want to stay here to walking into blob after one afternoon of wanting","motivation","-","I want to stay here.","snag","prompted","","lens_output.md (e)"
"character#047","character","1","sonnet","Ch14;Ch15","Whatever happens next is yours versus thought I'd be the one carrying it","motivation","-","Then whatever happens next is yours.","snag","prompted","5","log.md Ch15"
"target-1#092","target","1","sonnet","Ch15","Shade's reasoning for volunteering","motivation","-","I'd like to find out which problem it thinks is biggest","snag","unprompted","","log.md Ch15"
"character#048","character","1","sonnet","Ch15","Shade's end want not stated, reader had to guess","motivation","-","I'd like to find out which problem it thinks is biggest.","quibble","prompted","","log.md Ch15"
"target-1#116","target","1","sonnet","Ch17;Ch18","Elizabeth's own want is unclear","motivation","-","Because she wanted to go.","snag","unprompted","","core.md Q5"
"auditor#022","auditor","1","sonnet","Ch18","why Pathwell closes the Merritt cookbook and shopkeeper must sit down","motivation","-","Then he closed it, carefully, and put it back.","snag","unprompted","10","log.md Ch18 S3"
"target-2#004","target","2","sonnet","Ch1","""marked, magically speaking"" exchange repeats its gag","pacing","-","","quibble","unprompted","","log.md [Fresh read] Ch1"
"skimmer#001","skimmer","1","haiku","Ch1","Party inventory stalls the crash","pacing","-","Paper cups on every flat surface, a tray of cheese cubes going shiny, and half a sheet cake that now said only ELIZ","snag","unprompted","","chain_log.md Sitting 1 (c)"
"skimmer#002","skimmer","1","haiku","Ch1","Light-switch aside goes nowhere","pacing","-","she still couldn't find the light switch in the hall","quibble","unprompted","","chain_log.md Sitting 1 (c)"
"skimmer#003","skimmer","1","haiku","Ch1","Sun and rain detail in the baking memory","pacing","-","Sun shining through an open window above the sink, the fresh smell of rain filled her lungs.","quibble","unprompted","","chain_log.md Sitting 1 (c)"
"target-2#009","target","2","sonnet","Ch2","Pathwell's long dumpling speech","pacing","-","Perfectly crappy","quibble","unprompted","","log.md [Fresh read] Ch2"
"skimmer#012","skimmer","1","haiku","Ch2","Landlord, door and dry-cleaning panic list","pacing","-","My landlord is going to kill me. How am I going to explain the door?","quibble","unprompted","","chain_log.md Sitting 2 (c)"
"skimmer#014","skimmer","1","haiku","Ch2","Dumpling-place setup","pacing","-","I'm all about the dumplings, the dumplings are perfect here.","quibble","unprompted","","chain_log.md Sitting 2 (c)"
"skimmer#015","skimmer","1","haiku","Ch2","Dumpling sermon","pacing","-","They aren't trying to be anything they're not.","quibble","unprompted","","chain_log.md Sitting 2 (c)"
"skimmer#016","skimmer","1","haiku","Ch2","Atmosphere line about the city","pacing","-","The city was in motion even now.","quibble","unprompted","","chain_log.md Sitting 2 (c)"
"target-1#015","target","1","sonnet","Ch3","Rai Stone / Lydian coin haggling aimed at tiny audience","pacing","-","","quibble","unprompted","","log.md Ch3"
"skimmer#027","skimmer","1","haiku","Ch3","Middle of the ritual paragraph","pacing","-","Splintering thinner, then burrowing, twisting, wriggling. Taking hold.","quibble","unprompted","","chain_log.md Sitting 3 (c)"
"skimmer#030","skimmer","1","haiku","Ch3","Door-closing and ""Pathwell?"" vanishing run feels like stalling","pacing","-","Lizzy, would you mind closing the door?","quibble","unprompted","","chain_log.md Sitting 3 (c)"
"target-1#020","target","1","sonnet","Ch4","Pathwell's list of cunning-folk","pacing","-","Did I say runemasters?","quibble","unprompted","","log.md Ch4"
"target-1#021","target","1","sonnet","Ch4","Notebook-and-Hess exchange, one more quirky camp bit","pacing","-","","quibble","unprompted","","log.md Ch4"
"target-2#021","target","2","sonnet","Ch4","Pathwell's Cunning Folk roll call","pacing","-","Did I say runemasters?","quibble","unprompted","","log.md [Fresh read] Ch4"
"skimmer#037","skimmer","1","haiku","Ch4","Camp list of wizards, spaewives and gwyllion","pacing","-","Abode of the spaewives and the gwyllion.","quibble","unprompted","","chain_log.md Sitting 4 (c)"
"prose#065","prose","1","sonnet","Ch4","Second pass of Camp roll call drags","pacing","-","Sanctuary, alcove, holdfast and haunt","quibble","unprompted","","log.md Ch4 Lists of nouns"
"hostile#023","hostile","1","haiku","Ch4","Wardrobe montage (pajamas to pastel linen)","pacing","-","","quibble","unprompted","","log.md Ch4"
"target-1#025","target","1","sonnet","Ch5","Portal and school-halls wandering run long","pacing","-","twisting and spinning","quibble","unprompted","9","log.md Ch5"
"target-2#030","target","2","sonnet","Ch5","portal wind and circle paragraphs","pacing","-","The circle spun around them, gaining speed.","quibble","unprompted","","log.md [Fresh read] Ch5"
"skimmer#043","skimmer","1","haiku","Ch5","Giving-blood sleep simile","pacing","-","the way she imagined people slept after giving blood","quibble","unprompted","","chain_log.md Sitting 5 (c)"
"skimmer#044","skimmer","1","haiku","Ch5","Narrator's address and paragraph on the crossroads town","pacing","-","You would be forgiven for not stopping in the town as you drove through","stopper","unprompted","","chain_log.md Sitting 5 (c)"
"skimmer#053","skimmer","1","haiku","Ch6","Bar description opening","pacing","-","The bar wasn't nearly as dingy as she'd imagined.","quibble","unprompted","","chain_log.md Sitting 6 (c)"
"skimmer#054","skimmer","1","haiku","Ch6","Mounted fish as decor","pacing","-","A mounted fish watched the room from above the register with the exhausted expression of something that had heard all of this before.","quibble","unprompted","","chain_log.md Sitting 6 (c)"
"skimmer#069","skimmer","1","haiku","Ch7","""What pull?"" asked twice, brothers keep dodging","pacing","-","What pull?","snag","unprompted","5","chain_log.md Sitting 7 (c); topten.md 5"
"skimmer#070","skimmer","1","haiku","Ch7","""Which prune?"" unexplained and unanswered","pacing","-","Which prune?","stopper","unprompted","5","chain_log.md Sitting 7 (c); topten.md 5"
"skimmer#076","skimmer","1","haiku","Ch8","""Which prune?"" loop repeated four or five times","pacing","-","Which prune? Not while you're driving.","stopper","unprompted","5","chain_log.md Sitting 8 (c); topten.md 5"
"skimmer#077","skimmer","1","haiku","Ch8","Farmer stray thought","pacing","-","how upset the farmer was going to be when he saw it","quibble","unprompted","","chain_log.md Sitting 8 (c)"
"target-1#052","target","1","sonnet","Ch9","First car-radio stretch","pacing","-","","quibble","unprompted","","log.md Ch9"
"skimmer#085","skimmer","1","haiku","Ch9","Bacon food beat","pacing","-","It was burnt at one end and nearly right at the other, and she chewed, and chewed, and closed her eyes for a second.","quibble","unprompted","","chain_log.md Sitting 9 (c)"
"target-1#056","target","1","sonnet","Ch10","Three memory attempts before the coffee catches","pacing","-","Neon in wet pavement.","quibble","unprompted","9","log.md Ch10"
"skimmer#093","skimmer","1","haiku","Ch10","Rules speech for the memory working","pacing","-","A shared experience works best.","snag","unprompted","","chain_log.md Sitting 10 (c)"
"skimmer#094","skimmer","1","haiku","Ch10","Slap ""Bank it."" exchange runs long","pacing","-","Bank it.","quibble","unprompted","","chain_log.md Sitting 10 (c)"
"target-2#069","target","2","sonnet","Ch11","furniture flying through the gallery","pacing","-","","quibble","unprompted","","log.md [Fresh read] Ch11"
"reluctant#055","reluctant","1","haiku","Ch11","Parking-lot and breakfast banter too long before set piece","pacing","-","I support the arts","quibble","unprompted","10","log.md Ch11"
"skimmer#098","skimmer","1","haiku","Ch11","Blue-spot parking joke","pacing","-","Well, I don't want to get towed for parking in a blue spot. What if someone comes along and needs it?","quibble","unprompted","","chain_log.md Sitting 11 (c)"
"skimmer#099","skimmer","1","haiku","Ch11","Soldier's poem in the museum","pacing","-","A soldier's poem hung in a plain frame by the artillery room door","stopper","unprompted","","chain_log.md Sitting 11 (c)"
"skimmer#100","skimmer","1","haiku","Ch11","Curator's arthritis handwriting aside","pacing","-","She labeled everything herself until arthritis made her handwriting look like a seismograph.","quibble","unprompted","","chain_log.md Sitting 11 (c)"
"rules#011","rules","1","haiku","Ch11","museum destruction is spectacle; adds damage, not decision","pacing","-","The working tried to make distance physical, and it shoved chairs, signs, the broken barrier","snag","unprompted","10","core_and_topten.md Core 3; log.md R11.3"
"target-1#073","target","1","sonnet","Ch12","Middle stew-and-bucket stretch","pacing","-","","quibble","unprompted","","log.md Ch12"
"reluctant#063","reluctant","1","haiku","Ch12","Healer's fingers-and-numbness exchange runs long","pacing","-","","quibble","unprompted","","log.md Ch12"
"skimmer#110","skimmer","1","haiku","Ch12","Healer's shoulder exam in one long sentence","pacing","-","The healer moved Elizabeth's coat and the borrowed blazer aside carefully and examined the shoulder without trying to prove anything about pain tolerance","quibble","unprompted","","chain_log.md Sitting 12 (c)"
"skimmer#111","skimmer","1","haiku","Ch12","Predictable ""ready"" exchange","pacing","-","Does being ready change anything?","quibble","unprompted","","chain_log.md Sitting 12 (c)"
"skimmer#113","skimmer","1","haiku","Ch12","Camp waking-up image","pacing","-","Camp was moving toward morning one person at a time.","quibble","unprompted","","chain_log.md Sitting 12 (c)"
"skimmer#114","skimmer","1","haiku","Ch12","Archive intake paperwork run","pacing","-","Name for the card?","snag","unprompted","","chain_log.md Sitting 12 (c)"
"target-1#077","target","1","sonnet","Ch13","Hearts hands three to five","pacing","-","","quibble","unprompted","9","log.md Ch13"
"target-2#082","target","2","sonnet","Ch13","Hearts games run long","pacing","-","","quibble","unprompted","","log.md [Fresh read] Ch13"
"reluctant#065","reluctant","1","haiku","Ch13","Round-by-round Hearts account runs long and repeats the reveal","pacing","-","","quibble","unprompted","10","lens_output.md (c)"
"skimmer#121","skimmer","1","haiku","Ch13","Onion sequence","pacing","-","He got the onion anyway","snag","unprompted","","chain_log.md Sitting 13 (c)"
"rules#026","rules","1","haiku","Ch13;Ch17","card-game scenes run long for what they carry","pacing","-","","quibble","unprompted","","lens_output.md (b) what I'd cut first"
"hostile#068","hostile","1","haiku","Ch13","Hearts game takes a third of the chapter and drains the threat","pacing","-","This child is cheating.","snag","unprompted","","log.md Ch13"
"skimmer#126","skimmer","1","haiku","Ch14","Brass pins and hardware banter","pacing","-","You carry an unreasonable amount of hardware.","quibble","unprompted","","chain_log.md Sitting 14 (c)"
"skimmer#128","skimmer","1","haiku","Ch14","Mama Baga ""Stop"" section, lines 379-463","pacing","-","""Stop,"" Mama Baga said again.","stopper","unprompted","4","chain_log.md Sitting 14 (c); topten.md 4"
"skimmer#129","skimmer","1","haiku","Ch14","""Yes."" / ""No."" exchange repeats the same argument","pacing","-","","quibble","unprompted","","chain_log.md Sitting 14 (d)"
"skimmer#131","skimmer","1","haiku","Ch14","Sentence listing too many objects","pacing","-","weather ledgers, family letters, Nana's cookbook... her diary in the intake rack","quibble","unprompted","","chain_log.md Sitting 14 (c)"
"skimmer#132","skimmer","1","haiku","Ch14","""Together / separate"" wordless voices","pacing","-","One said together. One said separate. Neither was language, and Elizabeth understood them anyway.","quibble","unprompted","","chain_log.md Sitting 14 (c)"
"skimmer#133","skimmer","1","haiku","Ch14","Small talk about archivist and Stansbury's sentences","pacing","-","","quibble","unprompted","","chain_log.md Sitting 14 (d)"
"hostile#075","hostile","1","haiku","Ch14","Rejoining mechanism explained twice","pacing","-","Two anchors. One return.","quibble","unprompted","","log.md Ch14"
"target-2#096","target","2","sonnet","Ch15","explanation of overlapping signatures","pacing","-","","quibble","unprompted","","log.md [Fresh read] Ch15"
"skimmer#136","skimmer","1","haiku","Ch15","Opening sensory list of fragments","pacing","-","Rain on canvas.","quibble","unprompted","","chain_log.md Sitting 15 (c)"
"skimmer#137","skimmer","1","haiku","Ch15","""Emotional weather"" paragraphs listing fragments","pacing","-","The emotional weather around it kept breaking loose: relief, hunger, rain, an old irritation about somebody borrowing a coat and never returning it.","quibble","unprompted","","chain_log.md Sitting 15 (c)"
"target-1#100","target","1","sonnet","Ch16","Crying list and closing paragraph","pacing","-","Elizabeth cried for Nana.","quibble","unprompted","","log.md Ch16"
"target-2#101","target","2","sonnet","Ch16","restitution scene and archivist's list","pacing","-","Blank archival paper. Storage boxes. Waxed cloth. Two replacement cabinets. Drying racks.","snag","unprompted","","log.md [Fresh read] Ch16"
"reluctant#083","reluctant","1","haiku","Ch16","Elizabeth's crying list one item too long","pacing","-","For Nana. For the cookbook...","quibble","unprompted","","log.md Ch16"
"skimmer#144","skimmer","1","haiku","Ch16","Inventory list","pacing","-","Route copies reconstructed from surviving originals and external copies where they exist.","quibble","unprompted","","chain_log.md Sitting 16 (c)"
"skimmer#145","skimmer","1","haiku","Ch16","Restitution run of ""Agreed"" beats","pacing","-","""Agreed,"" Pathwell said.","stopper","unprompted","7","chain_log.md Sitting 16 (c); topten.md 7"
"auditor#016","auditor","1","sonnet","Ch16;Ch17","Ch17 restitution scenes repeat Ch16's point","pacing","-","","snag","unprompted","8","core.md Q3 (worst moment)"
"target-1#102","target","1","sonnet","Ch17","Chapter 17 repeats one joke: he wants to improve it, is told no, complies","pacing","-","Color is also a dimension.","snag","unprompted","1","log.md Ch17"
"reluctant#084","reluctant","1","haiku","Ch17","Aftermath montage slower; first-week rack and cabinet comedy and Hearts epilogue repeat Ch13 joke","pacing","-","","quibble","unprompted","10","log.md Ch17"
"skimmer#154","skimmer","1","haiku","Ch17","Elizabeth's apartment paragraph","pacing","-","Her apartment took longer to become hers than the archive took to become a construction site.","quibble","unprompted","","chain_log.md Sitting 17 (c)"
"skimmer#158","skimmer","1","haiku","Ch17","Third recap of the arc in one chapter","pacing","-","No debt vanished.","quibble","unprompted","","chain_log.md Sitting 17 (c)"
"rules#027","rules","1","haiku","Ch17","restitution list accurate but could be two lines","pacing","-","","quibble","unprompted","","lens_output.md (b) what I'd cut first"
"target-1#112","target","1","sonnet","Ch18","Postcards, field guide, blue-string letters list","pacing","-","","quibble","unprompted","9","log.md Ch18"
"target-2#118","target","2","sonnet","Ch18","five-routes bit and postcard wander","pacing","-","Four without making the Shopkeeper invent anything unpleasant.","quibble","unprompted","","log.md [Fresh read] Ch18"
"reluctant#089","reluctant","1","haiku","Ch18","Five-routes exchange and goose joke run long","pacing","-","The fifth is seasonal.","quibble","unprompted","","log.md Ch18"
"skimmer#163","skimmer","1","haiku","Ch18","Opening call banter","pacing","-","No better destination? At least four.","snag","unprompted","6","chain_log.md Sitting 18 (c); topten.md 6"
"skimmer#164","skimmer","1","haiku","Ch18","Second door-and-wagon exchange","pacing","-","Diseased lemon.","quibble","unprompted","6","chain_log.md Sitting 18 (c); topten.md 6"
"skimmer#165","skimmer","1","haiku","Ch18","Shelves of other people's feelings","pacing","-","A shelf of rain-swollen journals made her chest ache with somebody else's homesickness.","quibble","unprompted","","chain_log.md Sitting 18 (c)"
"skimmer#166","skimmer","1","haiku","Ch18","Routes passage before the door","pacing","-","The first sounded useful. The second sounded beautiful and crowded.","quibble","unprompted","","chain_log.md Sitting 18 (c)"
"target-2#113","target","2","sonnet","Ch1;Ch18","chapter 18 reversal of chapter 1's last exchange","promise","+","""Are you ready?"" / ""No."" / ""Perfect.""","mild","unprompted","","log.md [Fresh read] Ch18"
"prose#049","prose","1","sonnet","Ch1","Cake survives: understatement joke pays off the party detail","promise","+","The cake, somehow, was fine.","strong","unprompted","","log.md Ch1 joke shape"
"skimmer#023","skimmer","1","haiku","Ch2","""He still has it"" as a hook","promise","+","He still has it.","mild","unprompted","","chain_log.md Sitting 2 (b)"
"hostile#064","hostile","1","haiku","Ch2;Ch12","Spoon callback pays off the mixing spoon from Ch2","promise","+","FIND NANA'S SPOON","strong","unprompted","","log.md Ch12"
"skimmer#033","skimmer","1","haiku","Ch3","Missing cookbook page as a hook","promise","+","Her thumb found the ragged edge where the page had been.","strong","unprompted","","chain_log.md Sitting 3 (c)"
"target-1#104","target","1","sonnet","Ch4;Ch17","Copying the blue notebook, HESS SAYS FOUR payoff","promise","+","HESS SAYS FOUR","strong","unprompted","","log.md Ch17"
"target-2#033","target","2","sonnet","Ch5","""He lies, you know"" / ""I don't lie"" plant","promise","+","He lies, you know","mild","unprompted","","log.md [Fresh read] Ch5"
"target-2#044","target","2","sonnet","Ch7","Elizabeth cutting Pathwell free with the foam dagger, payoff of ch5 line","promise","+","Something opened. Not flesh. A seam.","strong","unprompted","","log.md [Fresh read] Ch7"
"target-2#116","target","2","sonnet","Ch7;Ch18","Elizabeth asking ""Do you want to come?""","promise","+","Do you want to come?","mild","unprompted","","log.md [Fresh read] Ch18"
"skimmer#090","skimmer","1","haiku","Ch9","""Ask him what he chose"" gives a thing to hold","promise","+","He knows what he did. Ask him.","strong","unprompted","","chain_log.md Sitting 9 (c)"
"target-1#074","target","1","sonnet","Ch12;Ch14;Ch15","Diary in the intake rack pays off at the fire","promise","+","","mild","unprompted","","log.md Ch14"
"skimmer#119","skimmer","1","haiku","Ch12","""Pathwell still wasn't there"" as hook","promise","+","Pathwell still wasn't there.","mild","unprompted","","chain_log.md Sitting 12 (d)"
"reluctant#069","reluctant","1","haiku","Ch13","Chapter ends on threshold opening the reader wants resolved","promise","+","the distant scrape of a shoe on museum wood","mild","unprompted","","log.md Ch13"
"skimmer#125","skimmer","1","haiku","Ch13","Threshold opening as ending hook","promise","+","Then the threshold opened.","mild","unprompted","","chain_log.md Sitting 13 (c)"
"skimmer#135","skimmer","1","haiku","Ch14","Milo shouting inside the fire as ending hook","promise","+","And inside it, Milo shouted again.","strong","unprompted","","chain_log.md Sitting 14 (d)"
"target-1#111","target","1","sonnet","Ch18","Sequel hook of no one waiting who needed him to fix anything","promise","+","At least as far as either of them knew.","mild","unprompted","","log.md Ch18"
"target-1#115","target","1","sonnet","Ch1;Ch2;Ch17","The building and her ordinary life disappear after Chapter 1","promise","-","","snag","unprompted","10","core.md Q5"
"target-2#029","target","2","sonnet","Ch1;Ch5;Ch17","why the cleanup creature was at Elizabeth's door and why Pathwell was in her flat, never answered","promise","-","""Her door,"" Pathwell said. / ""Was it?""","snag","unprompted","","log.md [Fresh read] Ch5"
"target-2#119","target","2","sonnet","Ch1;Ch2;Ch17;Ch18","apartment building and neighbours vanish after chapter 2","promise","-","","snag","unprompted","8","log.md [Fresh read] Ch18"
"auditor#001","auditor","1","sonnet","Ch1;Ch2;Ch5;Ch9","why Pathwell was at Elizabeth's party and in her boxes","promise","-","He'd been at the party, talking to everybody","snag","unprompted","1","lens_output.md (d)23"
"auditor#031","auditor","1","sonnet","Ch1","the page left behind when she snatches the book","promise","-","Elizabeth snatched the book, leaving the page behind.","quibble","unprompted","","log.md Ch1 S1"
"auditor#056","auditor","1","sonnet","Ch1","man goes still at the hall, never explained","promise","-","went still","quibble","unprompted","","log.md Ch1 S3"
"rules#005","rules","1","haiku","Ch1;Ch2;Ch4","'You really don't know?' and whether Elizabeth has any power of her own","promise","-","You really don't know?","snag","unprompted","2","log.md R1.9; core_and_topten.md Core 5"
"prose#015","prose","1","sonnet","Ch1;Ch4","Cookbook promised but almost no food or cooking on the page","promise","-","","snag","prompted","8","core.md 5 More food"
"auditor#007","auditor","1","sonnet","Ch2","shadow in Elizabeth's apartment window","promise","-","A shadow filled the space.","snag","unprompted","6","log.md Addenda Ch2 S6"
"rules#021","rules","1","haiku","Ch2;Ch18","neighborhood changed (coffee shop became laundromat) never explained","promise","-","a shuttered laundromat she'd never seen before","quibble","unprompted","","log.md R2.2, F2.1; lens_output.md (b)9"
"rules#041","rules","1","haiku","Ch2;Ch12;Ch17","Nana's spoon set up as a hook and then dropped","promise","-","because it was a spoon","quibble","unprompted","","log.md F12.3, R17.8, F17.3"
"target-1#016","target","1","sonnet","Ch3;Ch5;Ch12;Ch18","Stray names left unexplained (Boots joke dropped, Bakhtak, Thumper)","promise","-","","quibble","unprompted","","log.md Ch3"
"skimmer#028","skimmer","1","haiku","Ch3","Promise to answer all questions read as a hedge","promise","-","Lizzy, I can answer all your questions, even the ones you'll have next.","quibble","unprompted","","chain_log.md Sitting 3 (c)"
"skimmer#064","skimmer","1","haiku","Ch3;Ch4;Ch6;Ch7;Ch14","What the cookbook was for and how it links to the door","promise","-","","snag","unprompted","","chain_log.md Sitting 6 (a)"
"auditor#008","auditor","1","sonnet","Ch3","lavender-scented loose page that drifts out","promise","-","the ink smelled like lavender","snag","unprompted","6","log.md Ch3 S1"
"auditor#032","auditor","1","sonnet","Ch3","cookbook feels heavier despite missing page","promise","-","Missing a page should have made it lighter.","quibble","unprompted","","log.md Ch3 S4"
"auditor#082","auditor","1","sonnet","Ch3","Rai Stone and thirty Lydian coins dangled","promise","-","","quibble","unprompted","","lens_output.md (d)28"
"rules#014","rules","1","haiku","Ch3","what the tome bought in Ch3 is never said","promise","-","","snag","unprompted","","core_and_topten.md Core 5; log.md F8.1"
"rules#016","rules","1","haiku","Ch3;Ch4","cookbook gets heavier after pages are spent, never explained","promise","-","The cookbook felt heavier, which was stupid.","quibble","unprompted","","log.md F3.2; lens_output.md (b)11"
"rules#017","rules","1","haiku","Ch3","Pathwell's promise to answer all questions is never kept","promise","-","I can answer all your questions, even the ones you'll have next.","snag","unprompted","","log.md F3.3; lens_output.md (b)5"
"target-1#028","target","1","sonnet","Ch5;Ch17","Whose door the first blob came to","promise","-","""Her door,"" Pathwell said. / Stansbury looked at him. ""Was it?""","snag","unprompted","4","log.md Ch5"
"target-2#034","target","2","sonnet","Ch5","origin of the cleanup creatures never explained","promise","-","","quibble","unprompted","10","core.md #5"
"target-2#062","target","2","sonnet","Ch5;Ch6;Ch10;Ch17","who asked Pathwell for help, what the problem was, why he pruned","promise","-","Someone asked me for help.","snag","unprompted","1","log.md [Fresh read] Ch10"
"skimmer#047","skimmer","1","haiku","Ch5","Saturday versus Friday mismatch never explained","promise","-","","quibble","unprompted","","chain_log.md Sitting 5 (c)"
"auditor#011","auditor","1","sonnet","Ch5;Ch17","Elizabeth's missed nine o'clock meeting, no consequence","promise","-","her nine o'clock meeting had come and gone","snag","unprompted","6","lens_output.md (d)25"
"auditor#063","auditor","1","sonnet","Ch5","school closet door locks behind her, not revisited","promise","-","It had locked behind her","quibble","unprompted","","log.md Ch5 S2"
"hostile#031","hostile","1","haiku","Ch5","Selling children's work question raised then left to banter","promise","-","It doesn't really feel any different from what you did at the bookstore","snag","unprompted","","log.md Ch5; core.md Q3"
"skimmer#056","skimmer","1","haiku","Ch6","Mint thud hook dropped immediately","promise","-","She decided she was tired, and turned back to her glass.","quibble","unprompted","","chain_log.md Sitting 6 (c)"
"skimmer#067","skimmer","1","haiku","Ch6;Ch7;Ch8","The mirror and the pull never explained; brothers stall","promise","-","","snag","unprompted","","chain_log.md Sitting 7 (b)"
"rules#033","rules","1","haiku","Ch6;Ch7","wrong reflection in the mirror never explained","promise","-","wrong in the smallest possible way","quibble","unprompted","","log.md R6.3, F6.2"
"rules#034","rules","1","haiku","Ch6","bartender seems to act before his hand moves, never explained","promise","-","She could have sworn one of them came a hair before his hand did.","quibble","unprompted","","log.md R6.8, F6.4"
"hostile#035","hostile","1","haiku","Ch6","Bartender's hint that one came a hair before his hand goes nowhere","promise","-","could have sworn one of them came a hair before his hand did","quibble","unprompted","","log.md Ch6"
"hostile#036","hostile","1","haiku","Ch6","Elizabeth's mother mentioned once and dropped","promise","-","My mom used to always tell me that","quibble","unprompted","9","log.md Ch6; topten.md 9"
"reluctant#038","reluctant","1","haiku","Ch7-10","'Which prune?' asked and answer withheld until Ch10","promise","-","Which prune?","snag","unprompted","6","log.md Ch7"
"skimmer#066","skimmer","1","haiku","Ch7;Ch8;Ch18","Space Between never explained","promise","-","","snag","unprompted","","chain_log.md Sitting 7 (a)"
"rules#035","rules","1","haiku","Ch7","how many creatures there are and where they come from ('That one is gone')","promise","-","That one is gone.","quibble","unprompted","","log.md F7.3"
"rules#015","rules","1","haiku","Ch8;Ch10;Ch15;Ch16","what Shade became and whether a taken piece is dead, absorbed or returned","promise","-","But you don't know how the failure became a person.","snag","unprompted","","log.md F8.1, F15.1; lens_output.md (b)14"
"hostile#073","hostile","1","haiku","Ch8;Ch9;Ch13;Ch14;Ch15","Shade gets too little time and no scene of his own before he is taken","promise","-","Shade smiled. It was small, and it was his.","snag","unprompted","2","lens_output.md (a) para 8; (b)"
"skimmer#109","skimmer","1","haiku","Ch9;Ch11;Ch14;Ch17;Ch18","Celia and the pears never return","promise","-","A woman named Celia who hated pears.","snag","unprompted","","chain_log.md Sitting 11 (a)"
"character#013","character","1","sonnet","Ch9","What Pathwell chose / the prune, never explained","promise","-","Ask him what he chose","quibble","unprompted","","log.md Ch9; core.md Q4"
"target-1#059","target","1","sonnet","Ch10;Ch18","The original problem Pathwell pruned for is never said","promise","-","They had a problem. A real one.","snag","unprompted","3","log.md Ch10"
"reluctant#050","reluctant","1","haiku","Ch10","Who asked Pathwell for help is never named","promise","-","Someone asked me for help.","quibble","unprompted","","log.md Ch10"
"auditor#010","auditor","1","sonnet","Ch10","third scrap of paper Stansbury brings down","promise","-","three scraps of paper","quibble","unprompted","6","log.md Ch10 S3"
"rules#004","rules","1","haiku","Ch10","the client who asked Pathwell for help is never named","promise","-","They did not ask me to prune. I did not ask whether they wanted me to.","snag","unprompted","1","log.md F10.1; lens_output.md (b)13"
"reluctant#060","reluctant","1","haiku","Ch12","Fate of the young woman from the wagon accident not confirmed","promise","-","","quibble","unprompted","","log.md Ch12"
"hostile#067","hostile","1","haiku","Ch12","Nana's funeral page Elizabeth cannot finish","promise","-","","quibble","unprompted","","core.md Q5"
"rules#040","rules","1","haiku","Ch13;Ch15","queen of spades token: power never shown","promise","-","The queen of spades lay on the card table where the archivist had left it.","quibble","unprompted","","log.md F13.2, F15.5"
"hostile#077","hostile","1","haiku","Ch14;Ch15","Foam dagger raised and never used","promise","-","","quibble","unprompted","","log.md Ch14"
"auditor#009","auditor","1","sonnet","Ch15","Pathwell's unheard whisper","promise","-","Pathwell whispered something she didn't hear.","snag","unprompted","6","lens_output.md (d)24"
"rules#037","rules","1","haiku","Ch16","museum obligations stay separate and are never settled","promise","-","Camp does not absorb those because you caused something worse afterward.","quibble","unprompted","","log.md F16.1"
"hostile#087","hostile","1","haiku","Ch16","Scar-removal thread set up and left open","promise","-","ways to reduce what remains","quibble","unprompted","","log.md Ch16"
"target-1#018","target","1","sonnet","Ch4","Archive rule: donated pages are spent, archive keeps them","rule","+","Specificity is expensive","strong","unprompted","","log.md Ch4"
"rules#046","rules","1","haiku","Ch10","copy rule closes the door on searching with a copy: rule, not character, blocks the move","rule","+","The copy keeps the words.","mild","unprompted","","lens_output.md (c)4; log.md R10.2"
"target-1#082","target","1","sonnet","Ch14","Mama Baga's rule for how workings fail","rule","+","The working knows what you mean, not what you wish you meant.","strong","unprompted","","log.md Ch14"
"reluctant#025","reluctant","1","haiku","Ch1-18","No plain account of the magic's rules to judge the characters' choices","rule","-","","snag","unprompted","","core.md Q5"
"prose#070","prose","1","sonnet","Ch1","Grandmother's voice in the cookbook given only a rule, no reason","rule","-","Because it was hers","quibble","unprompted","","core.md 5"
"rules#006","rules","1","haiku","Ch3;Ch5;Ch10;Ch18","whether potential is one resource or two (what may be, future possibility, children's work)","rule","-","I give what may be, to protect what will.","snag","unprompted","6","log.md F10.2; lens_output.md (b)12"
"rules#022","rules","1","haiku","Ch3;Ch9;Ch13;Ch18","why bad familiar coffee steadies people, rule never stated","rule","-","Familiar things are useful.","quibble","unprompted","","log.md R3.4, F3.1; lens_output.md (b)10"
"hostile#099","hostile","1","haiku","Ch3;Ch5;Ch18","Magic's cost at scale never stated beyond 'paid in pieces of you'","rule","-","","snag","unprompted","3","core.md Q5"
"reluctant#022","reluctant","1","haiku","Ch4","Cookbook page rule (spent not burned) shown but not stated","rule","-","Not burned. Spent.","quibble","unprompted","","log.md Ch4"
"rules#028","rules","1","haiku","Ch4","'fresh waste' is never defined","rule","-","Fresh waste. That part made sense.","quibble","unprompted","","log.md F4.3"
"rules#003","rules","1","haiku","Ch5;Ch15","creature rule 'unpleasant rather than murderous' vs Shade taken while walking away","rule","-","If you don't stand between them and what they're after, they're unpleasant rather than murderous.","snag","unprompted","5","log.md F15.3; lens_output.md (b)3"
"rules#007","rules","1","haiku","Ch5;Ch7;Ch14","dagger 'designed not to' cut people, untested on a bound person; missed move in Ch14","rule","-","It's designed not to.","snag","unprompted","7","log.md R5.4, F14.1; lens_output.md (b)16"
"rules#024","rules","1","haiku","Ch5;Ch7","foam sword rule overpromises (does not stop the creature)","rule","-","it does what it was made to do","quibble","unprompted","","log.md R7.1; lens_output.md (b)17"
"hostile#033","hostile","1","haiku","Ch5;Ch15","Waste-creature rule dropped whenever inconvenient","rule","-","unpleasant rather than murderous","snag","unprompted","","lens_output.md (a) para 4"
"skimmer#065","skimmer","1","haiku","Ch7;Ch9;Ch10;Ch14;Ch15","Magic terms never plainly explained (prune, working, draw, cuts separation, frame, signals)","rule","-","Cuts separation into things that don't separate easily.","snag","unprompted","1","chain_log.md Sitting 7 (c); topten.md 1"
"character#054","character","1","sonnet","Ch8;Ch14","Nature of the draw (magic, flaw, or deliberate) unclear","rule","-","","quibble","unprompted","","lens_output.md (g)"
"rules#023","rules","1","haiku","Ch10;Ch11;Ch13","the pull opens a threshold without a route mark when the plot needs it","rule","-","There isn't a reliable threshold from here.","snag","unprompted","","log.md R13.2; lens_output.md (b)15"
"rules#039","rules","1","haiku","Ch18","inherited-debt joke never confirmed as a rule","rule","-","whether inheriting someone's toolbox constituted inheriting their late fees","quibble","unprompted","","log.md R18.3, F18.2"
"target-1#002","target","1","sonnet","Ch1","Sugar-cookie spell, magic in a recipe","strength","+","Because it was hers","strong","unprompted","","log.md Ch1"
"target-2#001","target","2","sonnet","Ch1","opening image of stranger reading her diary","strength","+","reading her diary like a magazine in a waiting room","strong","unprompted","","log.md [Fresh read] Ch1"
"target-2#002","target","2","sonnet","Ch1","cookbook as spell, Nana memory","strength","+","Don't think. What's your favorite recipe?","mild","unprompted","","log.md [Fresh read] Ch1"
"reluctant#001","reluctant","1","haiku","Ch1","Opening scene is concrete and quick (her party, boxes, Nana, stranger)","strength","+","","mild","unprompted","","log.md Ch1"
"skimmer#007","skimmer","1","haiku","Ch1","Opening line","strength","+","It was the crash that woke her.","mild","unprompted","","chain_log.md Sitting 1 (c)"
"skimmer#008","skimmer","1","haiku","Ch1","Quick ""favorite recipe"" drill","strength","+","Don't think. What's your favorite recipe?","strong","unprompted","","chain_log.md Sitting 1 (c)"
"skimmer#009","skimmer","1","haiku","Ch1","Low-tide smell image","strength","+","Low tide, a long way from any sea.","mild","unprompted","","chain_log.md Sitting 1 (c)"
"skimmer#010","skimmer","1","haiku","Ch1","The cake being fine","strength","+","The cake, somehow, was fine.","mild","unprompted","","chain_log.md Sitting 1 (c)"
"skimmer#011","skimmer","1","haiku","Ch1;Ch18","""Ready?"" ""No."" ""Perfect."" chapter endings","strength","+","""Ready?"" ""No."" ""Perfect.""","strong","unprompted","10","chain_log.md Sitting 1 (c); topten.md 10"
"prose#042","prose","1","sonnet","Ch1;Ch15","Low-tide smell works as a deliberate motif","strength","+","Low tide, a long way from any sea.","mild","unprompted","","log.md Ch1 low tide"
"prose#048","prose","1","sonnet","Ch1","Party paragraph: cheese cubes, cake saying ELIZ, banner","strength","+","half a sheet cake that now said only ELIZ, because her coworkers had started at the wrong end","strong","unprompted","","lens_output.md (c) best 1"
"prose#057","prose","1","sonnet","Ch1","Elizabeth's frightened, uncertain voice in Ch1 before she picks up the style","strength","+","My Nana always made the best sugar cookies?","mild","unprompted","","lens_output.md (b)"
"hostile#006","hostile","1","haiku","Ch1","Opening: fast, specific room, bored image of the stranger reading the diary","strength","+","reading her diary like a magazine in a waiting room","mild","unprompted","","log.md Ch1"
"target-1#008","target","1","sonnet","Ch2;Ch17","Dry-cleaning ticket breakdown and its echo","strength","+","The ticket skipped off the edge, caught the gutter, and was gone.","strong","unprompted","","log.md Ch2"
"target-2#005","target","2","sonnet","Ch2","Tuesday/Thursday exchange","strength","+","It's not a dream. Just a really weird Tuesday for you.","mild","unprompted","","log.md [Fresh read] Ch2"
"target-2#006","target","2","sonnet","Ch2","Elizabeth crying over the life packed in garbage bags","strength","+","A life she'd packed into garbage bags and moved across the city because staying felt worse than leaving","strong","unprompted","","log.md [Fresh read] Ch2"
"target-2#007","target","2","sonnet","Ch2","coffee shop turning into a shuttered laundromat and a park that shouldn't be there","strength","+","a park that shouldn't have been there","strong","unprompted","","log.md [Fresh read] Ch2"
"reluctant#009","reluctant","1","haiku","Ch2","Elizabeth's concrete grief and small real irritations (door, dry-cleaning ticket)","strength","+","staying felt worse than leaving, but leaving didn't feel like anything at all.","strong","unprompted","","log.md Ch2"
"skimmer#018","skimmer","1","haiku","Ch2","""It's Thursday"" joke","strength","+","It's Thursday.","mild","unprompted","","chain_log.md Sitting 2 (c)"
"skimmer#019","skimmer","1","haiku","Ch2","""Replaceable.""","strength","+","Replaceable.","mild","unprompted","","chain_log.md Sitting 2 (c)"
"skimmer#020","skimmer","1","haiku","Ch2","Dry-cleaning ticket blowing into the gutter","strength","+","","strong","unprompted","","chain_log.md Sitting 2 (c)"
"skimmer#021","skimmer","1","haiku","Ch2","Street that has changed (a park that shouldn't be there)","strength","+","A park that shouldn't have been there.","mild","unprompted","","chain_log.md Sitting 2 (c)"
"skimmer#022","skimmer","1","haiku","Ch2","Pathwell refusing a last name","strength","+","","mild","unprompted","","chain_log.md Sitting 2 (d)"
"hostile#013","hostile","1","haiku","Ch2","Best sentence: Elizabeth's packed-up life","strength","+","A life she'd packed into garbage bags and moved across the city because staying felt worse than leaving","strong","unprompted","","log.md Ch2"
"hostile#014","hostile","1","haiku","Ch2","Street-level dislocation: coffee shop gone, park that should not be there","strength","+","","mild","unprompted","","log.md Ch2"
"target-1#012","target","1","sonnet","Ch3","Bookshop of kept lives (the Space Between)","strength","+","Not books — lives.","strong","unprompted","","log.md Ch3"
"target-1#013","target","1","sonnet","Ch3","Aisle where she catches others' feelings and the panic attack that is hers","strength","+","None of that had been hers, and she held on to that. / Then something was.","strong","unprompted","","log.md Ch3"
"target-1#014","target","1","sonnet","Ch3","Payment scene, real cost, shopkeeper on Pathwell spending her grandmother's book","strength","+","These were never his to spend","strong","unprompted","","log.md Ch3"
"target-2#011","target","2","sonnet","Ch3","the bookstore made of lives","strength","+","Not books — lives. Journals with cracked spines, letters bundled in ribbon, recipes on index cards spotted with oil.","strong","unprompted","","log.md [Fresh read] Ch3"
"target-2#012","target","2","sonnet","Ch3","aisle where Elizabeth catches other people's feelings","strength","+","None of that had been hers, and she held on to that","mild","unprompted","","log.md [Fresh read] Ch3"
"target-2#013","target","2","sonnet","Ch3","terrible coffee that helps","strength","+","Familiar things are useful.","mild","unprompted","","log.md [Fresh read] Ch3"
"target-2#014","target","2","sonnet","Ch3","blood-god cat and the handcart humor","strength","+","You've watched me carry things out of here by hand.","mild","unprompted","","log.md [Fresh read] Ch3"
"target-2#015","target","2","sonnet","Ch3","paying the bill with Pathwell's potential, real cost","strength","+","I've got potential to sell. Lots.","strong","unprompted","","log.md [Fresh read] Ch3"
"reluctant#016","reluctant","1","haiku","Ch3","The sacrifice scene is the strongest writing so far","strength","+","","mild","unprompted","","log.md Ch3"
"skimmer#031","skimmer","1","haiku","Ch3","Shelves of other people's lives","strength","+","Not books — lives. Journals with cracked spines, letters bundled in ribbon, recipes on index cards spotted with oil.","strong","unprompted","","chain_log.md Sitting 3 (c)"
"skimmer#032","skimmer","1","haiku","Ch3","Panic attack in the aisle","strength","+","Something heavier, pressing against the inside of her ribs like a fist she couldn't unclench.","mild","unprompted","","chain_log.md Sitting 3 (c)"
"skimmer#034","skimmer","1","haiku","Ch3","""Don't make anything of that.""","strength","+","Don't make anything of that.","mild","unprompted","","chain_log.md Sitting 3 (c)"
"rules#049","rules","1","haiku","Ch3","cost structure: potential as currency, visible tree, shaking body","strength","+","I give what may be, to protect what will.","strong","unprompted","","log.md R3.9; lens_output.md (b) what I'd keep"
"rules#052","rules","1","haiku","Ch3;Ch5;Ch7;Ch14;Ch16","Pathwell's potential cost paid and carried (shaking hands, pruning shock)","strength","+","His right arm shook hard enough that his hand blurred.","strong","unprompted","","log.md R5.7; lens_output.md (d)"
"rules#059","rules","1","haiku","Ch3;Ch14;Ch16","the rules are good because the costs are real (overall)","strength","+","","strong","unprompted","","core_and_topten.md Core 6"
"hostile#019","hostile","1","haiku","Ch3","Sacrifice at the bookshop: first physical cost","strength","+","Pathwell screamed in a million voices, voices lost to time, burning out to become memories never made.","strong","unprompted","","log.md Ch3"
"hostile#020","hostile","1","haiku","Ch3","Shelves of lives: best world idea","strength","+","Not books — lives.","strong","unprompted","","log.md Ch3"
"target-1#017","target","1","sonnet","Ch4","Giving up the whole cookbook for one page","strength","+","If I keep holding the rest, I'm going to spend the next ten minutes finding a reason this page is the wrong one.","strong","unprompted","","log.md Ch4"
"target-1#019","target","1","sonnet","Ch4","The camp as a place of repair","strength","+","almost everything had been repaired by someone who believed replacement was a personal failure","mild","unprompted","","log.md Ch4"
"target-2#018","target","2","sonnet","Ch4","sickbed scene where Elizabeth hands over the whole cookbook","strength","+","Not burned. Spent.","strong","unprompted","","log.md [Fresh read] Ch4"
"target-2#019","target","2","sonnet","Ch4","the archive as a place that keeps rather than hoards","strength","+","Specificity is expensive.","strong","unprompted","","log.md [Fresh read] Ch4"
"target-2#020","target","2","sonnet","Ch4","archive humor (the beetle, Hess still arguing)","strength","+","It's practicing."" / ""For what?"" / ""Being dead.","mild","unprompted","","log.md [Fresh read] Ch4"
"reluctant#023","reluctant","1","haiku","Ch4","Elizabeth gives the whole cookbook, first costly choice (best moment)","strength","+","That was the choice. Everything afterward was consequence.","strong","unprompted","","core.md Q2"
"reluctant#024","reluctant","1","haiku","Ch4","Healer, Mama Baga and archivist are people the reader can stand near","strength","+","Specificity is expensive.","mild","unprompted","","log.md Ch4"
"skimmer#040","skimmer","1","haiku","Ch4","Cookbook page saves the sick woman","strength","+","MORE IF THEY'RE SICK","strong","unprompted","","chain_log.md Sitting 4 (b)"
"skimmer#041","skimmer","1","haiku","Ch4","Nana's voice: soup as an argument","strength","+","She believed soup was an argument you could win.","mild","unprompted","","chain_log.md Sitting 4 (c)"
"skimmer#042","skimmer","1","haiku","Ch4","""Specificity is expensive.""","strength","+","Specificity is expensive.","mild","unprompted","","chain_log.md Sitting 4 (c)"
"auditor#023","auditor","1","sonnet","Ch4;Ch15","Ch4 wagon choice (page 'spent') paid off by the Ch15 fire","strength","+","Not burned. Spent.","strong","unprompted","","lens_output.md Reader's note"
"rules#054","rules","1","haiku","Ch4;Ch12;Ch15;Ch16","cookbook and diary given up, then burned, with consequences","strength","+","That was the choice. Everything afterward was consequence.","strong","unprompted","","log.md R4.8; lens_output.md (d)"
"prose#014","prose","1","sonnet","Ch4;Ch15","'Not X. Y.' and fragment runs that earn their place","strength","+","No spell. No sacrifice. No last message. Just fire.","strong","unprompted","7","log.md Ch15 verbless fragment lists"
"prose#041","prose","1","sonnet","Ch4;Ch12;Ch15;Ch18","Empty-hand-after-giving image passes from person to person","strength","+","He looked at his empty hand.","mild","unprompted","","log.md Ch18"
"prose#051","prose","1","sonnet","Ch4","Chicken-and-dumplings scene and Nana memory","strength","+","Nana pretending not to watch until Elizabeth took the first bite.","strong","unprompted","","core.md 2 / lens_output.md (c) best 3"
"prose#053","prose","1","sonnet","Ch4;Ch18","Handwritten notes in cookbooks carry more voice than dialogue","strength","+","RUTH LIED ABOUT THE LARD.","strong","unprompted","","lens_output.md (b) Nana on the page"
"prose#054","prose","1","sonnet","Ch4","Pathwell performing in Ch4 sounds most like himself","strength","+","Home is such a permanent term. I prefer… layover.","strong","unprompted","","lens_output.md (b) Who sounds most like themselves"
"prose#055","prose","1","sonnet","Ch4;Ch15","Children and Milo have voices the adults' rhythm doesn't touch","strength","+","Pathwell stupid?","strong","unprompted","","lens_output.md (b)"
"prose#058","prose","1","sonnet","Ch4","Concrete odd detail in the camp archive notebook","strength","+","Hess has been dead twenty-two years.","strong","unprompted","","lens_output.md What I'd praise"
"prose#075","prose","1","sonnet","Ch4","Exact prose about the repaired item","strength","+","repaired by someone who believed replacement was a personal failure","mild","unprompted","","lens_output.md (c) worst 1"
"hostile#024","hostile","1","haiku","Ch4","Elizabeth gives up the whole cookbook; healing costs and cannot be taken back","strength","+","That was the choice. / Everything afterward was consequence.","strong","unprompted","","log.md Ch4"
"hostile#025","hostile","1","haiku","Ch4","Nana's marginal note and the flu memory come from the object","strength","+","MORE IF THEY'RE SICK. THEY WON'T EAT ENOUGH.","strong","unprompted","","log.md Ch4"
"hostile#100","hostile","1","haiku","Ch4","Central idea: a cookbook heals only if given away","strength","+","That was the choice. / Everything afterward was consequence.","strong","unprompted","","lens_output.md (a) para 2"
"target-1#026","target","1","sonnet","Ch5","Mrs. Pathwell bit, first time she acts","strength","+","Don't be rude, honey.","strong","unprompted","","log.md Ch5"
"target-1#027","target","1","sonnet","Ch5","Stansbury correcting Pathwell's dramatic version","strength","+","That is a more compelling version.","strong","unprompted","","log.md Ch5"
"target-1#030","target","1","sonnet","Ch5","Foam-sword set piece, rainwater on the two of them","strength","+","","mild","unprompted","","log.md Ch5"
"target-1#031","target","1","sonnet","Ch5","Elizabeth's point about harvesting children's work versus selling potential","strength","+","","mild","unprompted","","log.md Ch5"
"target-1#119","target","1","sonnet","Ch5;Ch7;Ch8;Ch11","Elizabeth grows more decisive each time she is told what to do","strength","+","","strong","unprompted","","lens_output.md (a) praise"
"target-2#024","target","2","sonnet","Ch5","school joke (""lucky guess"")","strength","+","How'd you know it was an elementary school?","mild","unprompted","","log.md [Fresh read] Ch5"
"target-2#025","target","2","sonnet","Ch5","Elizabeth improvising ""I'm the missus""","strength","+","I'm the missus","mild","unprompted","","log.md [Fresh read] Ch5"
"target-2#026","target","2","sonnet","Ch5","foam noodles gag with Stansbury staying dry","strength","+","stood there dry, with the look of a man who expected them to be impressed","mild","unprompted","","log.md [Fresh read] Ch5"
"target-2#027","target","2","sonnet","Ch5","Stansbury turning children's schoolwork into weapons","strength","+","the parents get to put it up on the fridge and then toss it in a box in the attic for a decade","strong","unprompted","","log.md [Fresh read] Ch5"
"target-2#028","target","2","sonnet","Ch5","Elizabeth comparing Stansbury's trade to Pathwell's bookstore sale","strength","+","","mild","unprompted","","log.md [Fresh read] Ch5"
"reluctant#031","reluctant","1","haiku","Ch5","Stansbury gives first real definition of waste and failed workings","strength","+","Failed workings. Unsettled messes.","mild","unprompted","","log.md Ch5"
"reluctant#033","reluctant","1","haiku","Ch5","School scene, 'Mrs. Pathwell' comedy","strength","+","","strong","unprompted","","log.md Ch5"
"reluctant#034","reluctant","1","haiku","Ch5","Stansbury's moral argument about children's work going to the attic","strength","+","I harness the latent magic energy created by the children's work and redirect it into items.","strong","unprompted","","log.md Ch5"
"skimmer#048","skimmer","1","haiku","Ch5","Elbow in the Mr. and Mrs. Pathwell bit","strength","+","Pathwell jolted as the elbow landed a little more intentionally than he'd expected.","mild","unprompted","","chain_log.md Sitting 5 (c)"
"skimmer#049","skimmer","1","haiku","Ch5","Brothers' banter about descriptions","strength","+","That is a more compelling version.","mild","unprompted","","chain_log.md Sitting 5 (c)"
"skimmer#050","skimmer","1","haiku","Ch5","""Run out of ways to say I don't know"" joke","strength","+","I'm going to run out of ways to say 'I don't know' if you keep asking the same question.","mild","unprompted","","chain_log.md Sitting 5 (c)"
"skimmer#051","skimmer","1","haiku","Ch5","School scene and car ride move quickly","strength","+","","mild","unprompted","","chain_log.md Sitting 5 (d)"
"hostile#032","hostile","1","haiku","Ch5;Ch15","Waste-creature rule stated plainly and later followed through","strength","+","Things like that clean up loose magical waste.","strong","unprompted","","log.md Ch5"
"hostile#034","hostile","1","haiku","Ch5","'Her door.' / 'Was it?' hook","strength","+","Her door.","mild","unprompted","","log.md Ch5"
"hostile#042","hostile","1","haiku","Ch5;Ch7","Dagger set up in Ch5 and used on the stated line","strength","+","Not flesh. A seam.","strong","unprompted","","log.md Ch7"
"target-1#032","target","1","sonnet","Ch6","Keys handed over, passenger seat callback","strength","+","It's the useful version.","strong","unprompted","","log.md Ch6"
"target-2#038","target","2","sonnet","Ch6","brothers' bickering over the fish","strength","+","""Seventeen years."" / ""Consistency,"" said Pathwell. / ""Stagnation,"" said Stansbury. / ""Branding.""","strong","unprompted","","log.md [Fresh read] Ch6"
"target-2#039","target","2","sonnet","Ch6","brothers moving each other's beers and darts","strength","+","which wasn't the same as ignoring each other","strong","unprompted","","log.md [Fresh read] Ch6"
"target-2#040","target","2","sonnet","Ch6","chapter-end sting echoing chapter 1","strength","+","Wet. Heavy.","mild","unprompted","","log.md [Fresh read] Ch6"
"target-2#042","target","2","sonnet","Ch6;Ch10","the book noticing its own withholding","strength","+","Quiet is newer.","mild","unprompted","","log.md [Fresh read] Ch6"
"reluctant#035","reluctant","1","haiku","Ch6","Brothers' bar scene and first interior passage on Pathwell; 'Mine.' lands","strength","+","Something points in an unpleasant direction.","strong","unprompted","","log.md Ch6"
"skimmer#055","skimmer","1","haiku","Ch6","Fried-fish argument between the brothers","strength","+","No. I ordered it because I enjoy disappointment.","strong","unprompted","","chain_log.md Sitting 6 (c)"
"skimmer#059","skimmer","1","haiku","Ch6","Reflection joke","strength","+","His reflection leaned closer, perfectly. Of course it did.","mild","unprompted","","chain_log.md Sitting 6 (c)"
"skimmer#060","skimmer","1","haiku","Ch6","Face in the mirror as accusation","strength","+","His own face in the mirror suddenly felt less like evidence than like an accusation.","mild","unprompted","","chain_log.md Sitting 6 (c)"
"skimmer#061","skimmer","1","haiku","Ch6","Tab joke","strength","+","It has meant something in several currencies.","mild","unprompted","","chain_log.md Sitting 6 (c)"
"skimmer#062","skimmer","1","haiku","Ch6","""Points in an unpleasant direction"" / ""Mine.""","strength","+","","mild","unprompted","","chain_log.md Sitting 6 (c)"
"skimmer#063","skimmer","1","haiku","Ch6","Ending ""Wet. Heavy.""","strength","+","Wet. Heavy.","strong","unprompted","","chain_log.md Sitting 6 (c)"
"hostile#037","hostile","1","haiku","Ch6","Back-hall mirror scene: self-recognition passage","strength","+","like hearing your own voice on a recording and recognizing every word without recognizing the man who said them.","strong","unprompted","","log.md Ch6"
"hostile#038","hostile","1","haiku","Ch6","Reveal that it came for him; Elizabeth lets him have it","strength","+","Not now. Not here. Not necessarily not her.","mild","unprompted","","log.md Ch6"
"hostile#039","hostile","1","haiku","Ch6;Ch1","Wet heavy thud echoes Chapter 1","strength","+","Wet. Heavy.","mild","unprompted","","log.md Ch6"
"target-1#036","target","1","sonnet","Ch7","Elizabeth's rescue of Pathwell with the gadget","strength","+","Not flesh. A seam.","strong","unprompted","","log.md Ch7"
"target-1#037","target","1","sonnet","Ch7","Elizabeth's car speech about becoming the driver","strength","+","But somehow every time we get to the part where somebody explains what the hell is happening, I become the driver.","strong","unprompted","","log.md Ch7"
"target-1#039","target","1","sonnet","Ch7","Second blob goes after Pathwell, not Elizabeth, flipping chosen-one premise","strength","+","This one had crossed a parking lot and swallowed him.","strong","unprompted","","log.md Ch7"
"target-2#045","target","2","sonnet","Ch7","""Anything missing?"" / ""Several dignities.""","strength","+","Several dignities.","mild","unprompted","","log.md [Fresh read] Ch7"
"target-2#046","target","2","sonnet","Ch7","Pathwell telling her to drive","strength","+","Not cruel. Worse. Useful.","mild","unprompted","","log.md [Fresh read] Ch7"
"target-2#047","target","2","sonnet","Ch7","Elizabeth's speech in the car pushing back","strength","+","somehow every time we get to the part where somebody explains what the hell is happening, I become the driver","strong","unprompted","","log.md [Fresh read] Ch7"
"reluctant#039","reluctant","1","haiku","Ch7","Elizabeth names the reader's complaint about withheld explanation","strength","+","somehow every time we get to the part where somebody explains what the hell is happening, I become the driver.","strong","unprompted","","log.md Ch7"
"reluctant#040","reluctant","1","haiku","Ch7","Elizabeth makes her first choice against the brothers","strength","+","For the first time since the apartment, nobody was telling Elizabeth where to go.","strong","unprompted","","log.md Ch7"
"skimmer#073","skimmer","1","haiku","Ch7","Elizabeth's voice in the car","strength","+","But somehow every time we get to the part where somebody explains what the hell is happening, I become the driver.","strong","unprompted","","chain_log.md Sitting 7 (c)"
"skimmer#074","skimmer","1","haiku","Ch7","Quick parking-lot fight and car-driving hook","strength","+","","mild","unprompted","","chain_log.md Sitting 7 (d)"
"hostile#043","hostile","1","haiku","Ch7","Elizabeth takes the wheel and protests the withholding","strength","+","Whose decision was that?","strong","unprompted","","log.md Ch7"
"target-1#042","target","1","sonnet","Ch8","Elizabeth crashes the Cadillac on purpose","strength","+","Elizabeth chose the ditch.","strong","unprompted","","log.md Ch8"
"target-1#046","target","1","sonnet","Ch8","Shade's flat refusals","strength","+","Not in my car. Not you.","mild","unprompted","","log.md Ch8"
"target-2#048","target","2","sonnet","Ch8","Elizabeth crashing the car on purpose","strength","+","Elizabeth chose the ditch.","strong","unprompted","","log.md [Fresh read] Ch8"
"target-2#050","target","2","sonnet","Ch8","Shade's introduction in the headlights","strength","+","He was the same height, and near enough the same face that the distance swallowed the differences.","strong","unprompted","","log.md [Fresh read] Ch8"
"target-2#052","target","2","sonnet","Ch8","Elizabeth following another man who sounded certain","strength","+","she was following another man who sounded certain","mild","unprompted","","log.md [Fresh read] Ch8"
"reluctant#041","reluctant","1","haiku","Ch8","Elizabeth deliberately crashes the car, a protagonist who acts","strength","+","Now we're stopped.","strong","unprompted","","log.md Ch8"
"reluctant#042","reluctant","1","haiku","Ch8","Shade as inherited-memory idea","strength","+","Same ingredients. Different recipe.","strong","unprompted","","log.md Ch8"
"skimmer#075","skimmer","1","haiku","Ch8","Opening: choosing where to crash","strength","+","The telephone pole farther up the road would have been worse.","strong","unprompted","","chain_log.md Sitting 8 (c)"
"skimmer#078","skimmer","1","haiku","Ch8","""Got her name right"" line","strength","+","He'd gotten her name right. It didn't improve the sentence.","strong","unprompted","","chain_log.md Sitting 8 (c)"
"skimmer#079","skimmer","1","haiku","Ch8","Shade reveal ""Same ingredients. Different recipe.""","strength","+","Same ingredients. Different recipe.","mild","unprompted","","chain_log.md Sitting 8 (c)"
"skimmer#082","skimmer","1","haiku","Ch8","Ending line about the accident","strength","+","Too late to call it an accident.","mild","unprompted","","chain_log.md Sitting 8 (c)"
"character#001","character","1","sonnet","Ch8","Shade's hand fighting him, shown not explained","strength","+","","strong","prompted","","log.md Ch8"
"character#002","character","1","sonnet","Ch8","Shade wanting coffee as first fully believed line","strength","+","No. I'm getting coffee.","mild","prompted","","log.md Ch8"
"character#005","character","1","sonnet","Ch8;Ch9;Ch11-15","Shade's flat dry voice, distinct from Pathwell","strength","+","Shade seemed willing to let it suffer.","strong","prompted","","log.md Ch8"
"character#052","character","1","sonnet","Ch8-15","Book's subject: care versus control, deciding for others","strength","+","I can contain this","mild","unprompted","","core.md Q1"
"hostile#046","hostile","1","haiku","Ch8","Elizabeth crashes the car on purpose","strength","+","Elizabeth chose the ditch.","strong","unprompted","","log.md Ch8"
"hostile#047","hostile","1","haiku","Ch8;Ch13;Ch15","Shade as an idea: a doubled man with remembered things","strength","+","I remember things I did not live.","strong","unprompted","","log.md Ch8"
"target-1#049","target","1","sonnet","Ch9","Diner scene makes Shade a specific person","strength","+","Try some nouns.","strong","unprompted","","log.md Ch9"
"target-1#050","target","1","sonnet","Ch9","Book refuses the chosen-one move","strength","+","You were never the point.","strong","unprompted","","log.md Ch9"
"target-2#053","target","2","sonnet","Ch9","Shade's list of borrowed memories","strength","+","A room in Prague I have never entered. A woman named Celia who hated pears.","strong","unprompted","","log.md [Fresh read] Ch9"
"target-2#054","target","2","sonnet","Ch9","chosen-one door shut","strength","+","You were never the point.","strong","unprompted","","log.md [Fresh read] Ch9"
"target-2#055","target","2","sonnet","Ch9","Shade correcting ""We used to—""","strength","+","He used to","mild","unprompted","","log.md [Fresh read] Ch9"
"reluctant#045","reluctant","1","haiku","Ch9","Elizabeth asks the questions herself in the diner","strength","+","You don't get to know that yet.","strong","unprompted","","log.md Ch9"
"reluctant#046","reluctant","1","haiku","Ch9","Shade on certainty, the book's first moral idea about Pathwell's wrong","strength","+","That he had reached the point where being uncertain no longer mattered to him.","strong","unprompted","","log.md Ch9"
"skimmer#087","skimmer","1","haiku","Ch9","Carrying pieces of an answer line","strength","+","I'm tired of carrying pieces of an answer that belong to a question I never asked.","strong","unprompted","","chain_log.md Sitting 9 (c)"
"skimmer#088","skimmer","1","haiku","Ch9","""Don't make that sentence larger""","strength","+","Don't make that sentence larger than it is.","mild","unprompted","","chain_log.md Sitting 9 (c)"
"skimmer#089","skimmer","1","haiku","Ch9","""You were never the point"" punctures her thought","strength","+","You were never the point.","strong","unprompted","","chain_log.md Sitting 9 (c)"
"character#006","character","1","sonnet","Ch9","Shade policing line between own mind and handed memories","strength","+","Observation. Not memory.","strong","prompted","","log.md Ch9"
"character#007","character","1","sonnet","Ch9","Shade's specific memory fragments","strength","+","A staircase with a loose fourth step","strong","prompted","","log.md Ch9"
"character#008","character","1","sonnet","Ch9","Running gag about meeting on the road twenty-five minutes ago","strength","+","","mild","prompted","","log.md Ch9"
"character#010","character","1","sonnet","Ch9","Shade telling Elizabeth she was never the point","strength","+","You were never the point... Don't make that sentence larger than it is.","mild","prompted","","lens_output.md (d)Best 4"
"character#011","character","1","sonnet","Ch9","Shade admitting Elizabeth is partly leverage","strength","+","Because he'll listen to you longer than he'll listen to me.","mild","prompted","","log.md Ch9"
"character#012","character","1","sonnet","Ch9","Shade's small physical habits in the car and diner","strength","+","counted out the tip with irritating precision","mild","prompted","","log.md Ch9"
"prose#030","prose","1","sonnet","Ch9","Pathwell would have done that. Probably.","strength","+","Pathwell would have done that. Probably.","mild","unprompted","","log.md Ch9"
"prose#039","prose","1","sonnet","Ch9;Ch12;Ch15","Shade's right hand opening and closing motif pays off","strength","+","Shade's right hand was still open toward him. Shade closed it himself.","strong","unprompted","","log.md Ch9 gesture"
"prose#050","prose","1","sonnet","Ch9","Shade's hand paragraph: 'only his wrist could hear'","strength","+","palm turning as if something outside had asked a question only his wrist could hear","strong","unprompted","","lens_output.md (c) best 2"
"prose#056","prose","1","sonnet","Ch9","Shade's voice in the diner, hesitating and self-correcting","strength","+","For him to stop deciding what I am before I get to.","mild","unprompted","","lens_output.md (b)"
"hostile#050","hostile","1","haiku","Ch9","Shade refuses to flatter Elizabeth; the book argues about certainty","strength","+","You were never the point.","strong","unprompted","","log.md Ch9"
"target-1#053","target","1","sonnet","Ch10","Pathwell's account in the van","strength","+","My choice produced the failure he came from. That much is mine.","strong","unprompted","","log.md Ch10"
"target-1#054","target","1","sonnet","Ch10","Unsent letter spent to find her, grocery lists as GPS","strength","+","Nothing more romantic than errands","strong","unprompted","","log.md Ch10"
"target-2#058","target","2","sonnet","Ch10","grocery-list tracking spell and unsent letter","strength","+","Nothing more romantic than errands.","strong","unprompted","","log.md [Fresh read] Ch10"
"target-2#059","target","2","sonnet","Ch10","Stansbury copying before anything is spent","strength","+","It makes the cost mine to approve","mild","unprompted","","log.md [Fresh read] Ch10"
"target-2#060","target","2","sonnet","Ch10","Ch10 laugh lines (the axle, Bank it)","strength","+","I have not reached the axle emotionally.","mild","unprompted","","log.md [Fresh read] Ch10"
"target-2#061","target","2","sonnet","Ch10","Pathwell's confession in the van","strength","+","You don't get to make me the part of this you explain around.","strong","unprompted","","log.md [Fresh read] Ch10"
"reluctant#048","reluctant","1","haiku","Ch10","Pathwell's confession that he paid with his own future","strength","+","My choice produced the failure he came from... That much is mine.","strong","unprompted","","log.md Ch10"
"reluctant#049","reluctant","1","haiku","Ch10","Elizabeth refuses to be the excuse","strength","+","You don't get to make me the part of this you explain around.","strong","unprompted","","log.md Ch10"
"skimmer#095","skimmer","1","haiku","Ch10","""Nothing more romantic than errands""","strength","+","Movement in sequence. Nothing more romantic than errands.","mild","unprompted","","chain_log.md Sitting 10 (c)"
"skimmer#096","skimmer","1","haiku","Ch10","Van confrontation: Elizabeth gets the truth","strength","+","You don't get to make me the part of this you explain around.","strong","unprompted","","chain_log.md Sitting 10 (d)"
"hostile#052","hostile","1","haiku","Ch10","Unsent letter and magic that loosens the handwriting","strength","+","She wrote to the same man for six years and mailed none of them.","strong","unprompted","","log.md Ch10"
"hostile#053","hostile","1","haiku","Ch10","Van confession and Elizabeth's cross-examination","strength","+","I built a working around the result I wanted... I paid with mine.","strong","unprompted","","log.md Ch10"
"hostile#054","hostile","1","haiku","Ch10","Lists as a route-finder","strength","+","Movement in sequence. Nothing more romantic than errands.","mild","unprompted","","log.md Ch10"
"target-1#060","target","1","sonnet","Ch11","Museum tour, accession cards and Sam's eggs","strength","+","SAM HOME TODAY. THIN AS A FENCE RAIL. ATE THREE EGGS.","strong","unprompted","","log.md Ch11"
"target-1#062","target","1","sonnet","Ch11","Pathwell breaks his van promise and the book doesn't let him off","strength","+","Elizabeth heard the work van inside the sentence.","strong","unprompted","","log.md Ch11"
"target-1#063","target","1","sonnet","Ch11","Wrecked room of loose feelings","strength","+","Someone needed eggs","strong","unprompted","","log.md Ch11"
"target-1#064","target","1","sonnet","Ch11","Elizabeth chooses Camp at the wall","strength","+","I'm still choosing it.","mild","unprompted","","log.md Ch11"
"target-2#064","target","2","sonnet","Ch11","museum accession cards","strength","+","NO. COAT FOUND IN HENRY VALE'S ATTIC, 1978. FAMILY SAYS HIS FATHER WORE IT TO HIS WEDDING AFTER THE WAR.","strong","unprompted","","log.md [Fresh read] Ch11"
"target-2#065","target","2","sonnet","Ch11","Sam's notebook and the end of the war","strength","+","For her, perhaps that was the end of the war.","strong","unprompted","","log.md [Fresh read] Ch11"
"target-2#066","target","2","sonnet","Ch11","Pathwell says ""All right"" then does it anyway, shown from his side","strength","+","Quickest. Cleanest. I can handle it.","strong","unprompted","","log.md [Fresh read] Ch11"
"target-2#067","target","2","sonnet","Ch11","Elizabeth's broken shoulder as a real cost","strength","+","","strong","unprompted","","log.md [Fresh read] Ch11"
"target-2#068","target","2","sonnet","Ch11","cannon aimed at the gift shop","strength","+","History has casualties.","mild","unprompted","","log.md [Fresh read] Ch11"
"target-2#071","target","2","sonnet","Ch11","Pathwell's exit line","strength","+","I chose Camp... I'm still choosing it.","mild","unprompted","","log.md [Fresh read] Ch11"
"target-2#120","target","2","sonnet","Ch11-16","costs of the harm stay on the page","strength","+","","strong","unprompted","","lens_output.md (c)"
"reluctant#054","reluctant","1","haiku","Ch11","Daniel Vale letters and household ledger show what magic breaks","strength","+","SAM HOME TODAY. THIN AS A FENCE RAIL. ATE THREE EGGS.","strong","unprompted","","log.md Ch11"
"reluctant#057","reluctant","1","haiku","Ch11","Elizabeth at the threshold chooses Camp","strength","+","I chose Camp... I'm still choosing it.","mild","unprompted","","log.md Ch11"
"skimmer#104","skimmer","1","haiku","Ch11","Button card and Vale letters (the socks)","strength","+","He complained about socks.","strong","unprompted","","chain_log.md Sitting 11 (c)"
"skimmer#105","skimmer","1","haiku","Ch11","Household notebook entry","strength","+","SAM HOME TODAY. THIN AS A FENCE RAIL. ATE THREE EGGS.","strong","unprompted","","chain_log.md Sitting 11 (c)"
"skimmer#106","skimmer","1","haiku","Ch11","Shade's hand trying to turn toward Pathwell","strength","+","","mild","unprompted","","chain_log.md Sitting 11 (c)"
"skimmer#107","skimmer","1","haiku","Ch11","""She banned me twice.""","strength","+","She banned me twice.","mild","unprompted","","chain_log.md Sitting 11 (c)"
"skimmer#108","skimmer","1","haiku","Ch11","Ending: ""I did that."" / ""Yes.""","strength","+","I did that.","strong","unprompted","","chain_log.md Sitting 11 (c)"
"rules#053","rules","1","haiku","Ch11;Ch12;Ch14;Ch15;Ch17","Elizabeth's shoulder injury carried through to the end","strength","+","a shoulder that hurt when rain moved in","strong","unprompted","","log.md R11.9; lens_output.md (d)"
"rules#057","rules","1","haiku","Ch11;Ch17","Daniel Vale letters lost, substitutes refused","strength","+","The original was destroyed before anything magical happened to it.","strong","unprompted","","log.md R11.5, R17.3; lens_output.md (d)"
"character#016","character","1","sonnet","Ch11","Shade stepping on squeaky floorboard on purpose","strength","+","Shade stepped on it on purpose, and the sound cracked through the quiet.","strong","prompted","","log.md Ch11"
"character#018","character","1","sonnet","Ch11","Shade saying only Sorry after grabbing Elizabeth's arm, no accusing Pathwell","strength","+","Sorry.","mild","prompted","","log.md Ch11"
"character#020","character","1","sonnet","Ch11","Breakfast exchange between Shade and Pathwell","strength","+","You don't know what happens if I eat breakfast either.","mild","prompted","","log.md Ch11"
"hostile#057","hostile","1","haiku","Ch11","Accession card and household ledger set piece","strength","+","SAM HOME TODAY. THIN AS A FENCE RAIL. ATE THREE EGGS.","strong","unprompted","","log.md Ch11; core.md Q2"
"hostile#058","hostile","1","haiku","Ch11","Destruction scene: consequence lands on someone who did not choose it","strength","+","I did that.","strong","unprompted","","log.md Ch11"
"hostile#080","hostile","1","haiku","Ch11;Ch14","'That's what you said at the museum' catches the hero","strength","+","That's what you said at the museum.","strong","unprompted","","log.md Ch14"
"target-1#068","target","1","sonnet","Ch12","Healer asks before touching the shoulder","strength","+","Because it's your shoulder.","strong","unprompted","","log.md Ch12"
"target-1#071","target","1","sonnet","Ch12","Nana's spoon checklist","strength","+","FIND NANA'S SPOON / The last item was checked twice.","mild","unprompted","","log.md Ch12"
"target-2#074","target","2","sonnet","Ch12","donor card","strength","+","DONOR PERMISSION REQUIRED. PATHWELL IS NOT DONOR.","mild","unprompted","","log.md [Fresh read] Ch12"
"target-2#075","target","2","sonnet","Ch12","diary checklist item for Nana's spoon","strength","+","FIND NANA'S SPOON","mild","unprompted","","log.md [Fresh read] Ch12"
"target-2#076","target","2","sonnet","Ch12","healer resetting the shoulder and asking permission","strength","+","Because it's your shoulder.","strong","unprompted","","log.md [Fresh read] Ch12"
"target-2#077","target","2","sonnet","Ch12","turnip boy running gag","strength","+","Are you Pathwell?"" / ""No."" / ""Good.","mild","unprompted","","log.md [Fresh read] Ch12"
"reluctant#062","reluctant","1","haiku","Ch12","Elizabeth gives up the diary with one condition; diary to-do list","strength","+","CALL ELECTRIC / BUY BOXES / CHANGE ADDRESS / FIND NANA'S SPOON","strong","unprompted","","log.md Ch12"
"skimmer#117","skimmer","1","haiku","Ch12","Archive card text","strength","+","DONOR PERMISSION REQUIRED. PATHWELL IS NOT DONOR.","strong","unprompted","","chain_log.md Sitting 12 (c)"
"skimmer#118","skimmer","1","haiku","Ch12","""Efficient system"" and paperwork line","strength","+","He respects paperwork more consistently than people.","mild","unprompted","","chain_log.md Sitting 12 (c)"
"character#022","character","1","sonnet","Ch12","Shade's humiliation and dropped spoon humanise him","strength","+","This is humiliating.","mild","prompted","","log.md Ch12"
"prose#032","prose","1","sonnet","Ch12","Healer's 'Good.' / 'I disagree with your use of the word.'","strength","+","I disagree with your use of the word.","mild","unprompted","","log.md Ch12"
"prose#074","prose","1","sonnet","Ch12","Museums as injury category joke","strength","+","He nodded as though museums were a recognized injury category.","mild","unprompted","","log.md Ch12"
"hostile#063","hostile","1","haiku","Ch12","Shoulder reset written with restraint","strength","+","Pain became the entire room.","strong","unprompted","","log.md Ch12"
"hostile#065","hostile","1","haiku","Ch12","Diary handover: she could take it back and does not","strength","+","It was close enough that Elizabeth could have reached out and taken it back. She didn't.","strong","unprompted","","log.md Ch12"
"hostile#066","hostile","1","haiku","Ch12","Archive card as a joke about who decides","strength","+","DONOR PERMISSION REQUIRED. PATHWELL IS NOT DONOR.","strong","unprompted","","log.md Ch12"
"target-1#075","target","1","sonnet","Ch13","Camp asking before acting, Shade rattled","strength","+","People keep doing that.","strong","unprompted","","log.md Ch13"
"target-2#079","target","2","sonnet","Ch13","Shade asked what he wants","strength","+","People keep doing that.","strong","unprompted","","log.md [Fresh read] Ch13"
"target-2#080","target","2","sonnet","Ch13","Shade drinking the coffee and echoing Pathwell","strength","+","He was right once","strong","unprompted","","log.md [Fresh read] Ch13"
"target-2#081","target","2","sonnet","Ch13","Milo comparing Shade to Pathwell","strength","+","You look like Pathwell... But you don't talk as much.","mild","unprompted","","log.md [Fresh read] Ch13"
"target-2#083","target","2","sonnet","Ch13","queen of spades image","strength","+","The queen of spades lay face-up beside an onion that had somehow escaped again","mild","unprompted","","log.md [Fresh read] Ch13"
"reluctant#064","reluctant","1","haiku","Ch13","Hearts game, Shade playing the people at the table","strength","+","I don't know what I am here.","strong","unprompted","","log.md Ch13"
"skimmer#124","skimmer","1","haiku","Ch13","Milo exchange","strength","+","You look like Pathwell.","strong","unprompted","","chain_log.md Sitting 13 (c)"
"auditor#024","auditor","1","sonnet","Ch13;Ch15;Ch17","queen of spades laid early, paid late","strength","+","","strong","unprompted","","lens_output.md Reader's note"
"character#028","character","1","sonnet","Ch13","Shade states a want for the first time","strength","+","I want to stay here.","strong","prompted","","log.md Ch13"
"character#029","character","1","sonnet","Ch13","Four Camp people ask what he wants; Asking / Disorienting payoff","strength","+","People keep doing that.","strong","prompted","10","log.md Ch13"
"character#030","character","1","sonnet","Ch13","Coffee exchange: Shade sounds like Pathwell and knows it","strength","+","Then I don't remember it.","strong","prompted","10","log.md Ch13"
"character#031","character","1","sonnet","Ch13","Queen of spades pocketed then returned to Milo","strength","+","You'll need this.","mild","prompted","10","log.md Ch13"
"character#032","character","1","sonnet","Ch13","Shade's borrowed knowledge shown through hesitating hands","strength","+","He would start a motion, pause, and go on only after looking at what his hands were actually doing.","mild","prompted","","log.md Ch13"
"hostile#069","hostile","1","haiku","Ch13","Shade becomes a person: pockets, coffee, 'I don't know what I am here'","strength","+","I don't know what I am here.","strong","unprompted","","log.md Ch13"
"hostile#070","hostile","1","haiku","Ch13","Inherited-memory coffee exchange","strength","+","Pathwell said exactly that to me once","mild","unprompted","","log.md Ch13"
"hostile#071","hostile","1","haiku","Ch13","Mama Baga's blunt line","strength","+","I didn't ask what would help.","mild","unprompted","","log.md Ch13"
"hostile#072","hostile","1","haiku","Ch13","Threshold opens mid card game","strength","+","","mild","unprompted","","log.md Ch13"
"target-1#081","target","1","sonnet","Ch14","Shade refuses to be the rejoining anchor","strength","+","I am the person living with it. No.","strong","unprompted","","log.md Ch14"
"target-1#086","target","1","sonnet","Ch14","Archive contents catching fire","strength","+","Someone laughing at a funeral and hating themselves for it.","strong","unprompted","","log.md Ch14"
"target-1#087","target","1","sonnet","Ch14","Stansbury's speech on responsibility","strength","+","How many times are you going to call that responsibility before you notice the rest of us are still here?","mild","unprompted","","log.md Ch14"
"target-2#084","target","2","sonnet","Ch14","Shade refusing by standing still","strength","+","You still think the result gets to decide whether the choice was acceptable.","strong","unprompted","","log.md [Fresh read] Ch14"
"target-2#085","target","2","sonnet","Ch14","Mama Baga's ""better coat"" line","strength","+","Same arrogance in a better coat.","mild","unprompted","","log.md [Fresh read] Ch14"
"target-2#086","target","2","sonnet","Ch14","Stansbury's speech to Pathwell","strength","+","How many times are you going to call that responsibility before you notice the rest of us are still here?","mild","unprompted","","log.md [Fresh read] Ch14"
"target-2#087","target","2","sonnet","Ch14","burning records and the open diary","strength","+","Someone writing a daughter's name three times because once had not felt sufficient.","mild","unprompted","","log.md [Fresh read] Ch14"
"target-2#092","target","2","sonnet","Ch14-16","Shade's death and exit","strength","+","""I was winning,"" / ""You were not."" / ""Corrupt institution.""","strong","unprompted","6","log.md [Fresh read] Ch15"
"reluctant#075","reluctant","1","haiku","Ch14","Stakes finally visible: child trapped, archive burning, diary and cookbook in smoke","strength","+","The archive was burning.","mild","unprompted","","log.md Ch14"
"reluctant#076","reluctant","1","haiku","Ch14","Shade's argument against judging the choice by the result","strength","+","You still think the result gets to decide whether the choice was acceptable.","strong","unprompted","","log.md Ch14"
"skimmer#134","skimmer","1","haiku","Ch14","Fire passage with human impressions breaking loose","strength","+","","strong","unprompted","","chain_log.md Sitting 14 (c)"
"rules#050","rules","1","haiku","Ch14","rejoining frame fails on intent; Mama Baga states the rule; Elizabeth with unused dagger","strength","+","You are giving it two incompatible answers.","strong","unprompted","","log.md R14.3; core_and_topten.md Core 2"
"character#037","character","1","sonnet","Ch14","Shade defending Stansbury's pride","strength","+","Don't make him the reason.","strong","prompted","","log.md Ch14"
"character#038","character","1","sonnet","Ch14","Shade asking the question the book circles","strength","+","For who?","strong","prompted","","log.md Ch14"
"character#039","character","1","sonnet","Ch14","Shade asks whether he remains himself and refuses rejoining","strength","+","Then no.","mild","prompted","","log.md Ch14"
"hostile#078","hostile","1","haiku","Ch14","Stansbury's speech states the book's thesis","strength","+","How many times are you going to call that responsibility before you notice the rest of us are still here?","strong","unprompted","","log.md Ch14"
"hostile#079","hostile","1","haiku","Ch14","Mama Baga's sharp lines about the working","strength","+","The working knows what you mean, not what you wish you meant.","strong","unprompted","","log.md Ch14"
"hostile#081","hostile","1","haiku","Ch14","Archive burning image","strength","+","Someone writing a daughter's name three times because once had not felt sufficient.","mild","unprompted","","log.md Ch14"
"target-1#088","target","1","sonnet","Ch15","Elizabeth saves Milo and loses diary and cookbook for nothing","strength","+","No spell. / No sacrifice. / No last message. / Just fire.","strong","unprompted","","core.md Q2"
"target-1#089","target","1","sonnet","Ch15","Milo's sock finally stays up","strength","+","His sock had finally stayed up. Elizabeth hated that detail immediately.","strong","unprompted","","log.md Ch15"
"target-1#090","target","1","sonnet","Ch15","Pathwell asks and accepts Stansbury's no","strength","+","He didn't tell him again.","mild","unprompted","","log.md Ch15"
"target-1#091","target","1","sonnet","Ch15","Shade's walk into the blob and death with no body","strength","+","You still owe me a hand,","strong","unprompted","","log.md Ch15"
"target-2#091","target","2","sonnet","Ch15","Elizabeth running past her diary and Nana's cookbook to save Milo","strength","+","Her own ordinary handwriting disappeared without being used for anything.","strong","unprompted","","log.md [Fresh read] Ch15"
"target-2#093","target","2","sonnet","Ch15","Pathwell asking ""Will you stay?""","strength","+","Will you stay?","strong","unprompted","","log.md [Fresh read] Ch15"
"target-2#095","target","2","sonnet","Ch15","Stansbury at the window","strength","+","You don't need to save everything.","mild","unprompted","","log.md [Fresh read] Ch15"
"reluctant#077","reluctant","1","haiku","Ch15","Shade walks into the blob; Milo and Shade's last exchange","strength","+","You still owe me a hand.","strong","unprompted","","log.md Ch15"
"reluctant#078","reluctant","1","haiku","Ch15","Cookbook burns and the book refuses a magical payoff","strength","+","No spell. No sacrifice. No last message. Just fire.","strong","unprompted","","log.md Ch15"
"reluctant#079","reluctant","1","haiku","Ch15","Elizabeth's order and moral center of the loss","strength","+","She didn't regret the order.","strong","unprompted","","log.md Ch15"
"skimmer#140","skimmer","1","haiku","Ch15","Shelf rescue sequence","strength","+","That's not the same as can't. Try.","mild","unprompted","","chain_log.md Sitting 15 (c)"
"skimmer#141","skimmer","1","haiku","Ch15","""Two men react at once"" makes the draw clear","strength","+","Elizabeth felt nothing magical herself. She only saw two men react at once.","mild","unprompted","","chain_log.md Sitting 15 (c)"
"skimmer#142","skimmer","1","haiku","Ch15","Fire rescue: ""No spell. No sacrifice.""","strength","+","No spell. No sacrifice. No last message. Just fire.","strong","unprompted","10","chain_log.md Sitting 15 (c); topten.md 10"
"rules#055","rules","1","haiku","Ch15;Ch16;Ch17","Shade's death is paid and final, nothing returned","strength","+","SHADE — DIED AT CAMP.","strong","unprompted","","log.md R15.1, R17.11; lens_output.md (d)"
"rules#056","rules","1","haiku","Ch15;Ch16;Ch17","Stansbury's burned hand and permanent scar","strength","+","You will scar.","strong","unprompted","","log.md R15.8, R16.11; lens_output.md (d)"
"character#043","character","1","sonnet","Ch15","Will you stay? / No. exchange","strength","+","Will you stay?","strong","prompted","","log.md Ch15"
"character#044","character","1","sonnet","Ch15","Closing beats: deserving scenes, I was winning, Corrupt institution","strength","+","Shade had never been particularly interested in deserving scenes.","strong","prompted","10","log.md Ch15"
"character#050","character","1","sonnet","Ch15","Last line lands","strength","+","Shade did not either.","mild","prompted","","log.md Ch15"
"prose#028","prose","1","sonnet","Ch15","First 'I know.' in Ch15 earns itself","strength","+","The answer came out in Shade's voice and Pathwell's voice and her own.","mild","unprompted","","log.md Ch15"
"prose#052","prose","1","sonnet","Ch15","Last page: 'Shade did not either.'","strength","+","The draw did not return. Shade did not either.","strong","unprompted","","log.md Ch15 scene-ending shape"
"prose#060","prose","1","sonnet","Ch15","Pain-and-humor lines land","strength","+","Her left shoulder throbbed inside the sling like something offended to still be attached to her.","mild","unprompted","","log.md Ch15"
"prose#076","prose","1","sonnet","Ch15","Aphorism about a morning lands","strength","+","A person could accumulate a surprising amount of life in a morning.","mild","unprompted","","log.md Ch15"
"hostile#084","hostile","1","haiku","Ch15","Refusal of glow: cookbook and diary burn with no magical payoff","strength","+","No spell. / No sacrifice. / No last message. / Just fire.","strong","unprompted","","log.md Ch15; lens_output.md (c)"
"hostile#085","hostile","1","haiku","Ch15","Shade's plain death and 'Will you stay?' / 'No.'","strength","+","Will you stay?","mild","unprompted","","log.md Ch15"
"target-1#093","target","1","sonnet","Ch16","Archivist's ledger entry for Shade","strength","+","LIKED POCKETS.","strong","unprompted","","log.md Ch16"
"target-1#097","target","1","sonnet","Ch16","Elizabeth refuses to make Pathwell's guilt useful","strength","+","I need you not to make me responsible for whether you become a better person,","strong","unprompted","","log.md Ch16"
"target-1#101","target","1","sonnet","Ch16","Pathwell accepts scar treatment limit","strength","+","All right","mild","unprompted","","log.md Ch16"
"target-2#097","target","2","sonnet","Ch16","archivist writing Shade's entry","strength","+","Archive burned. Categories are temporarily flexible.","strong","unprompted","","log.md [Fresh read] Ch16"
"target-2#098","target","2","sonnet","Ch16","Milo and Shade's debt","strength","+","He still owes me a hand.","strong","unprompted","","log.md [Fresh read] Ch16"
"target-2#099","target","2","sonnet","Ch16","Elizabeth's reply to Pathwell's apology","strength","+","I need you not to make me responsible for whether you become a better person.","strong","unprompted","","log.md [Fresh read] Ch16"
"target-2#100","target","2","sonnet","Ch16","Mama Baga on ""person""","strength","+","Person is the word I have for that.","mild","unprompted","","log.md [Fresh read] Ch16"
"target-2#104","target","2","sonnet","Ch16","Ch16 laugh lines (advertisement, Shade's coffee)","strength","+","I considered asking him to leave on that basis alone.","mild","unprompted","","log.md [Fresh read] Ch16"
"reluctant#081","reluctant","1","haiku","Ch16","Mama Baga's restitution scene is the thesis of the book","strength","+","Stop naming impossible payment as if saying a large enough number is accountability.","strong","unprompted","","log.md Ch16"
"reluctant#082","reluctant","1","haiku","Ch16","Mama Baga's definition of Shade as a person","strength","+","Person is the word I have for that.","strong","unprompted","","log.md Ch16"
"skimmer#143","skimmer","1","haiku","Ch16","Healer and Milo banter","strength","+","Useful. For who? Me.","mild","unprompted","","chain_log.md Sitting 16 (c)"
"skimmer#151","skimmer","1","haiku","Ch16","""Loss didn't care much about paperwork.""","strength","+","Loss didn't care much about paperwork.","mild","unprompted","","chain_log.md Sitting 16 (d)"
"skimmer#152","skimmer","1","haiku","Ch16","""Alive.""","strength","+","Alive.","mild","unprompted","","chain_log.md Sitting 16 (d)"
"rules#051","rules","1","haiku","Ch16","Camp's restitution terms say who sets the price","strength","+","The person who broke the thing does not get to set the schedule because waiting makes him uncomfortable.","strong","unprompted","","log.md R16.1; lens_output.md (b) what I'd keep"
"hostile#088","hostile","1","haiku","Ch16","Elizabeth refuses to be responsible for his improvement","strength","+","I need you not to make me responsible for whether you become a better person.","strong","unprompted","","log.md Ch16"
"hostile#089","hostile","1","haiku","Ch16","Mama Baga's cross-examination refuses the grand gesture","strength","+","What do you owe?","strong","unprompted","","log.md Ch16"
"hostile#090","hostile","1","haiku","Ch16","Archivist's lone word","strength","+","UNKNOWN","mild","unprompted","","log.md Ch16"
"hostile#091","hostile","1","haiku","Ch16","Elizabeth's crying, a specific list of losses","strength","+","For the fact that choosing Milo had been right and had still cost her things she wanted back.","mild","unprompted","","log.md Ch16"
"target-1#103","target","1","sonnet","Ch17","Susquehanna correction, Henry Vale letters, Pathwell stops himself","strength","+","They are not Daniel's.","strong","unprompted","","log.md Ch17"
"target-2#108","target","2","sonnet","Ch17","Pathwell stopping himself offering Henry Vale's letters","strength","+","No. They are not Daniel's.","strong","unprompted","","log.md [Fresh read] Ch17"
"target-2#109","target","2","sonnet","Ch17","rack argument and The Lemon","strength","+","It resembles a diseased lemon.","mild","unprompted","","log.md [Fresh read] Ch17"
"target-2#110","target","2","sonnet","Ch17","copying HESS SAYS FOUR with the uneven capitals","strength","+","This is not information. This is a family argument preserved as infrastructure.","mild","unprompted","","log.md [Fresh read] Ch17"
"target-2#111","target","2","sonnet","Ch17","Hearts game and queen of spades echoing Shade","strength","+","","mild","unprompted","","log.md [Fresh read] Ch17"
"target-2#112","target","2","sonnet","Ch17","Elizabeth's apartment taking time to become hers","strength","+","Her apartment took longer to become hers than the archive took to become a construction site.","mild","unprompted","","lens_output.md (b) ""On the building"""
"reluctant#085","reluctant","1","haiku","Ch17","Pathwell offers Henry Vale's letters, retracts; restitution that fixes nothing","strength","+","They are not Daniel's.","strong","unprompted","","log.md Ch17"
"reluctant#086","reluctant","1","haiku","Ch17","Elizabeth's written statement","strength","+","She wrote that she told him not to use the letter. She wrote that he used it anyway.","strong","unprompted","","log.md Ch17"
"skimmer#155","skimmer","1","haiku","Ch17","""The choice was ridiculous. It was still hers.""","strength","+","The choice was ridiculous. It was still hers.","mild","unprompted","","chain_log.md Sitting 17 (c)"
"skimmer#159","skimmer","1","haiku","Ch17","""She called it evidence.""","strength","+","Elizabeth didn't call that redemption. She called it evidence.","mild","unprompted","","chain_log.md Sitting 17 (c)"
"skimmer#160","skimmer","1","haiku","Ch17","The Lemon and Milo's ""upgrade""","strength","+","","mild","unprompted","","chain_log.md Sitting 17 (c)"
"skimmer#161","skimmer","1","haiku","Ch17","Hearts scene funny and short","strength","+","","mild","unprompted","","chain_log.md Sitting 17 (c)"
"skimmer#162","skimmer","1","haiku","Ch17","Ending: ""Because she wanted to go.""","strength","+","Because she wanted to go.","strong","unprompted","","chain_log.md Sitting 17 (c)"
"auditor#025","auditor","1","sonnet","Ch17;Ch18","Elizabeth ending wanting to go","strength","+","","mild","unprompted","","core.md Q5"
"rules#058","rules","1","haiku","Ch17","Elizabeth's statement stays honest","strength","+","She wrote that she told him not to use the letter. She wrote that he used it anyway.","mild","unprompted","","log.md R17.7; lens_output.md (d)"
"hostile#093","hostile","1","haiku","Ch17","Curator refuses substitution; facsimile card","strength","+","The information survived. The page didn't.","strong","unprompted","","log.md Ch17"
"hostile#094","hostile","1","haiku","Ch17","Evidence, not redemption","strength","+","Elizabeth didn't call that redemption. She called it evidence.","strong","unprompted","","log.md Ch17"
"target-1#108","target","1","sonnet","Ch18","Merritt family cookbook and Pathwell putting it back","strength","+","RUTH LIED ABOUT THE LARD.","strong","unprompted","","log.md Ch18"
"target-1#109","target","1","sonnet","Ch18","Elizabeth less frightened of the Space Between","strength","+","She had become less frightened of not understanding it","mild","unprompted","","log.md Ch18"
"target-2#114","target","2","sonnet","Ch18","Merritt family cookbook page","strength","+","RUTH LIED ABOUT THE LARD.","strong","unprompted","","log.md [Fresh read] Ch18"
"target-2#115","target","2","sonnet","Ch18","Pathwell shelving the cookbook square to the edge","strength","+","square to the edge","strong","unprompted","","log.md [Fresh read] Ch18"
"target-2#117","target","2","sonnet","Ch18","Ch18 laugh lines (OUT OF ORDER door, geese)","strength","+","Three weeks is not a character trait.","mild","unprompted","","log.md [Fresh read] Ch18"
"reluctant#087","reluctant","1","haiku","Ch18","Ending: Elizabeth asks Pathwell 'Do you want to come?' and bookends Ch1","strength","+","Do you want to come?","strong","unprompted","","lens_output.md (c)"
"reluctant#088","reluctant","1","haiku","Ch18","Merritt cookbook shows records kept by people who disagree","strength","+","RUTH LIED ABOUT THE LARD.","mild","unprompted","","log.md Ch18"
"skimmer#169","skimmer","1","haiku","Ch18","Cookbook margin notes","strength","+","RUTH LIED ABOUT THE LARD. SHE DID NOT. YOU USED THE WRONG CUP.","strong","unprompted","9","chain_log.md Sitting 18 (c); topten.md 9"
"skimmer#170","skimmer","1","haiku","Ch18","""House-trained by consequences"" line","strength","+","I am trying very hard to have been house-trained by consequences.","mild","unprompted","","chain_log.md Sitting 18 (c)"
"prose#059","prose","1","sonnet","Ch18","Geese run builds into a good joke","strength","+","They have learned commerce.","strong","unprompted","","log.md Ch18"
"prose#061","prose","1","sonnet","Ch18","Quiet callback closers work","strength","+","Shade would have liked it.","mild","unprompted","","log.md Ch18"
"prose#062","prose","1","sonnet","Ch18","Apartment joke with a turn","strength","+","The apartment didn't answer. It had gotten better about that.","mild","unprompted","","log.md Ch18"
"hostile#096","hostile","1","haiku","Ch18","Merritt cookbook marginalia","strength","+","RUTH LIED ABOUT THE LARD.","strong","unprompted","","log.md Ch18"
"hostile#097","hostile","1","haiku","Ch18","Choice handed back to Pathwell","strength","+","Do you want to come?","strong","unprompted","","log.md Ch18"
"hostile#098","hostile","1","haiku","Ch18","Pathwell closes the book; no speech","strength","+","No speech followed.","mild","unprompted","","log.md Ch18"
"target-1#110","target","1","sonnet","Ch1;Ch18","Ending bookends Chapter 1's 'Are you ready?'","structure","+","Are you ready?","mild","unprompted","","log.md Ch18"
"prose#037","prose","1","sonnet","Ch1;Ch18","Ch1 and Ch18 end on the same three lines as a bookend","structure","+","Are you ready? / No. / Perfect.","mild","unprompted","","log.md Ch18"
"target-1#045","target","1","sonnet","Ch8","Book gives Shade's origin openly and moves to what to do about it","structure","+","Same ingredients. Different recipe,","mild","unprompted","","log.md Ch8"
"target-1#080","target","1","sonnet","Ch13","Cliffhanger seam of light between trees","structure","+","Elizabeth heard the distant scrape of a shoe on museum wood","mild","unprompted","","log.md Ch13"
"reluctant#017","reluctant","1","haiku","Ch1-3","First three chapters are lore and capitalised nouns before human stakes appear in Ch4","structure","-","","snag","unprompted","","lens_output.md (c) Summary"
"reluctant#059","reluctant","1","haiku","Ch1-3;Ch12","Nana's death only a passing mention in the diary list, no scene","structure","-","Nana's funeral.","snag","unprompted","2","log.md Ch12"
"skimmer#171","skimmer","1","haiku","Ch1-18","Book unsure which question it cares about (who decides about others' things; whether the wrongdoer can be trusted)","structure","-","","quibble","unprompted","","core.md Q1"
"target-1#118","target","1","sonnet","Ch3;Ch4;Ch11;Ch13","World is a string of rooms joined by convenient doors","structure","-","","snag","unprompted","","lens_output.md (c)"
"auditor#035","auditor","1","sonnet","Ch3;Ch4","exit from the Space Between not shown","structure","-","","quibble","unprompted","","log.md Addenda 3 -> 4"
"target-1#069","target","1","sonnet","Ch4;Ch12","Diary donation repeats the cookbook donation scene","structure","-","Store? / Loan?","snag","unprompted","1","log.md Ch12"
"target-2#073","target","2","sonnet","Ch4;Ch12","diary donation repeats the cookbook donation","structure","-","suspended after the diary left it. Empty","snag","unprompted","4","log.md [Fresh read] Ch12"
"prose#008","prose","1","sonnet","Ch4;Ch12","Ch12 diary donation replays Ch4 cookbook donation beat for beat","structure","-","Family name?","snag","unprompted","4","log.md Ch12 hand held out"
"prose#036","prose","1","sonnet","Ch4;Ch12;Ch15","Section ends are short flat declaratives, predictable by Ch12","structure","-","Elizabeth drank.","snag","unprompted","","log.md Ch4 scene-ending shapes"
"hostile#021","hostile","1","haiku","Ch4;Ch5","Folklore catalogue used as costume; names change no one's behaviour","structure","-","Did I say runemasters?","snag","unprompted","6","log.md Ch4"
"hostile#062","hostile","1","haiku","Ch4;Ch12","Giving up a second precious object to a second archive repeats the cookbook beat","structure","-","","quibble","unprompted","","log.md Ch12 craft notes"
"auditor#002","auditor","1","sonnet","Ch6;Ch7;Ch8;Ch9;Ch10","Shade/prune answer given by confession, no clues to detect","structure","-","I pruned ahead","snag","unprompted","2","core.md Q3 (worst moment)"
"rules#031","rules","1","haiku","Ch7;Ch8","the brothers keep withholding explanations; Elizabeth becomes the driver","structure","-","somehow every time we get to the part where somebody explains what the hell is happening, I become the driver.","quibble","unprompted","","log.md F7.5, F8.4"
"target-1#044","target","1","sonnet","Ch8","Shade's identity guessable on arrival","structure","-","","quibble","unprompted","","log.md Ch8"
"prose#072","prose","1","sonnet","Ch9;Ch15","Wanted more of Shade; he dies to a joke","structure","-","Corrupt institution.","quibble","unprompted","","core.md 5"
"auditor#070","auditor","1","sonnet","Ch10","scene break puts Elizabeth and van on same road with no timeline","structure","-","","quibble","unprompted","","log.md Ch10 S4"
"character#021","character","1","sonnet","Ch12","Shade as furniture by the wagon door with no stated want","structure","-","Shade remained by the wagon door, in a spot where he wasn't blocking anything.","snag","prompted","","log.md Ch12"
"target-1#085","target","1","sonnet","Ch14","Milo trapped in archive is stock child-in-peril","structure","-","","quibble","unprompted","","log.md Ch14"
"target-2#088","target","2","sonnet","Ch14","child trapped in a burning building","structure","-","","quibble","unprompted","","log.md [Fresh read] Ch14"
"character#041","character","1","sonnet","Ch14","Fire is the chapter's focus; Shade bystander in last third","structure","-","","quibble","prompted","","log.md Ch14"
"character#046","character","1","sonnet","Ch14;Ch15","Shade's death cleans up draw, spill and blobs, plot cleanup","structure","-","","snag","prompted","2","log.md Ch15"
"hostile#076","hostile","1","haiku","Ch14","Milo trapped in the burning archive is a cheap raise","structure","-","","quibble","unprompted","","log.md Ch14"
"target-2#105","target","2","sonnet","Ch17","day-count montage","structure","-","On the twelfth day","snag","unprompted","7","log.md [Fresh read] Ch17"
"skimmer#168","skimmer","1","haiku","Ch18","Chapter front-loaded with banter, payoff late","structure","-","","quibble","unprompted","","chain_log.md Sitting 18 (c)"
"prose#063","prose","1","sonnet","Ch18","Chapter 18 is mostly callbacks","structure","-","","quibble","unprompted","","log.md Ch18"
"target-1#001","target","1","sonnet","Ch1","Cold open: stranger reading her diary, cake line","tone","+","The cake, somehow, was fine.","mild","unprompted","","log.md Ch1"
"target-1#009","target","1","sonnet","Ch2;Ch3","Early banter (Tuesday/Thursday, one-name, paper or plastic)","tone","+","Just a really weird Tuesday for you.","mild","unprompted","","log.md Ch2"
"target-2#032","target","2","sonnet","Ch5","second-person aside about the town","tone","+","You would be forgiven for not stopping in the town","mild","unprompted","","log.md [Fresh read] Ch5"
"target-1#033","target","1","sonnet","Ch6","Brothers' fish argument and bar banter","tone","+","What, then, is family for? / Usually this argument.","mild","unprompted","","log.md Ch6"
"target-1#055","target","1","sonnet","Ch10","Peas and axle banter","tone","+","Peas. / Is that a diagnosis?","mild","unprompted","","log.md Ch10"
"target-1#061","target","1","sonnet","Ch11","Museum banter","tone","+","He donated the climate-control system after arguing with the board for eleven years.","mild","unprompted","","log.md Ch11"
"target-1#072","target","1","sonnet","Ch12","Donor permission card joke","tone","+","DONOR PERMISSION REQUIRED. PATHWELL IS NOT DONOR.","mild","unprompted","","log.md Ch12"
"target-1#076","target","1","sonnet","Ch13","Milo's foot-purple banter","tone","+","Your foot is purple.","mild","unprompted","","log.md Ch13"
"target-1#083","target","1","sonnet","Ch14","Standing-beautifully banter","tone","+","That's a nautical term.","mild","unprompted","","log.md Ch14"
"target-1#099","target","1","sonnet","Ch16","Healing banter","tone","+","Shelves are famous for respecting medical instructions.","mild","unprompted","","log.md Ch16"
"target-1#106","target","1","sonnet","Ch17","Unreasonable government joke","tone","+","I have been placed under unreasonable government.","mild","unprompted","","log.md Ch17"
"target-1#107","target","1","sonnet","Ch18","Phone call restraint comedy","tone","+","I am trying very hard to have been house-trained by consequences.","mild","unprompted","","log.md Ch18"
"target-1#005","target","1","sonnet","Ch1;Ch2","Pathwell as know-it-all quirky guide","tone","-","Yes, I did mention the marked thing, didn't I?","quibble","unprompted","","log.md Ch1"
"prose#010","prose","1","sonnet","Ch1","Ch1 action prose has comma splices and fragments","tone","-","The door began to crack and splinter, an ooze searched through the gaps.","snag","unprompted","5","log.md Ch1 stray comma splice"
"hostile#004","hostile","1","haiku","Ch1","Cookbook's sentimental pull delivered by flashback; 'Because it was hers'","tone","-","Because it was hers.","quibble","unprompted","","log.md Ch1"
"target-1#011","target","1","sonnet","Ch2","Ending hook about Pathwell still having the diary","tone","-","He still has it","quibble","unprompted","","log.md Ch2"
"hostile#007","hostile","1","haiku","Ch2","'Tuesday' / 'It's Thursday.' gag","tone","-","It's Thursday.","quibble","unprompted","","log.md Ch2"
"hostile#009","hostile","1","haiku","Ch2","Dumpling comedy runs while her panic is in the next paragraph; grief solved by a dumpling","tone","-","I don't share","quibble","unprompted","","log.md Ch2"
"target-2#016","target","2","sonnet","Ch3","Pathwell burning scene wording","tone","-","Pathwell screamed in a million voices, voices lost to time, burning out to become memories never made.","quibble","unprompted","","log.md [Fresh read] Ch3"
"hostile#015","hostile","1","haiku","Ch3;Ch10;Ch11;Ch12;Ch16","Grief and consequence followed by a joke or quip; the book does not let loss sit","tone","-","The mailbox declined responsibility.","snag","unprompted","1","log.md Ch3"
"hostile#016","hostile","1","haiku","Ch3","Whimsy stacked in every paragraph keeps the bookshop from being frightening","tone","-","We pay him in mice","snag","unprompted","","log.md Ch3"
"skimmer#038","skimmer","1","haiku","Ch4","Narrator explains the meaning of the handover moment","tone","-","That was the choice.","snag","unprompted","","chain_log.md Sitting 4 (c)"
"prose#023","prose","1","sonnet","Ch4","Fall-in-the-woods paragraph reaches for a metaphor and misses","tone","-","The taste of dirt kissed her lips.","snag","unprompted","","lens_output.md (c) worst 1"
"hostile#022","hostile","1","haiku","Ch4","Stock wise elder and archivist with engineered quotability; children handled","tone","-","Specificity is expensive.","quibble","unprompted","","log.md Ch4"
"hostile#027","hostile","1","haiku","Ch5","School sequence is a sitcom template; foam swords and adult cast playing at children","tone","-","Honey, you just wandered off","snag","unprompted","","log.md Ch5; core.md Q3"
"target-1#035","target","1","sonnet","Ch6","Elizabeth's mom 'red sky at night' line is generic","tone","-","","quibble","unprompted","","log.md Ch6"
"target-2#043","target","2","sonnet","Ch6","""Not now. Not here. Not necessarily not her."" sentence","tone","-","Not now. Not here. Not necessarily not her.","quibble","unprompted","","log.md [Fresh read] Ch6"
"skimmer#071","skimmer","1","haiku","Ch7","Narrator explains a look the reader already got","tone","-","A day ago Elizabeth might have missed it: a conversation happening before anyone spoke.","snag","unprompted","2","chain_log.md Sitting 7 (c); topten.md 2"
"auditor#027","auditor","1","sonnet","Ch8","Elizabeth deliberately drives off the road, others shrug it off","tone","-","","stopper","unprompted","","core.md Q4"
"character#004","character","1","sonnet","Ch8","Elizabeth's line comparing Shade and Pathwell","tone","-","Same ingredients. Different recipe.","quibble","unprompted","","log.md Ch8"
"character#009","character","1","sonnet","Ch9","Pathwell backstory handed over as tidy exposition","tone","-","A problem he had decided belonged to him","quibble","prompted","","log.md Ch9"
"target-1#057","target","1","sonnet","Ch10","Elizabeth states the theme aloud","tone","-","And paying for it yourself made you feel like the method was yours to choose.","quibble","unprompted","","log.md Ch10"
"target-1#066","target","1","sonnet","Ch11","Civil War brothers statues a wink too many","tone","-","two brothers split by land and by ideology","quibble","unprompted","","log.md Ch11"
"target-2#070","target","2","sonnet","Ch11","return to jokes right after the broken shoulder","tone","-","You have lost museum privileges for the morning.","quibble","unprompted","","log.md [Fresh read] Ch11"
"skimmer#101","skimmer","1","haiku","Ch11","Narrator compares the wall to the unexplained Space Between","tone","-","It wasn't like the Space Between. Nothing pressed itself into her mind. The wall simply had weight.","snag","unprompted","2","chain_log.md Sitting 11 (c); topten.md 2"
"skimmer#102","skimmer","1","haiku","Ch11","Narrator explains the homesickness fragments","tone","-","They weren't memories. They were pieces flung loose without anyone shaping them.","quibble","unprompted","","chain_log.md Sitting 11 (c)"
"hostile#055","hostile","1","haiku","Ch11","Museum lot banter right after a confession; cannon-in-gift-shop gag; pleased aphorisms","tone","-","Museums are arguments conducted very slowly.","quibble","unprompted","","log.md Ch11"
"hostile#056","hostile","1","haiku","Ch11","'Elizabeth started crying and had no idea why' tells rather than shows","tone","-","Elizabeth started crying and had no idea why","quibble","unprompted","","log.md Ch11"
"target-1#070","target","1","sonnet","Ch12","Narrator tells us she is growing","tone","-","The book belonged here now, and it no longer felt like a disappearance.","quibble","unprompted","","log.md Ch12"
"character#024","character","1","sonnet","Ch12","Narrator explaining Shade's withheld Pathwell knowledge","tone","-","Whatever pieces of old Pathwell knowledge he carried, he kept them out of a treatment nobody had asked him to direct","quibble","prompted","","log.md Ch12"
"prose#012","prose","1","sonnet","Ch12;Ch15;Ch18","Narration explains what the scene already showed","tone","-","She didn't regret the order.","snag","unprompted","6","log.md Ch12 aphorism closers"
"prose#071","prose","1","sonnet","Ch12;Ch15;Ch18","Everyone is wise, dry and kind; no one is wrong at a cost","tone","-","","snag","unprompted","","core.md 5"
"reluctant#071","reluctant","1","haiku","Ch14","Overwrought climax prose","tone","-","Neither was language, and Elizabeth understood them anyway","quibble","unprompted","","log.md Ch14"
"prose#046","prose","1","sonnet","Ch15","'blob' is a flat word for what kills Shade","tone","-","The blob had ignored all of it.","quibble","unprompted","","log.md Ch15 Dead-pet-name for the blob"
"prose#047","prose","1","sonnet","Ch15","Narrator glosses character in a sentence","tone","-","The answer was so Stansbury she almost objected on principle.","quibble","unprompted","","log.md Ch15"
"hostile#083","hostile","1","haiku","Ch15","Narrator steps in to tell the reader how to feel","tone","-","Shade had never been particularly interested in deserving scenes.","quibble","unprompted","","log.md Ch15"
"target-1#094","target","1","sonnet","Ch16","Restitution tribunal with Mama Baga","tone","-","Defined by whom?","snag","unprompted","2","log.md Ch16"
"target-1#095","target","1","sonnet","Ch16","Mama Baga's 'Person' line after the ledger","tone","-","Person is the word I have for that.","quibble","unprompted","2","log.md Ch16"
"target-1#096","target","1","sonnet","Ch16","Narrator's moral gloss on the burn","tone","-","Both things were true.","quibble","unprompted","2","log.md Ch16"
"target-1#098","target","1","sonnet","Ch16","Elizabeth's second speech after that line","tone","-","I am not going to make your guilt useful.","quibble","unprompted","","log.md Ch16"
"target-2#102","target","2","sonnet","Ch16","Elizabeth's crying list","tone","-","For the fact that choosing Milo had been right and had still cost her things she wanted back.","snag","unprompted","3","log.md [Fresh read] Ch16"
"target-2#103","target","2","sonnet","Ch16","closing line about Pathwell not deciding","tone","-","for once Pathwell would not be the person deciding","quibble","unprompted","","log.md [Fresh read] Ch16"
"target-1#105","target","1","sonnet","Ch17","Ending tallies losses and restates what the walk showed","tone","-","Shade was still dead. The diary was still ash. Nana's cookbook was still ash.","quibble","unprompted","","log.md Ch17"
"target-2#106","target","2","sonnet","Ch17","""No debt vanished"" summary paragraph","tone","-","No debt vanished.","quibble","unprompted","7","log.md [Fresh read] Ch17"
"target-2#107","target","2","sonnet","Ch17","""She called it evidence"" line","tone","-","Elizabeth didn't call that redemption. She called it evidence.","quibble","unprompted","3","log.md [Fresh read] Ch17"
"skimmer#157","skimmer","1","haiku","Ch17","Narrator explains adventure and the diner","tone","-","Adventure had been difficult to separate from being dragged somewhere.","snag","unprompted","","chain_log.md Sitting 17 (c)"
"hostile#092","hostile","1","haiku","Ch17","Aftermath as sitcom montage and greeting-card close; recap paragraph","tone","-","Because she wanted to go.","snag","unprompted","10","log.md Ch17; topten.md 10"
"target-1#113","target","1","sonnet","Ch18","Section endings say what was just shown","tone","-","","quibble","unprompted","","log.md Ch18"
"skimmer#167","skimmer","1","haiku","Ch18","Post-cookbook aside blunts the emotional beat","tone","-","Possibly stew.","snag","unprompted","","chain_log.md Sitting 18 (c)"
"prose#024","prose","1","sonnet","Ch18","Shopkeeper sentence overloaded with a six-item list that depends on other chapters","tone","-","their complete absence of blood, monsters, stolen property, handcarts, collapsed practitioners, or visibly urgent Camp orders","snag","unprompted","","lens_output.md (c) worst 3"
"prose#064","prose","1","sonnet","Ch18","Stock or quote-page lines","tone","-","I contain multitudes,"" Elizabeth said.","quibble","unprompted","","log.md Ch18 weaker bit"
"hostile#095","hostile","1","haiku","Ch18","Five-routes comedy and quips undercut the earned grief","tone","-","Important distinction.","quibble","unprompted","","log.md Ch18"
"target-1#034","target","1","sonnet","Ch1;Ch6","Second wet thud reuses Chapter 1's exact words","voice/repetition","-","Wet. Heavy.","quibble","unprompted","","log.md Ch6"
"target-2#037","target","2","sonnet","Ch1;Ch4;Ch5;Ch6;Ch8;Ch11;Ch14","""Pathwell went still"" repeated","voice/repetition","-","Stansbury followed his eyes. ""Again?""","snag","unprompted","9","log.md [Fresh read] Ch5"
"skimmer#005","skimmer","1","haiku","Ch1","Repeated reassurance tags in the exit dialogue","voice/repetition","-","Reasonable, even.","quibble","unprompted","","chain_log.md Sitting 1 (c)"
"auditor#019","auditor","1","sonnet","Ch1;Ch8","Ch1 opening line reused mid-crash in Ch8","voice/repetition","-","It was the crash that woke her.","snag","unprompted","9","log.md Ch8 S1"
"prose#031","prose","1","sonnet","Ch1;Ch9;Ch12;Ch15;Ch18","'Good.' as a filler one-word reply","voice/repetition","-","Good.","quibble","unprompted","","lens_output.md (a)3"
"prose#038","prose","1","sonnet","Ch1;Ch18","'Perfect.' used three times across the bookend chapters","voice/repetition","-","Perfect.","quibble","unprompted","","log.md Ch1"
"prose#073","prose","1","sonnet","Ch1","Man restates urgency and deflects the same way repeatedly","voice/repetition","-","We should probably be anywhere but here.","quibble","unprompted","","log.md Ch1"
"prose#077","prose","1","sonnet","Ch1","Wet thud beat repeated three times","voice/repetition","-","A wet thud hit from down the hall.","quibble","unprompted","","log.md Ch1"
"prose#078","prose","1","sonnet","Ch1","Participle-opener sentences four times","voice/repetition","-","Lunging again, the blob knocked the man","quibble","unprompted","","log.md Ch1"
"hostile#003","hostile","1","haiku","Ch1;Ch18","'Ready?' / 'No.' / 'Perfect.' button and its bookend in the last chapter","voice/repetition","-","Perfect.","snag","unprompted","","log.md Ch1"
"hostile#005","hostile","1","haiku","Ch1","Tense slips and fragments used as stage directions","voice/repetition","-","","quibble","unprompted","","log.md Ch1 craft notes"
"hostile#044","hostile","1","haiku","Ch1;Ch8","Chapter 8 opens by repeating Chapter 1's first line","voice/repetition","-","It was the crash that woke her","quibble","unprompted","","log.md Ch8"
"skimmer#013","skimmer","1","haiku","Ch2","""Three weeks"" repeated","voice/repetition","-","Three weeks. Twenty-one days of unpacked boxes and takeout","quibble","unprompted","","chain_log.md Sitting 2 (c)"
"skimmer#017","skimmer","1","haiku","Ch2","Repeated beat: cheerful Pathwell, upset Elizabeth, mock-wise remark","voice/repetition","-","","snag","unprompted","","chain_log.md Sitting 2 (d)"
"hostile#008","hostile","1","haiku","Ch2;Ch8","Pathwell refuses a last name; quip doing the work of character, echoed by Shade in Ch8","voice/repetition","-","Don't need one. Saves everybody time.","quibble","unprompted","","log.md Ch2"
"hostile#010","hostile","1","haiku","Ch2;Ch9","Memory trigger repeats: a smell, voice or song brings a childhood memory in every quiet passage","voice/repetition","-","She heard her again. Lizzy.","quibble","unprompted","","log.md Ch2"
"hostile#012","hostile","1","haiku","Ch2","Pathwell's dialogue is lines not a person; nothing costs him","voice/repetition","-","","quibble","unprompted","","log.md Ch2 craft notes"
"target-1#022","target","1","sonnet","Ch4;Ch15","'That was the choice' line used twice","voice/repetition","-","That was the choice. / Everything afterward was consequence.","quibble","unprompted","1","log.md Ch4"
"target-1#079","target","1","sonnet","Ch4;Ch13","Milo's falling sock gag overused","voice/repetition","-","","quibble","unprompted","","log.md Ch13"
"target-2#022","target","2","sonnet","Ch4;Ch15","""That was the choice"" line, repeated in ch15 and echoed in ch18","voice/repetition","-","That was the choice. Everything afterward was consequence.","snag","unprompted","3","log.md [Fresh read] Ch4"
"rules#010","rules","1","haiku","Ch4;Ch10;Ch11;Ch17;Ch18","copy-keeps-the-words-not-the-thing rule restated five times","voice/repetition","-","The copy keeps the words.","quibble","unprompted","10","lens_output.md (b) what I'd cut first"
"prose#001","prose","1","sonnet","Ch4;Ch9;Ch12;Ch15;Ch18","Characters all speak in the same dry no-contraction register","voice/repetition","-","It is also extremely common.","snag","unprompted","1","lens_output.md (b) Where characters sound alike"
"prose#002","prose","1","sonnet","Ch4;Ch9;Ch12;Ch15;Ch18","Deadpan two-beat exchange used by every character, 30+ times","voice/repetition","-","That's an extremely low bar. / Still a bar.","snag","unprompted","1","log.md Ch4 joke shape A"
"prose#003","prose","1","sonnet","Ch4;Ch9;Ch12;Ch15;Ch18","'looked at' as the reaction beat, about 112 uses","voice/repetition","-","Shade looked at her in the mirror.","snag","unprompted","2","log.md Ch4 'looked her over properly'"
"prose#004","prose","1","sonnet","Ch4;Ch9;Ch12;Ch15;Ch18","'[Name] waited.' as its own paragraph","voice/repetition","-","Mama Baga waited. Shade waited.","quibble","unprompted","2","log.md Ch4 / Ch12 'waited' beat"
"prose#005","prose","1","sonnet","Ch4;Ch12;Ch15","Sock gag repeated, including verbatim sentence","voice/repetition","-","One sock had surrendered halfway down his calf.","snag","unprompted","3","log.md Ch12 sock callback"
"prose#006","prose","1","sonnet","Ch4;Ch12","Mama Baga's mouth moved at one corner, identical both times","voice/repetition","-","Mama Baga's mouth moved at one corner.","quibble","unprompted","3","log.md Ch12"
"prose#009","prose","1","sonnet","Ch4;Ch15","'That was the choice.' used twice, then restated","voice/repetition","-","That was the choice. Everything else burned afterward.","quibble","unprompted","4","log.md Ch15 THE line"
"prose#013","prose","1","sonnet","Ch4;Ch12;Ch15","'Not X. Y.' fragment pairs overused (four in Ch4)","voice/repetition","-","Not hidden. Not displayed. Available.","snag","unprompted","7","log.md Ch4 'Not X. Y.'"
"prose#027","prose","1","sonnet","Ch4;Ch9;Ch12;Ch15","'I know.' as a standalone reply, about 13 times","voice/repetition","-","I know.","quibble","unprompted","","log.md Ch15 THE line / I know ladder"
"prose#034","prose","1","sonnet","Ch4;Ch9;Ch12;Ch18","'Of course' as a repeated aside","voice/repetition","-","Chicken and dumplings. Of course.","quibble","unprompted","","log.md Ch18"
"prose#035","prose","1","sonnet","Ch4;Ch12;Ch15","'disappeared' used 11 times as a flat verb","voice/repetition","-","The low-tide smell disappeared into the trees.","quibble","unprompted","","lens_output.md (d)6"
"prose#043","prose","1","sonnet","Ch4","'as if / as though' crowded in Ch4","voice/repetition","-","as though he were twelve and badly assembled","quibble","unprompted","","log.md Ch9 as if / as though"
"prose#066","prose","1","sonnet","Ch4;Ch12","Boy delivers a line then disappears, repeated exit","voice/repetition","-","The boy nodded solemnly and disappeared.","quibble","unprompted","","log.md Ch4"
"prose#067","prose","1","sonnet","Ch4","'nodded' 22 times, 11 in Ch4","voice/repetition","-","","quibble","unprompted","","lens_output.md (a)1"
"prose#068","prose","1","sonnet","Ch4","Near-miss constructions 'nearly / almost'","voice/repetition","-","Elizabeth almost said sugar cookies","quibble","unprompted","","log.md Ch4"
"prose#069","prose","1","sonnet","Ch4;Ch9","Bad drink that comforts joke used twice","voice/repetition","-","It was terrible.","quibble","unprompted","","log.md Ch9"
"hostile#060","hostile","1","haiku","Ch4;Ch6;Ch12;Ch13;Ch15","One-sock boy's sock as a running gag","voice/repetition","-","","quibble","unprompted","","log.md Ch12 and Ch13"
"hostile#082","hostile","1","haiku","Ch4;Ch15","'That was the choice' refrain repeats Ch4 line","voice/repetition","-","That was the choice. / Everything else burned afterward.","quibble","unprompted","","log.md Ch15"
"target-1#029","target","1","sonnet","Ch5","Stray second-person aside in close-third narration","voice/repetition","-","You would be forgiven for not stopping in the town as you drove through","quibble","unprompted","","log.md Ch5"
"reluctant#032","reluctant","1","haiku","Ch5","Sudden second-person narrator voice in town paragraph","voice/repetition","-","You would be forgiven for not stopping in the town as you drove through","quibble","unprompted","5","log.md Ch5"
"skimmer#052","skimmer","1","haiku","Ch5;Ch9;Ch10","Characters answering ""I don't know"" again and again","voice/repetition","-","I don't know yet.","snag","unprompted","","chain_log.md Sitting 9 (c)"
"hostile#028","hostile","1","haiku","Ch5;Ch6;Ch8;Ch10;Ch11;Ch13;Ch18","Sibling banter engine and running gags (noodle, fish, peas, mounted fish, sock-style buttons)","voice/repetition","-","Shotgun!","snag","unprompted","5","log.md Ch5"
"hostile#029","hostile","1","haiku","Ch5","Narrator aside breaks close third person","voice/repetition","-","You would be forgiven for not stopping in the town","quibble","unprompted","","log.md Ch5"
"hostile#040","hostile","1","haiku","Ch6;Ch7;Ch8;Ch10","'Not here' / 'In the car' withholding reads as a device","voice/repetition","-","Not here.","snag","unprompted","4","log.md Ch7"
"target-1#040","target","1","sonnet","Ch7;Ch11;Ch13","'Not X. Y.' fragments overused","voice/repetition","-","Not cruel. Worse. Useful.","quibble","unprompted","7","log.md Ch7"
"target-1#114","target","1","sonnet","Ch7;Ch11;Ch13;Ch17;Ch18","Catchphrases shared across characters so voices blur","voice/repetition","-","Important distinction","snag","unprompted","7","log.md Ch18"
"reluctant#044","reluctant","1","haiku","Ch8","Ch8 opens with Ch1's first line, unclear if echo or slip","voice/repetition","-","It was the crash that woke her.","quibble","unprompted","8","log.md Ch8"
"skimmer#083","skimmer","1","haiku","Ch9","Shade's right hand mentioned five times","voice/repetition","-","His right hand opened on the table, and he closed it again","snag","unprompted","","chain_log.md Sitting 9 (c)"
"skimmer#084","skimmer","1","haiku","Ch9","Pathwell comparisons made of Shade","voice/repetition","-","Pathwell would have done that. Probably.","quibble","unprompted","","chain_log.md Sitting 9 (c)"
"skimmer#086","skimmer","1","haiku","Ch9","""Fair."" used as a tic","voice/repetition","-","Fair.","quibble","unprompted","","chain_log.md Sitting 9 (c)"
"prose#029","prose","1","sonnet","Ch9;Ch12;Ch15","'Probably.' as a one-word answer or aside","voice/repetition","-","Probably.","quibble","unprompted","","log.md Ch15 'Probably.'"
"prose#033","prose","1","sonnet","Ch9;Ch15;Ch18","'Fair.' / 'Fair enough.' / 'Accurate.' stock replies","voice/repetition","-","Fair enough.","quibble","unprompted","","log.md Ch9"
"prose#040","prose","1","sonnet","Ch9","Shade's jaw tightened and 'Shade's [body part] stopped' tags","voice/repetition","-","Shade's fork stopped.","quibble","unprompted","","log.md Ch9"
"hostile#048","hostile","1","haiku","Ch9","Diner described as a catalogue of furniture; comparison does no work","voice/repetition","-","Probably.","quibble","unprompted","","log.md Ch9"
"hostile#049","hostile","1","haiku","Ch9","'Observation. Not memory.' used three times; recap paragraph checks reader is keeping up","voice/repetition","-","Observation. Not memory.","quibble","unprompted","","log.md Ch9"
"hostile#051","hostile","1","haiku","Ch10","Running 'Lizzy' joke across chapters","voice/repetition","-","Elizabeth,","quibble","unprompted","","log.md Ch10"
"target-1#065","target","1","sonnet","Ch11","POV slip into Pathwell's side of the room","voice/repetition","-","For half a second, from Pathwell's side of the room, it was simple and ugly","quibble","unprompted","","log.md Ch11"
"character#025","character","1","sonnet","Ch12;Ch13","Camp characters share one dry-comeback register","voice/repetition","-","History has casualties","quibble","unprompted","9","log.md Ch12"
"character#026","character","1","sonnet","Ch12;Ch13","Shade's jokes drift into Camp register","voice/repetition","-","No one suspects him.","quibble","prompted","","log.md Ch12"
"character#027","character","1","sonnet","Ch12;Ch13","Two wise child sees-through-everyone gags (turnip boy, Milo)","voice/repetition","-","","quibble","unprompted","","log.md Ch13"
"prose#007","prose","1","sonnet","Ch12;Ch18","'Important distinction.' repeated word for word","voice/repetition","-","Important distinction.","quibble","unprompted","3","log.md Ch18"
"target-1#078","target","1","sonnet","Ch13","Space Between coffee joke reused","voice/repetition","-","That's terrible.","quibble","unprompted","","log.md Ch13"
"reluctant#066","reluctant","1","haiku","Ch13;Ch15","'Waited' and 'Shade waited / Pathwell tried again' used as repeated beats","voice/repetition","-","Waited.","quibble","unprompted","","log.md Ch13"
"skimmer#120","skimmer","1","haiku","Ch13","Coffee paragraph ""He knew"" run","voice/repetition","-","He knew how fine the beans should be.","quibble","unprompted","","chain_log.md Sitting 13 (c)"
"target-2#089","target","2","sonnet","Ch14","Mama Baga's repeated ""Stop""","voice/repetition","-","","quibble","unprompted","","log.md [Fresh read] Ch14"
"character#034","character","1","sonnet","Ch14","Shade's long explanation speech of the rejoining working","voice/repetition","-","You are going to use the existing connection as the return line.","snag","prompted","3","log.md Ch14"
"character#040","character","1","sonnet","Ch14","Technical vocabulary makes Shade sound like Pathwell","voice/repetition","-","Two anchors. One return.","quibble","prompted","","log.md Ch14"
"prose#045","prose","1","sonnet","Ch15","Same 'emotional weather ... breaking loose' sentence twice","voice/repetition","-","The emotional fallout kept breaking loose in fragments","quibble","unprompted","","log.md Ch15"
"skimmer#148","skimmer","1","haiku","Ch16","Tags ""Elizabeth looked at..."" between lines","voice/repetition","-","","quibble","unprompted","","chain_log.md Sitting 16 (d)"
"hostile#086","hostile","1","haiku","Ch16","Camp's wise characters have a zinger for everything; epigram-machine","voice/repetition","-","Don't become decorative.","snag","unprompted","","log.md Ch16"
"skimmer#153","skimmer","1","haiku","Ch17","Pathwell proposes, archivist refuses, Pathwell complies (rack, cabinets, board, wagon)","voice/repetition","-","That is objectively worse","snag","unprompted","7","chain_log.md Sitting 17 (c); topten.md 7"
"prose#025","prose","1","sonnet","Ch18","Catalogue of absences told three times","voice/repetition","-","no debt, no Camp order, no blob, no one waiting at the other end","snag","unprompted","","log.md Ch18 narrator's list of absent things"
"prose#044","prose","1","sonnet","Ch18","Elizabeth smiles despite herself, four times in Ch18","voice/repetition","-","Elizabeth smiled despite herself.","quibble","unprompted","","log.md Ch18"
